target,bucket_us,n_fresh,n,p_fresh,ci_low,ci_high,adequate
direct-27017,0.0,888,888,1.0,0.9956925086248501,1.0,True
direct-27017,500.0,886,886,1.0,0.9956828271458652,1.0,True
direct-27017,1000.0,882,882,1.0,0.9956633330383221,1.0,True
direct-27017,1500.0,879,879,1.0,0.9956485965319258,0.9999999999999999,True
direct-27017,2000.0,878,878,1.0,0.9956436620817164,1.0,True
direct-27017,2500.0,878,878,1.0,0.9956436620817164,1.0,True
direct-27017,3000.0,878,878,1.0,0.9956436620817164,1.0,True
direct-27017,3500.0,878,878,1.0,0.9956436620817164,1.0,True
direct-27017,4000.0,877,877,1.0,0.995638716427562,1.0,True
direct-27017,4500.0,877,877,1.0,0.995638716427562,1.0,True
direct-27017,5000.0,877,877,1.0,0.995638716427562,1.0,True
direct-27017,5500.0,877,877,1.0,0.995638716427562,1.0,True
direct-27017,6000.0,877,877,1.0,0.995638716427562,1.0,True
direct-27017,6500.0,877,877,1.0,0.995638716427562,1.0,True
direct-27017,7000.0,877,877,1.0,0.995638716427562,1.0,True
direct-27017,7500.0,877,877,1.0,0.995638716427562,1.0,True
direct-27017,8000.0,877,877,1.0,0.995638716427562,1.0,True
direct-27017,8500.0,877,877,1.0,0.995638716427562,1.0,True
direct-27017,9000.0,877,877,1.0,0.995638716427562,1.0,True
direct-27017,9500.0,877,877,1.0,0.995638716427562,1.0,True
direct-27017,10000.0,877,877,1.0,0.995638716427562,1.0,True
direct-27017,10500.0,876,876,1.0,0.995633759531261,1.0,True
direct-27017,11000.0,876,876,1.0,0.995633759531261,1.0,True
direct-27017,11500.0,876,876,1.0,0.995633759531261,1.0,True
direct-27017,12000.0,876,876,1.0,0.995633759531261,1.0,True
direct-27017,12500.0,879,879,1.0,0.9956485965319258,0.9999999999999999,True
direct-27017,13000.0,880,880,1.0,0.9956535198162204,1.0,True
direct-27017,13500.0,880,880,1.0,0.9956535198162204,1.0,True
direct-27017,14000.0,881,881,1.0,0.9956584319724571,1.0,True
direct-27017,14500.0,880,880,1.0,0.9956535198162204,1.0,True
direct-27017,15000.0,879,879,1.0,0.9956485965319258,0.9999999999999999,True
direct-27017,15500.0,877,877,1.0,0.995638716427562,1.0,True
direct-27017,16000.0,877,877,1.0,0.995638716427562,1.0,True
direct-27017,16500.0,877,877,1.0,0.995638716427562,1.0,True
direct-27017,17000.0,877,877,1.0,0.995638716427562,1.0,True
direct-27017,17500.0,877,877,1.0,0.995638716427562,1.0,True
direct-27017,18000.0,877,877,1.0,0.995638716427562,1.0,True
direct-27017,18500.0,877,877,1.0,0.995638716427562,1.0,True
direct-27017,19000.0,877,877,1.0,0.995638716427562,1.0,True
direct-27017,19500.0,877,877,1.0,0.995638716427562,1.0,True
direct-27017,20000.0,877,877,1.0,0.995638716427562,1.0,True
direct-27017,20500.0,877,877,1.0,0.995638716427562,1.0,True
direct-27017,21000.0,877,877,1.0,0.995638716427562,1.0,True
direct-27017,21500.0,877,877,1.0,0.995638716427562,1.0,True
direct-27017,22000.0,877,877,1.0,0.995638716427562,1.0,True
direct-27017,22500.0,877,877,1.0,0.995638716427562,1.0,True
direct-27017,23000.0,877,877,1.0,0.995638716427562,1.0,True
direct-27017,23500.0,877,877,1.0,0.995638716427562,1.0,True
direct-27017,24000.0,877,877,1.0,0.995638716427562,1.0,True
direct-27017,24500.0,877,877,1.0,0.995638716427562,1.0,True
direct-27017,25000.0,877,877,1.0,0.995638716427562,1.0,True
direct-27017,25500.0,877,877,1.0,0.995638716427562,1.0,True
direct-27017,26000.0,877,877,1.0,0.995638716427562,1.0,True
direct-27017,26500.0,877,877,1.0,0.995638716427562,1.0,True
direct-27017,27000.0,877,877,1.0,0.995638716427562,1.0,True
direct-27017,27500.0,877,877,1.0,0.995638716427562,1.0,True
direct-27017,28000.0,877,877,1.0,0.995638716427562,1.0,True
direct-27017,28500.0,877,877,1.0,0.995638716427562,1.0,True
direct-27017,29000.0,877,877,1.0,0.995638716427562,1.0,True
direct-27017,29500.0,877,877,1.0,0.995638716427562,1.0,True
direct-27017,30000.0,877,877,1.0,0.995638716427562,1.0,True
direct-27017,30500.0,877,877,1.0,0.995638716427562,1.0,True
direct-27017,31000.0,877,877,1.0,0.995638716427562,1.0,True
direct-27017,31500.0,877,877,1.0,0.995638716427562,1.0,True
direct-27017,32000.0,878,878,1.0,0.9956436620817164,1.0,True
direct-27017,32500.0,881,881,1.0,0.9956584319724571,1.0,True
direct-27017,33000.0,881,881,1.0,0.9956584319724571,1.0,True
direct-27017,33500.0,881,881,1.0,0.9956584319724571,1.0,True
direct-27017,34000.0,881,881,1.0,0.9956584319724571,1.0,True
direct-27017,34500.0,880,880,1.0,0.9956535198162204,1.0,True
direct-27017,35000.0,882,882,1.0,0.9956633330383221,1.0,True
direct-27017,35500.0,882,882,1.0,0.9956633330383221,1.0,True
direct-27017,36000.0,881,881,1.0,0.9956584319724571,1.0,True
direct-27017,36500.0,881,881,1.0,0.9956584319724571,1.0,True
direct-27017,37000.0,881,881,1.0,0.9956584319724571,1.0,True
direct-27017,37500.0,882,882,1.0,0.9956633330383221,1.0,True
direct-27017,38000.0,881,881,1.0,0.9956584319724571,1.0,True
direct-27017,38500.0,880,880,1.0,0.9956535198162204,1.0,True
direct-27017,39000.0,881,881,1.0,0.9956584319724571,1.0,True
direct-27017,39500.0,878,878,1.0,0.9956436620817164,1.0,True
direct-27017,40000.0,878,878,1.0,0.9956436620817164,1.0,True
direct-27017,40500.0,878,878,1.0,0.9956436620817164,1.0,True
direct-27017,41000.0,878,878,1.0,0.9956436620817164,1.0,True
direct-27017,41500.0,878,878,1.0,0.9956436620817164,1.0,True
direct-27017,42000.0,878,878,1.0,0.9956436620817164,1.0,True
direct-27017,42500.0,878,878,1.0,0.9956436620817164,1.0,True
direct-27017,43000.0,878,878,1.0,0.9956436620817164,1.0,True
direct-27017,43500.0,878,878,1.0,0.9956436620817164,1.0,True
direct-27017,44000.0,878,878,1.0,0.9956436620817164,1.0,True
direct-27017,44500.0,878,878,1.0,0.9956436620817164,1.0,True
direct-27017,45000.0,878,878,1.0,0.9956436620817164,1.0,True
direct-27017,45500.0,878,878,1.0,0.9956436620817164,1.0,True
direct-27017,46000.0,877,877,1.0,0.995638716427562,1.0,True
direct-27017,46500.0,877,877,1.0,0.995638716427562,1.0,True
direct-27017,47000.0,877,877,1.0,0.995638716427562,1.0,True
direct-27017,47500.0,877,877,1.0,0.995638716427562,1.0,True
direct-27017,48000.0,877,877,1.0,0.995638716427562,1.0,True
direct-27017,48500.0,877,877,1.0,0.995638716427562,1.0,True
direct-27017,49000.0,877,877,1.0,0.995638716427562,1.0,True
direct-27017,49500.0,877,877,1.0,0.995638716427562,1.0,True
direct-27017,50000.0,877,877,1.0,0.995638716427562,1.0,True
direct-27017,50500.0,877,877,1.0,0.995638716427562,1.0,True
direct-27017,51000.0,877,877,1.0,0.995638716427562,1.0,True
direct-27017,51500.0,877,877,1.0,0.995638716427562,1.0,True
direct-27017,52000.0,877,877,1.0,0.995638716427562,1.0,True
direct-27017,52500.0,877,877,1.0,0.995638716427562,1.0,True
direct-27017,53000.0,877,877,1.0,0.995638716427562,1.0,True
direct-27017,53500.0,877,877,1.0,0.995638716427562,1.0,True
direct-27017,54000.0,877,877,1.0,0.995638716427562,1.0,True
direct-27017,54500.0,877,877,1.0,0.995638716427562,1.0,True
direct-27017,55000.0,877,877,1.0,0.995638716427562,1.0,True
direct-27017,55500.0,877,877,1.0,0.995638716427562,1.0,True
direct-27017,56000.0,877,877,1.0,0.995638716427562,1.0,True
direct-27017,56500.0,877,877,1.0,0.995638716427562,1.0,True
direct-27017,57000.0,877,877,1.0,0.995638716427562,1.0,True
direct-27017,57500.0,877,877,1.0,0.995638716427562,1.0,True
direct-27017,58000.0,877,877,1.0,0.995638716427562,1.0,True
direct-27017,58500.0,877,877,1.0,0.995638716427562,1.0,True
direct-27017,59000.0,877,877,1.0,0.995638716427562,1.0,True
direct-27017,59500.0,877,877,1.0,0.995638716427562,1.0,True
direct-27017,60000.0,877,877,1.0,0.995638716427562,1.0,True
direct-27017,60500.0,877,877,1.0,0.995638716427562,1.0,True
direct-27017,61000.0,877,877,1.0,0.995638716427562,1.0,True
direct-27017,61500.0,877,877,1.0,0.995638716427562,1.0,True
direct-27017,62000.0,877,877,1.0,0.995638716427562,1.0,True
direct-27017,62500.0,877,877,1.0,0.995638716427562,1.0,True
direct-27017,63000.0,877,877,1.0,0.995638716427562,1.0,True
direct-27017,63500.0,877,877,1.0,0.995638716427562,1.0,True
direct-27017,64000.0,876,876,1.0,0.995633759531261,1.0,True
direct-27017,64500.0,876,876,1.0,0.995633759531261,1.0,True
direct-27017,65000.0,876,876,1.0,0.995633759531261,1.0,True
direct-27017,65500.0,876,876,1.0,0.995633759531261,1.0,True
direct-27017,66000.0,876,876,1.0,0.995633759531261,1.0,True
direct-27017,66500.0,876,876,1.0,0.995633759531261,1.0,True
direct-27017,67000.0,876,876,1.0,0.995633759531261,1.0,True
direct-27017,67500.0,876,876,1.0,0.995633759531261,1.0,True
direct-27017,68000.0,876,876,1.0,0.995633759531261,1.0,True
direct-27017,68500.0,876,876,1.0,0.995633759531261,1.0,True
direct-27017,69000.0,876,876,1.0,0.995633759531261,1.0,True
direct-27017,69500.0,876,876,1.0,0.995633759531261,1.0,True
direct-27017,70000.0,876,876,1.0,0.995633759531261,1.0,True
direct-27017,70500.0,876,876,1.0,0.995633759531261,1.0,True
direct-27017,71000.0,876,876,1.0,0.995633759531261,1.0,True
direct-27017,71500.0,876,876,1.0,0.995633759531261,1.0,True
direct-27017,72000.0,876,876,1.0,0.995633759531261,1.0,True
direct-27017,72500.0,876,876,1.0,0.995633759531261,1.0,True
direct-27017,73000.0,876,876,1.0,0.995633759531261,1.0,True
direct-27017,73500.0,876,876,1.0,0.995633759531261,1.0,True
direct-27017,74000.0,878,878,1.0,0.9956436620817164,1.0,True
direct-27017,74500.0,880,880,1.0,0.9956535198162204,1.0,True
direct-27017,75000.0,880,880,1.0,0.9956535198162204,1.0,True
direct-27017,75500.0,880,880,1.0,0.9956535198162204,1.0,True
direct-27017,76000.0,881,881,1.0,0.9956584319724571,1.0,True
direct-27017,76500.0,880,880,1.0,0.9956535198162204,1.0,True
direct-27017,77000.0,880,880,1.0,0.9956535198162204,1.0,True
direct-27017,77500.0,880,880,1.0,0.9956535198162204,1.0,True
direct-27017,78000.0,881,881,1.0,0.9956584319724571,1.0,True
direct-27017,78500.0,880,880,1.0,0.9956535198162204,1.0,True
direct-27017,79000.0,880,880,1.0,0.9956535198162204,1.0,True
direct-27017,79500.0,879,879,1.0,0.9956485965319258,0.9999999999999999,True
direct-27017,80000.0,881,881,1.0,0.9956584319724571,1.0,True
direct-27017,80500.0,880,880,1.0,0.9956535198162204,1.0,True
direct-27017,81000.0,880,880,1.0,0.9956535198162204,1.0,True
direct-27017,81500.0,880,880,1.0,0.9956535198162204,1.0,True
direct-27017,82000.0,880,880,1.0,0.9956535198162204,1.0,True
direct-27017,82500.0,881,881,1.0,0.9956584319724571,1.0,True
direct-27017,83000.0,878,878,1.0,0.9956436620817164,1.0,True
direct-27017,83500.0,877,877,1.0,0.995638716427562,1.0,True
direct-27017,84000.0,877,877,1.0,0.995638716427562,1.0,True
direct-27017,84500.0,877,877,1.0,0.995638716427562,1.0,True
direct-27017,85000.0,877,877,1.0,0.995638716427562,1.0,True
direct-27017,85500.0,877,877,1.0,0.995638716427562,1.0,True
direct-27017,86000.0,877,877,1.0,0.995638716427562,1.0,True
direct-27017,86500.0,877,877,1.0,0.995638716427562,1.0,True
direct-27017,87000.0,877,877,1.0,0.995638716427562,1.0,True
direct-27017,87500.0,877,877,1.0,0.995638716427562,1.0,True
direct-27017,88000.0,877,877,1.0,0.995638716427562,1.0,True
direct-27017,88500.0,877,877,1.0,0.995638716427562,1.0,True
direct-27017,89000.0,876,876,1.0,0.995633759531261,1.0,True
direct-27017,89500.0,875,875,1.0,0.9956287913544376,1.0,True
direct-27017,90000.0,875,875,1.0,0.9956287913544376,1.0,True
direct-27017,90500.0,875,875,1.0,0.9956287913544376,1.0,True
direct-27017,91000.0,875,875,1.0,0.9956287913544376,1.0,True
direct-27017,91500.0,875,875,1.0,0.9956287913544376,1.0,True
direct-27017,92000.0,875,875,1.0,0.9956287913544376,1.0,True
direct-27017,92500.0,875,875,1.0,0.9956287913544376,1.0,True
direct-27017,93000.0,875,875,1.0,0.9956287913544376,1.0,True
direct-27017,93500.0,875,875,1.0,0.9956287913544376,1.0,True
direct-27017,94000.0,875,875,1.0,0.9956287913544376,1.0,True
direct-27017,94500.0,875,875,1.0,0.9956287913544376,1.0,True
direct-27017,95000.0,875,875,1.0,0.9956287913544376,1.0,True
direct-27017,95500.0,875,875,1.0,0.9956287913544376,1.0,True
direct-27017,96000.0,875,875,1.0,0.9956287913544376,1.0,True
direct-27017,96500.0,875,875,1.0,0.9956287913544376,1.0,True
direct-27017,97000.0,875,875,1.0,0.9956287913544376,1.0,True
direct-27017,97500.0,875,875,1.0,0.9956287913544376,1.0,True
direct-27017,98000.0,875,875,1.0,0.9956287913544376,1.0,True
direct-27017,98500.0,875,875,1.0,0.9956287913544376,1.0,True
direct-27017,99000.0,875,875,1.0,0.9956287913544376,1.0,True
direct-27017,99500.0,876,876,1.0,0.995633759531261,1.0,True
direct-27017,100000.0,878,878,1.0,0.9956436620817164,1.0,True
direct-27017,100500.0,879,879,1.0,0.9956485965319258,0.9999999999999999,True
direct-27017,101000.0,880,880,1.0,0.9956535198162204,1.0,True
direct-27017,101500.0,879,879,1.0,0.9956485965319258,0.9999999999999999,True
direct-27017,102000.0,879,879,1.0,0.9956485965319258,0.9999999999999999,True
direct-27017,102500.0,879,879,1.0,0.9956485965319258,0.9999999999999999,True
direct-27017,103000.0,878,878,1.0,0.9956436620817164,1.0,True
direct-27017,103500.0,875,875,1.0,0.9956287913544376,1.0,True
direct-27017,104000.0,875,875,1.0,0.9956287913544376,1.0,True
direct-27017,104500.0,875,875,1.0,0.9956287913544376,1.0,True
direct-27017,105000.0,875,875,1.0,0.9956287913544376,1.0,True
direct-27017,105500.0,875,875,1.0,0.9956287913544376,1.0,True
direct-27017,106000.0,875,875,1.0,0.9956287913544376,1.0,True
direct-27017,106500.0,875,875,1.0,0.9956287913544376,1.0,True
direct-27017,107000.0,875,875,1.0,0.9956287913544376,1.0,True
direct-27017,107500.0,878,878,1.0,0.9956436620817164,1.0,True
direct-27017,108000.0,878,878,1.0,0.9956436620817164,1.0,True
direct-27017,108500.0,878,878,1.0,0.9956436620817164,1.0,True
direct-27017,109000.0,876,876,1.0,0.995633759531261,1.0,True
direct-27017,109500.0,875,875,1.0,0.9956287913544376,1.0,True
direct-27017,110000.0,876,876,1.0,0.995633759531261,1.0,True
direct-27017,110500.0,877,877,1.0,0.995638716427562,1.0,True
direct-27017,111000.0,879,879,1.0,0.9956485965319258,0.9999999999999999,True
direct-27017,111500.0,879,879,1.0,0.9956485965319258,0.9999999999999999,True
direct-27017,112000.0,879,879,1.0,0.9956485965319258,0.9999999999999999,True
direct-27017,112500.0,879,879,1.0,0.9956485965319258,0.9999999999999999,True
direct-27017,113000.0,879,879,1.0,0.9956485965319258,0.9999999999999999,True
direct-27017,113500.0,879,879,1.0,0.9956485965319258,0.9999999999999999,True
direct-27017,114000.0,880,880,1.0,0.9956535198162204,1.0,True
direct-27017,114500.0,879,879,1.0,0.9956485965319258,0.9999999999999999,True
direct-27017,115000.0,879,879,1.0,0.9956485965319258,0.9999999999999999,True
direct-27017,115500.0,879,879,1.0,0.9956485965319258,0.9999999999999999,True
direct-27017,116000.0,879,879,1.0,0.9956485965319258,0.9999999999999999,True
direct-27017,116500.0,879,879,1.0,0.9956485965319258,0.9999999999999999,True
direct-27017,117000.0,879,879,1.0,0.9956485965319258,0.9999999999999999,True
direct-27017,117500.0,879,879,1.0,0.9956485965319258,0.9999999999999999,True
direct-27017,118000.0,879,879,1.0,0.9956485965319258,0.9999999999999999,True
direct-27017,118500.0,879,879,1.0,0.9956485965319258,0.9999999999999999,True
direct-27017,119000.0,879,879,1.0,0.9956485965319258,0.9999999999999999,True
direct-27017,119500.0,879,879,1.0,0.9956485965319258,0.9999999999999999,True
direct-27017,120000.0,879,879,1.0,0.9956485965319258,0.9999999999999999,True
direct-27017,120500.0,879,879,1.0,0.9956485965319258,0.9999999999999999,True
direct-27017,121000.0,879,879,1.0,0.9956485965319258,0.9999999999999999,True
direct-27017,121500.0,880,880,1.0,0.9956535198162204,1.0,True
direct-27017,122000.0,879,879,1.0,0.9956485965319258,0.9999999999999999,True
direct-27017,122500.0,878,878,1.0,0.9956436620817164,1.0,True
direct-27017,123000.0,876,876,1.0,0.995633759531261,1.0,True
direct-27017,123500.0,879,879,1.0,0.9956485965319258,0.9999999999999999,True
direct-27017,124000.0,882,882,1.0,0.9956633330383221,1.0,True
direct-27017,124500.0,875,875,1.0,0.9956287913544376,1.0,True
direct-27017,125000.0,880,880,1.0,0.9956535198162204,1.0,True
direct-27017,125500.0,879,879,1.0,0.9956485965319258,0.9999999999999999,True
direct-27017,126000.0,877,877,1.0,0.995638716427562,1.0,True
direct-27017,126500.0,875,875,1.0,0.9956287913544376,1.0,True
direct-27017,127000.0,875,875,1.0,0.9956287913544376,1.0,True
direct-27017,127500.0,878,878,1.0,0.9956436620817164,1.0,True
direct-27017,128000.0,874,874,1.0,0.9956238118585403,1.0,True
direct-27017,128500.0,857,857,1.0,0.9955373903863382,0.9999999999999999,True
direct-27017,129000.0,878,878,1.0,0.9956436620817164,1.0,True
direct-27017,129500.0,888,888,1.0,0.9956925086248501,1.0,True
direct-27017,130000.0,881,881,1.0,0.9956584319724571,1.0,True
direct-27017,130500.0,875,875,1.0,0.9956287913544376,1.0,True
direct-27017,131000.0,877,877,1.0,0.995638716427562,1.0,True
direct-27017,131500.0,877,877,1.0,0.995638716427562,1.0,True
direct-27017,132000.0,871,871,1.0,0.9956088050682548,1.0,True
direct-27017,132500.0,876,876,1.0,0.995633759531261,1.0,True
direct-27017,133000.0,879,879,1.0,0.9956485965319258,0.9999999999999999,True
direct-27017,133500.0,881,881,1.0,0.9956584319724571,1.0,True
direct-27017,134000.0,876,876,1.0,0.995633759531261,1.0,True
direct-27017,134500.0,876,876,1.0,0.995633759531261,1.0,True
direct-27017,135000.0,876,876,1.0,0.995633759531261,1.0,True
direct-27017,135500.0,876,876,1.0,0.995633759531261,1.0,True
direct-27017,136000.0,876,876,1.0,0.995633759531261,1.0,True
direct-27017,136500.0,876,876,1.0,0.995633759531261,1.0,True
direct-27017,137000.0,876,876,1.0,0.995633759531261,1.0,True
direct-27017,137500.0,876,876,1.0,0.995633759531261,1.0,True
direct-27017,138000.0,876,876,1.0,0.995633759531261,1.0,True
direct-27017,138500.0,876,876,1.0,0.995633759531261,1.0,True
direct-27017,139000.0,876,876,1.0,0.995633759531261,1.0,True
direct-27017,139500.0,876,876,1.0,0.995633759531261,1.0,True
direct-27017,140000.0,876,876,1.0,0.995633759531261,1.0,True
direct-27017,140500.0,875,875,1.0,0.9956287913544376,1.0,True
direct-27017,141000.0,874,874,1.0,0.9956238118585403,1.0,True
direct-27017,141500.0,876,876,1.0,0.995633759531261,1.0,True
direct-27017,142000.0,875,875,1.0,0.9956287913544376,1.0,True
direct-27017,142500.0,875,875,1.0,0.9956287913544376,1.0,True
direct-27017,143000.0,875,875,1.0,0.9956287913544376,1.0,True
direct-27017,143500.0,874,874,1.0,0.9956238118585403,1.0,True
direct-27017,144000.0,873,873,1.0,0.9956188210048429,1.0,True
direct-27017,144500.0,874,874,1.0,0.9956238118585403,1.0,True
direct-27017,145000.0,875,875,1.0,0.9956287913544376,1.0,True
direct-27017,145500.0,874,874,1.0,0.9956238118585403,1.0,True
direct-27017,146000.0,874,874,1.0,0.9956238118585403,1.0,True
direct-27017,146500.0,874,874,1.0,0.9956238118585403,1.0,True
direct-27017,147000.0,874,874,1.0,0.9956238118585403,1.0,True
direct-27017,147500.0,874,874,1.0,0.9956238118585403,1.0,True
direct-27017,148000.0,874,874,1.0,0.9956238118585403,1.0,True
direct-27017,148500.0,876,876,1.0,0.995633759531261,1.0,True
direct-27017,149000.0,876,876,1.0,0.995633759531261,1.0,True
direct-27017,149500.0,876,876,1.0,0.995633759531261,1.0,True
direct-27017,150000.0,877,877,1.0,0.995638716427562,1.0,True
direct-27017,150500.0,874,874,1.0,0.9956238118585403,1.0,True
direct-27017,151000.0,874,874,1.0,0.9956238118585403,1.0,True
direct-27017,151500.0,874,874,1.0,0.9956238118585403,1.0,True
direct-27017,152000.0,874,874,1.0,0.9956238118585403,1.0,True
direct-27017,152500.0,874,874,1.0,0.9956238118585403,1.0,True
direct-27017,153000.0,874,874,1.0,0.9956238118585403,1.0,True
direct-27017,153500.0,874,874,1.0,0.9956238118585403,1.0,True
direct-27017,154000.0,874,874,1.0,0.9956238118585403,1.0,True
direct-27017,154500.0,874,874,1.0,0.9956238118585403,1.0,True
direct-27017,155000.0,874,874,1.0,0.9956238118585403,1.0,True
direct-27017,155500.0,873,873,1.0,0.9956188210048429,1.0,True
direct-27017,156000.0,873,873,1.0,0.9956188210048429,1.0,True
direct-27017,156500.0,873,873,1.0,0.9956188210048429,1.0,True
direct-27017,157000.0,873,873,1.0,0.9956188210048429,1.0,True
direct-27017,157500.0,873,873,1.0,0.9956188210048429,1.0,True
direct-27017,158000.0,872,872,1.0,0.9956138187544413,0.9999999999999999,True
direct-27017,158500.0,872,872,1.0,0.9956138187544413,0.9999999999999999,True
direct-27017,159000.0,872,872,1.0,0.9956138187544413,0.9999999999999999,True
direct-27017,159500.0,872,872,1.0,0.9956138187544413,0.9999999999999999,True
direct-27017,160000.0,872,872,1.0,0.9956138187544413,0.9999999999999999,True
direct-27017,160500.0,872,872,1.0,0.9956138187544413,0.9999999999999999,True
direct-27017,161000.0,875,875,1.0,0.9956287913544376,1.0,True
direct-27017,161500.0,876,876,1.0,0.995633759531261,1.0,True
direct-27017,162000.0,876,876,1.0,0.995633759531261,1.0,True
direct-27017,162500.0,875,875,1.0,0.9956287913544376,1.0,True
direct-27017,163000.0,874,874,1.0,0.9956238118585403,1.0,True
direct-27017,163500.0,873,873,1.0,0.9956188210048429,1.0,True
direct-27017,164000.0,873,873,1.0,0.9956188210048429,1.0,True
direct-27017,164500.0,875,875,1.0,0.9956287913544376,1.0,True
direct-27017,165000.0,878,878,1.0,0.9956436620817164,1.0,True
direct-27017,165500.0,880,880,1.0,0.9956535198162204,1.0,True
direct-27017,166000.0,881,881,1.0,0.9956584319724571,1.0,True
direct-27017,166500.0,880,880,1.0,0.9956535198162204,1.0,True
direct-27017,167000.0,878,878,1.0,0.9956436620817164,1.0,True
direct-27017,167500.0,877,877,1.0,0.995638716427562,1.0,True
direct-27017,168000.0,878,878,1.0,0.9956436620817164,1.0,True
direct-27017,168500.0,877,877,1.0,0.995638716427562,1.0,True
direct-27017,169000.0,878,878,1.0,0.9956436620817164,1.0,True
direct-27017,169500.0,877,877,1.0,0.995638716427562,1.0,True
direct-27017,170000.0,877,877,1.0,0.995638716427562,1.0,True
direct-27017,170500.0,877,877,1.0,0.995638716427562,1.0,True
direct-27017,171000.0,875,875,1.0,0.9956287913544376,1.0,True
direct-27017,171500.0,874,874,1.0,0.9956238118585403,1.0,True
direct-27017,172000.0,874,874,1.0,0.9956238118585403,1.0,True
direct-27017,172500.0,874,874,1.0,0.9956238118585403,1.0,True
direct-27017,173000.0,874,874,1.0,0.9956238118585403,1.0,True
direct-27017,173500.0,874,874,1.0,0.9956238118585403,1.0,True
direct-27017,174000.0,873,873,1.0,0.9956188210048429,1.0,True
direct-27017,174500.0,873,873,1.0,0.9956188210048429,1.0,True
direct-27017,175000.0,873,873,1.0,0.9956188210048429,1.0,True
direct-27017,175500.0,873,873,1.0,0.9956188210048429,1.0,True
direct-27017,176000.0,873,873,1.0,0.9956188210048429,1.0,True
direct-27017,176500.0,873,873,1.0,0.9956188210048429,1.0,True
direct-27017,177000.0,872,872,1.0,0.9956138187544413,0.9999999999999999,True
direct-27017,177500.0,872,872,1.0,0.9956138187544413,0.9999999999999999,True
direct-27017,178000.0,871,871,1.0,0.9956088050682548,1.0,True
direct-27017,178500.0,871,871,1.0,0.9956088050682548,1.0,True
direct-27017,179000.0,871,871,1.0,0.9956088050682548,1.0,True
direct-27017,179500.0,871,871,1.0,0.9956088050682548,1.0,True
direct-27017,180000.0,871,871,1.0,0.9956088050682548,1.0,True
direct-27017,180500.0,871,871,1.0,0.9956088050682548,1.0,True
direct-27017,181000.0,871,871,1.0,0.9956088050682548,1.0,True
direct-27017,181500.0,868,868,1.0,0.9955936950014773,0.9999999999999999,True
direct-27017,182000.0,868,868,1.0,0.9955936950014773,0.9999999999999999,True
direct-27017,182500.0,861,861,1.0,0.9955580305110208,1.0,True
direct-27017,183000.0,852,852,1.0,0.9955113189169584,1.0,True
direct-27017,183500.0,846,846,1.0,0.995479628203656,1.0,True
direct-27017,184000.0,839,839,1.0,0.995442085440491,1.0,True
direct-27017,184500.0,829,829,1.0,0.9953873581723103,1.0,True
direct-27017,185000.0,812,812,1.0,0.9952912428098787,0.9999999999999999,True
direct-27017,185500.0,793,793,1.0,0.9951789665599787,0.9999999999999999,True
direct-27017,186000.0,772,772,1.0,0.9950484738121801,0.9999999999999998,True
direct-27017,186500.0,732,732,1.0,0.9947793111995841,0.9999999999999999,True
direct-27017,187000.0,668,668,1.0,0.9942819855156335,1.0,True
direct-27017,187500.0,614,614,1.0,0.9937822250881132,1.0,True
direct-27017,188000.0,582,582,1.0,0.9934425960874066,1.0,True
direct-27017,188500.0,539,539,1.0,0.9929231658001157,1.0,True
direct-27017,189000.0,510,510,1.0,0.992523766078885,1.0,True
direct-27017,189500.0,466,466,1.0,0.9918236273671807,0.9999999999999999,True
direct-27017,190000.0,428,428,1.0,0.9911041455941251,0.9999999999999999,True
direct-27017,190500.0,384,384,1.0,0.9900949253509681,1.0,True
direct-27017,191000.0,191,191,1.0,0.9802834712915516,0.9999999999999998,True
direct-27017,191500.0,161,161,1.0,0.9766952031526023,1.0,True
direct-27017,192000.0,134,134,1.0,0.9721303293055217,1.0,True
direct-27017,192500.0,115,115,1.0,0.9676746189886368,0.9999999999999999,True
direct-27017,193000.0,95,95,1.0,0.9611337736337738,1.0,True
direct-27017,193500.0,75,75,1.0,0.9512744540953,1.0,True
direct-27017,194000.0,62,62,1.0,0.9416539087749995,1.0,True
direct-27017,194500.0,13,13,1.0,0.7718981569447083,1.0,False
direct-27018,0.0,891,891,1.0,0.9957069496992542,1.0,True
direct-27018,500.0,893,893,1.0,0.9957165234083698,0.9999999999999998,True
direct-27018,1000.0,888,888,1.0,0.9956925086248501,1.0,True
direct-27018,1500.0,887,887,1.0,0.9956876733192523,1.0,True
direct-27018,2000.0,887,887,1.0,0.9956876733192523,1.0,True
direct-27018,2500.0,886,886,1.0,0.9956828271458652,1.0,True
direct-27018,3000.0,883,883,1.0,0.9956682230513316,0.9999999999999998,True
direct-27018,3500.0,883,883,1.0,0.9956682230513316,0.9999999999999998,True
direct-27018,4000.0,884,884,1.0,0.9956731020488339,1.0,True
direct-27018,4500.0,884,884,1.0,0.9956731020488339,1.0,True
direct-27018,5000.0,883,883,1.0,0.9956682230513316,0.9999999999999998,True
direct-27018,5500.0,882,882,1.0,0.9956633330383221,1.0,True
direct-27018,6000.0,883,883,1.0,0.9956682230513316,0.9999999999999998,True
direct-27018,6500.0,881,881,1.0,0.9956584319724571,1.0,True
direct-27018,7000.0,883,883,1.0,0.9956682230513316,0.9999999999999998,True
direct-27018,7500.0,883,883,1.0,0.9956682230513316,0.9999999999999998,True
direct-27018,8000.0,883,883,1.0,0.9956682230513316,0.9999999999999998,True
direct-27018,8500.0,882,882,1.0,0.9956633330383221,1.0,True
direct-27018,9000.0,878,878,1.0,0.9956436620817164,1.0,True
direct-27018,9500.0,879,879,1.0,0.9956485965319258,0.9999999999999999,True
direct-27018,10000.0,877,877,1.0,0.995638716427562,1.0,True
direct-27018,10500.0,877,877,1.0,0.995638716427562,1.0,True
direct-27018,11000.0,877,877,1.0,0.995638716427562,1.0,True
direct-27018,11500.0,880,880,1.0,0.9956535198162204,1.0,True
direct-27018,12000.0,882,882,1.0,0.9956633330383221,1.0,True
direct-27018,12500.0,881,881,1.0,0.9956584319724571,1.0,True
direct-27018,13000.0,881,881,1.0,0.9956584319724571,1.0,True
direct-27018,13500.0,881,881,1.0,0.9956584319724571,1.0,True
direct-27018,14000.0,882,882,1.0,0.9956633330383221,1.0,True
direct-27018,14500.0,879,879,1.0,0.9956485965319258,0.9999999999999999,True
direct-27018,15000.0,878,878,1.0,0.9956436620817164,1.0,True
direct-27018,15500.0,878,878,1.0,0.9956436620817164,1.0,True
direct-27018,16000.0,878,878,1.0,0.9956436620817164,1.0,True
direct-27018,16500.0,878,878,1.0,0.9956436620817164,1.0,True
direct-27018,17000.0,879,879,1.0,0.9956485965319258,0.9999999999999999,True
direct-27018,17500.0,878,878,1.0,0.9956436620817164,1.0,True
direct-27018,18000.0,879,879,1.0,0.9956485965319258,0.9999999999999999,True
direct-27018,18500.0,879,879,1.0,0.9956485965319258,0.9999999999999999,True
direct-27018,19000.0,879,879,1.0,0.9956485965319258,0.9999999999999999,True
direct-27018,19500.0,878,878,1.0,0.9956436620817164,1.0,True
direct-27018,20000.0,877,877,1.0,0.995638716427562,1.0,True
direct-27018,20500.0,878,878,1.0,0.9956436620817164,1.0,True
direct-27018,21000.0,877,877,1.0,0.995638716427562,1.0,True
direct-27018,21500.0,880,880,1.0,0.9956535198162204,1.0,True
direct-27018,22000.0,879,879,1.0,0.9956485965319258,0.9999999999999999,True
direct-27018,22500.0,877,877,1.0,0.995638716427562,1.0,True
direct-27018,23000.0,879,879,1.0,0.9956485965319258,0.9999999999999999,True
direct-27018,23500.0,876,876,1.0,0.995633759531261,1.0,True
direct-27018,24000.0,878,878,1.0,0.9956436620817164,1.0,True
direct-27018,24500.0,876,876,1.0,0.995633759531261,1.0,True
direct-27018,25000.0,878,878,1.0,0.9956436620817164,1.0,True
direct-27018,25500.0,877,877,1.0,0.995638716427562,1.0,True
direct-27018,26000.0,877,877,1.0,0.995638716427562,1.0,True
direct-27018,26500.0,876,876,1.0,0.995633759531261,1.0,True
direct-27018,27000.0,879,879,1.0,0.9956485965319258,0.9999999999999999,True
direct-27018,27500.0,878,878,1.0,0.9956436620817164,1.0,True
direct-27018,28000.0,877,877,1.0,0.995638716427562,1.0,True
direct-27018,28500.0,878,878,1.0,0.9956436620817164,1.0,True
direct-27018,29000.0,876,876,1.0,0.995633759531261,1.0,True
direct-27018,29500.0,875,875,1.0,0.9956287913544376,1.0,True
direct-27018,30000.0,877,877,1.0,0.995638716427562,1.0,True
direct-27018,30500.0,876,876,1.0,0.995633759531261,1.0,True
direct-27018,31000.0,880,880,1.0,0.9956535198162204,1.0,True
direct-27018,31500.0,878,878,1.0,0.9956436620817164,1.0,True
direct-27018,32000.0,880,880,1.0,0.9956535198162204,1.0,True
direct-27018,32500.0,877,877,1.0,0.995638716427562,1.0,True
direct-27018,33000.0,878,878,1.0,0.9956436620817164,1.0,True
direct-27018,33500.0,876,876,1.0,0.995633759531261,1.0,True
direct-27018,34000.0,875,875,1.0,0.9956287913544376,1.0,True
direct-27018,34500.0,877,877,1.0,0.995638716427562,1.0,True
direct-27018,35000.0,882,882,1.0,0.9956633330383221,1.0,True
direct-27018,35500.0,876,876,1.0,0.995633759531261,1.0,True
direct-27018,36000.0,876,876,1.0,0.995633759531261,1.0,True
direct-27018,36500.0,876,876,1.0,0.995633759531261,1.0,True
direct-27018,37000.0,874,874,1.0,0.9956238118585403,1.0,True
direct-27018,37500.0,879,879,1.0,0.9956485965319258,0.9999999999999999,True
direct-27018,38000.0,880,880,1.0,0.9956535198162204,1.0,True
direct-27018,38500.0,881,881,1.0,0.9956584319724571,1.0,True
direct-27018,39000.0,878,878,1.0,0.9956436620817164,1.0,True
direct-27018,39500.0,878,878,1.0,0.9956436620817164,1.0,True
direct-27018,40000.0,877,877,1.0,0.995638716427562,1.0,True
direct-27018,40500.0,878,878,1.0,0.9956436620817164,1.0,True
direct-27018,41000.0,879,879,1.0,0.9956485965319258,0.9999999999999999,True
direct-27018,41500.0,877,877,1.0,0.995638716427562,1.0,True
direct-27018,42000.0,878,878,1.0,0.9956436620817164,1.0,True
direct-27018,42500.0,877,877,1.0,0.995638716427562,1.0,True
direct-27018,43000.0,878,878,1.0,0.9956436620817164,1.0,True
direct-27018,43500.0,877,877,1.0,0.995638716427562,1.0,True
direct-27018,44000.0,880,880,1.0,0.9956535198162204,1.0,True
direct-27018,44500.0,878,878,1.0,0.9956436620817164,1.0,True
direct-27018,45000.0,878,878,1.0,0.9956436620817164,1.0,True
direct-27018,45500.0,878,878,1.0,0.9956436620817164,1.0,True
direct-27018,46000.0,877,877,1.0,0.995638716427562,1.0,True
direct-27018,46500.0,876,876,1.0,0.995633759531261,1.0,True
direct-27018,47000.0,877,877,1.0,0.995638716427562,1.0,True
direct-27018,47500.0,878,878,1.0,0.9956436620817164,1.0,True
direct-27018,48000.0,876,876,1.0,0.995633759531261,1.0,True
direct-27018,48500.0,878,878,1.0,0.9956436620817164,1.0,True
direct-27018,49000.0,878,878,1.0,0.9956436620817164,1.0,True
direct-27018,49500.0,877,877,1.0,0.995638716427562,1.0,True
direct-27018,50000.0,877,877,1.0,0.995638716427562,1.0,True
direct-27018,50500.0,880,880,1.0,0.9956535198162204,1.0,True
direct-27018,51000.0,875,875,1.0,0.9956287913544376,1.0,True
direct-27018,51500.0,876,876,1.0,0.995633759531261,1.0,True
direct-27018,52000.0,877,877,1.0,0.995638716427562,1.0,True
direct-27018,52500.0,876,876,1.0,0.995633759531261,1.0,True
direct-27018,53000.0,876,876,1.0,0.995633759531261,1.0,True
direct-27018,53500.0,876,876,1.0,0.995633759531261,1.0,True
direct-27018,54000.0,875,875,1.0,0.9956287913544376,1.0,True
direct-27018,54500.0,877,877,1.0,0.995638716427562,1.0,True
direct-27018,55000.0,876,876,1.0,0.995633759531261,1.0,True
direct-27018,55500.0,875,875,1.0,0.9956287913544376,1.0,True
direct-27018,56000.0,877,877,1.0,0.995638716427562,1.0,True
direct-27018,56500.0,876,876,1.0,0.995633759531261,1.0,True
direct-27018,57000.0,875,875,1.0,0.9956287913544376,1.0,True
direct-27018,57500.0,876,876,1.0,0.995633759531261,1.0,True
direct-27018,58000.0,875,875,1.0,0.9956287913544376,1.0,True
direct-27018,58500.0,875,875,1.0,0.9956287913544376,1.0,True
direct-27018,59000.0,876,876,1.0,0.995633759531261,1.0,True
direct-27018,59500.0,876,876,1.0,0.995633759531261,1.0,True
direct-27018,60000.0,879,879,1.0,0.9956485965319258,0.9999999999999999,True
direct-27018,60500.0,876,876,1.0,0.995633759531261,1.0,True
direct-27018,61000.0,876,876,1.0,0.995633759531261,1.0,True
direct-27018,61500.0,876,876,1.0,0.995633759531261,1.0,True
direct-27018,62000.0,876,876,1.0,0.995633759531261,1.0,True
direct-27018,62500.0,875,875,1.0,0.9956287913544376,1.0,True
direct-27018,63000.0,877,877,1.0,0.995638716427562,1.0,True
direct-27018,63500.0,876,876,1.0,0.995633759531261,1.0,True
direct-27018,64000.0,876,876,1.0,0.995633759531261,1.0,True
direct-27018,64500.0,876,876,1.0,0.995633759531261,1.0,True
direct-27018,65000.0,876,876,1.0,0.995633759531261,1.0,True
direct-27018,65500.0,876,876,1.0,0.995633759531261,1.0,True
direct-27018,66000.0,876,876,1.0,0.995633759531261,1.0,True
direct-27018,66500.0,875,875,1.0,0.9956287913544376,1.0,True
direct-27018,67000.0,876,876,1.0,0.995633759531261,1.0,True
direct-27018,67500.0,875,875,1.0,0.9956287913544376,1.0,True
direct-27018,68000.0,875,875,1.0,0.9956287913544376,1.0,True
direct-27018,68500.0,877,877,1.0,0.995638716427562,1.0,True
direct-27018,69000.0,877,877,1.0,0.995638716427562,1.0,True
direct-27018,69500.0,877,877,1.0,0.995638716427562,1.0,True
direct-27018,70000.0,876,876,1.0,0.995633759531261,1.0,True
direct-27018,70500.0,876,876,1.0,0.995633759531261,1.0,True
direct-27018,71000.0,877,877,1.0,0.995638716427562,1.0,True
direct-27018,71500.0,875,875,1.0,0.9956287913544376,1.0,True
direct-27018,72000.0,877,877,1.0,0.995638716427562,1.0,True
direct-27018,72500.0,876,876,1.0,0.995633759531261,1.0,True
direct-27018,73000.0,878,878,1.0,0.9956436620817164,1.0,True
direct-27018,73500.0,878,878,1.0,0.9956436620817164,1.0,True
direct-27018,74000.0,877,877,1.0,0.995638716427562,1.0,True
direct-27018,74500.0,877,877,1.0,0.995638716427562,1.0,True
direct-27018,75000.0,879,879,1.0,0.9956485965319258,0.9999999999999999,True
direct-27018,75500.0,879,879,1.0,0.9956485965319258,0.9999999999999999,True
direct-27018,76000.0,879,879,1.0,0.9956485965319258,0.9999999999999999,True
direct-27018,76500.0,878,878,1.0,0.9956436620817164,1.0,True
direct-27018,77000.0,878,878,1.0,0.9956436620817164,1.0,True
direct-27018,77500.0,878,878,1.0,0.9956436620817164,1.0,True
direct-27018,78000.0,879,879,1.0,0.9956485965319258,0.9999999999999999,True
direct-27018,78500.0,880,880,1.0,0.9956535198162204,1.0,True
direct-27018,79000.0,878,878,1.0,0.9956436620817164,1.0,True
direct-27018,79500.0,877,877,1.0,0.995638716427562,1.0,True
direct-27018,80000.0,878,878,1.0,0.9956436620817164,1.0,True
direct-27018,80500.0,879,879,1.0,0.9956485965319258,0.9999999999999999,True
direct-27018,81000.0,880,880,1.0,0.9956535198162204,1.0,True
direct-27018,81500.0,878,878,1.0,0.9956436620817164,1.0,True
direct-27018,82000.0,880,880,1.0,0.9956535198162204,1.0,True
direct-27018,82500.0,878,878,1.0,0.9956436620817164,1.0,True
direct-27018,83000.0,878,878,1.0,0.9956436620817164,1.0,True
direct-27018,83500.0,879,879,1.0,0.9956485965319258,0.9999999999999999,True
direct-27018,84000.0,880,880,1.0,0.9956535198162204,1.0,True
direct-27018,84500.0,880,880,1.0,0.9956535198162204,1.0,True
direct-27018,85000.0,878,878,1.0,0.9956436620817164,1.0,True
direct-27018,85500.0,877,877,1.0,0.995638716427562,1.0,True
direct-27018,86000.0,879,879,1.0,0.9956485965319258,0.9999999999999999,True
direct-27018,86500.0,879,879,1.0,0.9956485965319258,0.9999999999999999,True
direct-27018,87000.0,880,880,1.0,0.9956535198162204,1.0,True
direct-27018,87500.0,880,880,1.0,0.9956535198162204,1.0,True
direct-27018,88000.0,880,880,1.0,0.9956535198162204,1.0,True
direct-27018,88500.0,880,880,1.0,0.9956535198162204,1.0,True
direct-27018,89000.0,880,880,1.0,0.9956535198162204,1.0,True
direct-27018,89500.0,881,881,1.0,0.9956584319724571,1.0,True
direct-27018,90000.0,881,881,1.0,0.9956584319724571,1.0,True
direct-27018,90500.0,879,879,1.0,0.9956485965319258,0.9999999999999999,True
direct-27018,91000.0,876,876,1.0,0.995633759531261,1.0,True
direct-27018,91500.0,876,876,1.0,0.995633759531261,1.0,True
direct-27018,92000.0,876,876,1.0,0.995633759531261,1.0,True
direct-27018,92500.0,876,876,1.0,0.995633759531261,1.0,True
direct-27018,93000.0,876,876,1.0,0.995633759531261,1.0,True
direct-27018,93500.0,876,876,1.0,0.995633759531261,1.0,True
direct-27018,94000.0,875,875,1.0,0.9956287913544376,1.0,True
direct-27018,94500.0,876,876,1.0,0.995633759531261,1.0,True
direct-27018,95000.0,876,876,1.0,0.995633759531261,1.0,True
direct-27018,95500.0,876,876,1.0,0.995633759531261,1.0,True
direct-27018,96000.0,877,877,1.0,0.995638716427562,1.0,True
direct-27018,96500.0,876,876,1.0,0.995633759531261,1.0,True
direct-27018,97000.0,876,876,1.0,0.995633759531261,1.0,True
direct-27018,97500.0,875,875,1.0,0.9956287913544376,1.0,True
direct-27018,98000.0,878,878,1.0,0.9956436620817164,1.0,True
direct-27018,98500.0,879,879,1.0,0.9956485965319258,0.9999999999999999,True
direct-27018,99000.0,880,880,1.0,0.9956535198162204,1.0,True
direct-27018,99500.0,880,880,1.0,0.9956535198162204,1.0,True
direct-27018,100000.0,878,878,1.0,0.9956436620817164,1.0,True
direct-27018,100500.0,882,882,1.0,0.9956633330383221,1.0,True
direct-27018,101000.0,883,883,1.0,0.9956682230513316,0.9999999999999998,True
direct-27018,101500.0,884,884,1.0,0.9956731020488339,1.0,True
direct-27018,102000.0,885,885,1.0,0.9956779700680075,0.9999999999999999,True
direct-27018,102500.0,882,882,1.0,0.9956633330383221,1.0,True
direct-27018,103000.0,886,886,1.0,0.9956828271458652,1.0,True
direct-27018,103500.0,886,886,1.0,0.9956828271458652,1.0,True
direct-27018,104000.0,883,883,1.0,0.9956682230513316,0.9999999999999998,True
direct-27018,104500.0,882,882,1.0,0.9956633330383221,1.0,True
direct-27018,105000.0,880,880,1.0,0.9956535198162204,1.0,True
direct-27018,105500.0,880,880,1.0,0.9956535198162204,1.0,True
direct-27018,106000.0,880,880,1.0,0.9956535198162204,1.0,True
direct-27018,106500.0,881,881,1.0,0.9956584319724571,1.0,True
direct-27018,107000.0,879,879,1.0,0.9956485965319258,0.9999999999999999,True
direct-27018,107500.0,878,878,1.0,0.9956436620817164,1.0,True
direct-27018,108000.0,879,879,1.0,0.9956485965319258,0.9999999999999999,True
direct-27018,108500.0,880,880,1.0,0.9956535198162204,1.0,True
direct-27018,109000.0,879,879,1.0,0.9956485965319258,0.9999999999999999,True
direct-27018,109500.0,885,885,1.0,0.9956779700680075,0.9999999999999999,True
direct-27018,110000.0,883,883,1.0,0.9956682230513316,0.9999999999999998,True
direct-27018,110500.0,881,881,1.0,0.9956584319724571,1.0,True
direct-27018,111000.0,880,880,1.0,0.9956535198162204,1.0,True
direct-27018,111500.0,881,881,1.0,0.9956584319724571,1.0,True
direct-27018,112000.0,880,880,1.0,0.9956535198162204,1.0,True
direct-27018,112500.0,880,880,1.0,0.9956535198162204,1.0,True
direct-27018,113000.0,881,881,1.0,0.9956584319724571,1.0,True
direct-27018,113500.0,878,878,1.0,0.9956436620817164,1.0,True
direct-27018,114000.0,877,877,1.0,0.995638716427562,1.0,True
direct-27018,114500.0,877,877,1.0,0.995638716427562,1.0,True
direct-27018,115000.0,877,877,1.0,0.995638716427562,1.0,True
direct-27018,115500.0,877,877,1.0,0.995638716427562,1.0,True
direct-27018,116000.0,877,877,1.0,0.995638716427562,1.0,True
direct-27018,116500.0,877,877,1.0,0.995638716427562,1.0,True
direct-27018,117000.0,877,877,1.0,0.995638716427562,1.0,True
direct-27018,117500.0,877,877,1.0,0.995638716427562,1.0,True
direct-27018,118000.0,877,877,1.0,0.995638716427562,1.0,True
direct-27018,118500.0,877,877,1.0,0.995638716427562,1.0,True
direct-27018,119000.0,877,877,1.0,0.995638716427562,1.0,True
direct-27018,119500.0,877,877,1.0,0.995638716427562,1.0,True
direct-27018,120000.0,877,877,1.0,0.995638716427562,1.0,True
direct-27018,120500.0,877,877,1.0,0.995638716427562,1.0,True
direct-27018,121000.0,877,877,1.0,0.995638716427562,1.0,True
direct-27018,121500.0,877,877,1.0,0.995638716427562,1.0,True
direct-27018,122000.0,877,877,1.0,0.995638716427562,1.0,True
direct-27018,122500.0,876,876,1.0,0.995633759531261,1.0,True
direct-27018,123000.0,877,877,1.0,0.995638716427562,1.0,True
direct-27018,123500.0,877,877,1.0,0.995638716427562,1.0,True
direct-27018,124000.0,878,878,1.0,0.9956436620817164,1.0,True
direct-27018,124500.0,877,877,1.0,0.995638716427562,1.0,True
direct-27018,125000.0,877,877,1.0,0.995638716427562,1.0,True
direct-27018,125500.0,877,877,1.0,0.995638716427562,1.0,True
direct-27018,126000.0,877,877,1.0,0.995638716427562,1.0,True
direct-27018,126500.0,876,876,1.0,0.995633759531261,1.0,True
direct-27018,127000.0,877,877,1.0,0.995638716427562,1.0,True
direct-27018,127500.0,877,877,1.0,0.995638716427562,1.0,True
direct-27018,128000.0,878,878,1.0,0.9956436620817164,1.0,True
direct-27018,128500.0,877,877,1.0,0.995638716427562,1.0,True
direct-27018,129000.0,877,877,1.0,0.995638716427562,1.0,True
direct-27018,129500.0,877,877,1.0,0.995638716427562,1.0,True
direct-27018,130000.0,875,875,1.0,0.9956287913544376,1.0,True
direct-27018,130500.0,877,877,1.0,0.995638716427562,1.0,True
direct-27018,131000.0,876,876,1.0,0.995633759531261,1.0,True
direct-27018,131500.0,876,876,1.0,0.995633759531261,1.0,True
direct-27018,132000.0,876,876,1.0,0.995633759531261,1.0,True
direct-27018,132500.0,876,876,1.0,0.995633759531261,1.0,True
direct-27018,133000.0,876,876,1.0,0.995633759531261,1.0,True
direct-27018,133500.0,876,876,1.0,0.995633759531261,1.0,True
direct-27018,134000.0,876,876,1.0,0.995633759531261,1.0,True
direct-27018,134500.0,876,876,1.0,0.995633759531261,1.0,True
direct-27018,135000.0,876,876,1.0,0.995633759531261,1.0,True
direct-27018,135500.0,876,876,1.0,0.995633759531261,1.0,True
direct-27018,136000.0,876,876,1.0,0.995633759531261,1.0,True
direct-27018,136500.0,876,876,1.0,0.995633759531261,1.0,True
direct-27018,137000.0,875,875,1.0,0.9956287913544376,1.0,True
direct-27018,137500.0,875,875,1.0,0.9956287913544376,1.0,True
direct-27018,138000.0,875,875,1.0,0.9956287913544376,1.0,True
direct-27018,138500.0,875,875,1.0,0.9956287913544376,1.0,True
direct-27018,139000.0,875,875,1.0,0.9956287913544376,1.0,True
direct-27018,139500.0,875,875,1.0,0.9956287913544376,1.0,True
direct-27018,140000.0,875,875,1.0,0.9956287913544376,1.0,True
direct-27018,140500.0,875,875,1.0,0.9956287913544376,1.0,True
direct-27018,141000.0,875,875,1.0,0.9956287913544376,1.0,True
direct-27018,141500.0,875,875,1.0,0.9956287913544376,1.0,True
direct-27018,142000.0,875,875,1.0,0.9956287913544376,1.0,True
direct-27018,142500.0,875,875,1.0,0.9956287913544376,1.0,True
direct-27018,143000.0,875,875,1.0,0.9956287913544376,1.0,True
direct-27018,143500.0,875,875,1.0,0.9956287913544376,1.0,True
direct-27018,144000.0,875,875,1.0,0.9956287913544376,1.0,True
direct-27018,144500.0,874,874,1.0,0.9956238118585403,1.0,True
direct-27018,145000.0,876,876,1.0,0.995633759531261,1.0,True
direct-27018,145500.0,875,875,1.0,0.9956287913544376,1.0,True
direct-27018,146000.0,875,875,1.0,0.9956287913544376,1.0,True
direct-27018,146500.0,875,875,1.0,0.9956287913544376,1.0,True
direct-27018,147000.0,875,875,1.0,0.9956287913544376,1.0,True
direct-27018,147500.0,875,875,1.0,0.9956287913544376,1.0,True
direct-27018,148000.0,875,875,1.0,0.9956287913544376,1.0,True
direct-27018,148500.0,875,875,1.0,0.9956287913544376,1.0,True
direct-27018,149000.0,875,875,1.0,0.9956287913544376,1.0,True
direct-27018,149500.0,873,873,1.0,0.9956188210048429,1.0,True
direct-27018,150000.0,874,874,1.0,0.9956238118585403,1.0,True
direct-27018,150500.0,875,875,1.0,0.9956287913544376,1.0,True
direct-27018,151000.0,873,873,1.0,0.9956188210048429,1.0,True
direct-27018,151500.0,874,874,1.0,0.9956238118585403,1.0,True
direct-27018,152000.0,873,873,1.0,0.9956188210048429,1.0,True
direct-27018,152500.0,873,873,1.0,0.9956188210048429,1.0,True
direct-27018,153000.0,874,874,1.0,0.9956238118585403,1.0,True
direct-27018,153500.0,874,874,1.0,0.9956238118585403,1.0,True
direct-27018,154000.0,876,876,1.0,0.995633759531261,1.0,True
direct-27018,154500.0,879,879,1.0,0.9956485965319258,0.9999999999999999,True
direct-27018,155000.0,879,879,1.0,0.9956485965319258,0.9999999999999999,True
direct-27018,155500.0,878,878,1.0,0.9956436620817164,1.0,True
direct-27018,156000.0,877,877,1.0,0.995638716427562,1.0,True
direct-27018,156500.0,878,878,1.0,0.9956436620817164,1.0,True
direct-27018,157000.0,877,877,1.0,0.995638716427562,1.0,True
direct-27018,157500.0,875,875,1.0,0.9956287913544376,1.0,True
direct-27018,158000.0,876,876,1.0,0.995633759531261,1.0,True
direct-27018,158500.0,875,875,1.0,0.9956287913544376,1.0,True
direct-27018,159000.0,874,874,1.0,0.9956238118585403,1.0,True
direct-27018,159500.0,872,872,1.0,0.9956138187544413,0.9999999999999999,True
direct-27018,160000.0,871,871,1.0,0.9956088050682548,1.0,True
direct-27018,160500.0,871,871,1.0,0.9956088050682548,1.0,True
direct-27018,161000.0,871,871,1.0,0.9956088050682548,1.0,True
direct-27018,161500.0,870,870,1.0,0.9956037799070222,1.0,True
direct-27018,162000.0,872,872,1.0,0.9956138187544413,0.9999999999999999,True
direct-27018,162500.0,874,874,1.0,0.9956238118585403,1.0,True
direct-27018,163000.0,876,876,1.0,0.995633759531261,1.0,True
direct-27018,163500.0,876,876,1.0,0.995633759531261,1.0,True
direct-27018,164000.0,873,873,1.0,0.9956188210048429,1.0,True
direct-27018,164500.0,876,876,1.0,0.995633759531261,1.0,True
direct-27018,165000.0,877,877,1.0,0.995638716427562,1.0,True
direct-27018,165500.0,877,877,1.0,0.995638716427562,1.0,True
direct-27018,166000.0,878,878,1.0,0.9956436620817164,1.0,True
direct-27018,166500.0,873,873,1.0,0.9956188210048429,1.0,True
direct-27018,167000.0,872,872,1.0,0.9956138187544413,0.9999999999999999,True
direct-27018,167500.0,873,873,1.0,0.9956188210048429,1.0,True
direct-27018,168000.0,873,873,1.0,0.9956188210048429,1.0,True
direct-27018,168500.0,874,874,1.0,0.9956238118585403,1.0,True
direct-27018,169000.0,872,872,1.0,0.9956138187544413,0.9999999999999999,True
direct-27018,169500.0,871,871,1.0,0.9956088050682548,1.0,True
direct-27018,170000.0,870,870,1.0,0.9956037799070222,1.0,True
direct-27018,170500.0,869,869,1.0,0.9955987432313033,0.9999999999999999,True
direct-27018,171000.0,869,869,1.0,0.9955987432313033,0.9999999999999999,True
direct-27018,171500.0,867,867,1.0,0.9955886351777409,1.0,True
direct-27018,172000.0,867,867,1.0,0.9955886351777409,1.0,True
direct-27018,172500.0,867,867,1.0,0.9955886351777409,1.0,True
direct-27018,173000.0,866,866,1.0,0.995583563720107,0.9999999999999999,True
direct-27018,173500.0,865,865,1.0,0.9955784805884064,0.9999999999999999,True
direct-27018,174000.0,865,865,1.0,0.9955784805884064,0.9999999999999999,True
direct-27018,174500.0,866,866,1.0,0.995583563720107,0.9999999999999999,True
direct-27018,175000.0,868,868,1.0,0.9955936950014773,0.9999999999999999,True
direct-27018,175500.0,868,868,1.0,0.9955936950014773,0.9999999999999999,True
direct-27018,176000.0,865,865,1.0,0.9955784805884064,0.9999999999999999,True
direct-27018,176500.0,867,867,1.0,0.9955886351777409,1.0,True
direct-27018,177000.0,866,866,1.0,0.995583563720107,0.9999999999999999,True
direct-27018,177500.0,869,869,1.0,0.9955987432313033,0.9999999999999999,True
direct-27018,178000.0,871,871,1.0,0.9956088050682548,1.0,True
direct-27018,178500.0,867,867,1.0,0.9955886351777409,1.0,True
direct-27018,179000.0,867,867,1.0,0.9955886351777409,1.0,True
direct-27018,179500.0,866,866,1.0,0.995583563720107,0.9999999999999999,True
direct-27018,180000.0,867,867,1.0,0.9955886351777409,1.0,True
direct-27018,180500.0,865,865,1.0,0.9955784805884064,0.9999999999999999,True
direct-27018,181000.0,864,864,1.0,0.9955733857422827,0.9999999999999999,True
direct-27018,181500.0,860,860,1.0,0.9955528883999102,0.9999999999999999,True
direct-27018,182000.0,855,855,1.0,0.9955269982264483,1.0,True
direct-27018,182500.0,846,846,1.0,0.995479628203656,1.0,True
direct-27018,183000.0,834,834,1.0,0.9954148851047738,0.9999999999999999,True
direct-27018,183500.0,826,826,1.0,0.9953706827905469,0.9999999999999998,True
direct-27018,184000.0,815,815,1.0,0.9953084943412744,1.0,True
direct-27018,184500.0,798,798,1.0,0.9952090288156664,1.0,True
direct-27018,185000.0,763,763,1.0,0.9949903604603609,1.0,True
direct-27018,185500.0,737,737,1.0,0.9948145460514096,0.9999999999999999,True
direct-27018,186000.0,711,711,1.0,0.9946259423066593,1.0,True
direct-27018,186500.0,665,665,1.0,0.9942563381225092,1.0,True
direct-27018,187000.0,534,534,1.0,0.992857376595637,1.0,True
direct-27018,187500.0,488,488,1.0,0.9921893552721041,1.0,True
direct-27018,188000.0,467,467,1.0,0.9918409928094714,1.0,True
direct-27018,188500.0,442,442,1.0,0.9913834868706736,1.0,True
direct-27018,189000.0,423,423,1.0,0.9909999400245898,0.9999999999999999,True
direct-27018,189500.0,405,405,1.0,0.9906036959057004,1.0,True
direct-27018,190000.0,373,373,1.0,0.98980579638766,1.0,True
direct-27018,190500.0,328,328,1.0,0.9884233923655141,1.0,True
direct-27018,191000.0,98,98,1.0,0.9622786759045421,1.0,True
direct-27018,191500.0,79,79,1.0,0.9536271631644004,1.0,True
direct-27018,192000.0,69,69,1.0,0.9472609058559944,1.0,True
direct-27018,192500.0,59,59,1.0,0.938868520215908,1.0,True
direct-27018,193000.0,53,53,1.0,0.9324156955469234,1.0,True
direct-27018,193500.0,42,42,1.0,0.9161983874908382,1.0,True
direct-27018,194000.0,28,28,1.0,0.8793527963418923,1.0,False
direct-27018,194500.0,4,4,1.0,0.5100999795960008,1.0,False
direct-27019,0.0,881,881,1.0,0.9956584319724571,1.0,True
direct-27019,500.0,886,886,1.0,0.9956828271458652,1.0,True
direct-27019,1000.0,884,884,1.0,0.9956731020488339,1.0,True
direct-27019,1500.0,885,885,1.0,0.9956779700680075,0.9999999999999999,True
direct-27019,2000.0,885,885,1.0,0.9956779700680075,0.9999999999999999,True
direct-27019,2500.0,884,884,1.0,0.9956731020488339,1.0,True
direct-27019,3000.0,885,885,1.0,0.9956779700680075,0.9999999999999999,True
direct-27019,3500.0,885,885,1.0,0.9956779700680075,0.9999999999999999,True
direct-27019,4000.0,883,883,1.0,0.9956682230513316,0.9999999999999998,True
direct-27019,4500.0,882,882,1.0,0.9956633330383221,1.0,True
direct-27019,5000.0,884,884,1.0,0.9956731020488339,1.0,True
direct-27019,5500.0,885,885,1.0,0.9956779700680075,0.9999999999999999,True
direct-27019,6000.0,882,882,1.0,0.9956633330383221,1.0,True
direct-27019,6500.0,884,884,1.0,0.9956731020488339,1.0,True
direct-27019,7000.0,879,879,1.0,0.9956485965319258,0.9999999999999999,True
direct-27019,7500.0,880,880,1.0,0.9956535198162204,1.0,True
direct-27019,8000.0,876,876,1.0,0.995633759531261,1.0,True
direct-27019,8500.0,876,876,1.0,0.995633759531261,1.0,True
direct-27019,9000.0,877,877,1.0,0.995638716427562,1.0,True
direct-27019,9500.0,877,877,1.0,0.995638716427562,1.0,True
direct-27019,10000.0,877,877,1.0,0.995638716427562,1.0,True
direct-27019,10500.0,879,879,1.0,0.9956485965319258,0.9999999999999999,True
direct-27019,11000.0,875,875,1.0,0.9956287913544376,1.0,True
direct-27019,11500.0,876,876,1.0,0.995633759531261,1.0,True
direct-27019,12000.0,878,878,1.0,0.9956436620817164,1.0,True
direct-27019,12500.0,876,876,1.0,0.995633759531261,1.0,True
direct-27019,13000.0,878,878,1.0,0.9956436620817164,1.0,True
direct-27019,13500.0,879,879,1.0,0.9956485965319258,0.9999999999999999,True
direct-27019,14000.0,880,880,1.0,0.9956535198162204,1.0,True
direct-27019,14500.0,881,881,1.0,0.9956584319724571,1.0,True
direct-27019,15000.0,881,881,1.0,0.9956584319724571,1.0,True
direct-27019,15500.0,881,881,1.0,0.9956584319724571,1.0,True
direct-27019,16000.0,882,882,1.0,0.9956633330383221,1.0,True
direct-27019,16500.0,880,880,1.0,0.9956535198162204,1.0,True
direct-27019,17000.0,881,881,1.0,0.9956584319724571,1.0,True
direct-27019,17500.0,881,881,1.0,0.9956584319724571,1.0,True
direct-27019,18000.0,878,878,1.0,0.9956436620817164,1.0,True
direct-27019,18500.0,877,877,1.0,0.995638716427562,1.0,True
direct-27019,19000.0,878,878,1.0,0.9956436620817164,1.0,True
direct-27019,19500.0,879,879,1.0,0.9956485965319258,0.9999999999999999,True
direct-27019,20000.0,878,878,1.0,0.9956436620817164,1.0,True
direct-27019,20500.0,878,878,1.0,0.9956436620817164,1.0,True
direct-27019,21000.0,878,878,1.0,0.9956436620817164,1.0,True
direct-27019,21500.0,878,878,1.0,0.9956436620817164,1.0,True
direct-27019,22000.0,878,878,1.0,0.9956436620817164,1.0,True
direct-27019,22500.0,877,877,1.0,0.995638716427562,1.0,True
direct-27019,23000.0,879,879,1.0,0.9956485965319258,0.9999999999999999,True
direct-27019,23500.0,878,878,1.0,0.9956436620817164,1.0,True
direct-27019,24000.0,878,878,1.0,0.9956436620817164,1.0,True
direct-27019,24500.0,878,878,1.0,0.9956436620817164,1.0,True
direct-27019,25000.0,878,878,1.0,0.9956436620817164,1.0,True
direct-27019,25500.0,878,878,1.0,0.9956436620817164,1.0,True
direct-27019,26000.0,877,877,1.0,0.995638716427562,1.0,True
direct-27019,26500.0,879,879,1.0,0.9956485965319258,0.9999999999999999,True
direct-27019,27000.0,878,878,1.0,0.9956436620817164,1.0,True
direct-27019,27500.0,878,878,1.0,0.9956436620817164,1.0,True
direct-27019,28000.0,878,878,1.0,0.9956436620817164,1.0,True
direct-27019,28500.0,878,878,1.0,0.9956436620817164,1.0,True
direct-27019,29000.0,878,878,1.0,0.9956436620817164,1.0,True
direct-27019,29500.0,878,878,1.0,0.9956436620817164,1.0,True
direct-27019,30000.0,878,878,1.0,0.9956436620817164,1.0,True
direct-27019,30500.0,878,878,1.0,0.9956436620817164,1.0,True
direct-27019,31000.0,878,878,1.0,0.9956436620817164,1.0,True
direct-27019,31500.0,878,878,1.0,0.9956436620817164,1.0,True
direct-27019,32000.0,878,878,1.0,0.9956436620817164,1.0,True
direct-27019,32500.0,878,878,1.0,0.9956436620817164,1.0,True
direct-27019,33000.0,878,878,1.0,0.9956436620817164,1.0,True
direct-27019,33500.0,878,878,1.0,0.9956436620817164,1.0,True
direct-27019,34000.0,878,878,1.0,0.9956436620817164,1.0,True
direct-27019,34500.0,878,878,1.0,0.9956436620817164,1.0,True
direct-27019,35000.0,878,878,1.0,0.9956436620817164,1.0,True
direct-27019,35500.0,878,878,1.0,0.9956436620817164,1.0,True
direct-27019,36000.0,878,878,1.0,0.9956436620817164,1.0,True
direct-27019,36500.0,878,878,1.0,0.9956436620817164,1.0,True
direct-27019,37000.0,878,878,1.0,0.9956436620817164,1.0,True
direct-27019,37500.0,878,878,1.0,0.9956436620817164,1.0,True
direct-27019,38000.0,878,878,1.0,0.9956436620817164,1.0,True
direct-27019,38500.0,878,878,1.0,0.9956436620817164,1.0,True
direct-27019,39000.0,878,878,1.0,0.9956436620817164,1.0,True
direct-27019,39500.0,877,877,1.0,0.995638716427562,1.0,True
direct-27019,40000.0,879,879,1.0,0.9956485965319258,0.9999999999999999,True
direct-27019,40500.0,878,878,1.0,0.9956436620817164,1.0,True
direct-27019,41000.0,878,878,1.0,0.9956436620817164,1.0,True
direct-27019,41500.0,878,878,1.0,0.9956436620817164,1.0,True
direct-27019,42000.0,877,877,1.0,0.995638716427562,1.0,True
direct-27019,42500.0,877,877,1.0,0.995638716427562,1.0,True
direct-27019,43000.0,877,877,1.0,0.995638716427562,1.0,True
direct-27019,43500.0,877,877,1.0,0.995638716427562,1.0,True
direct-27019,44000.0,877,877,1.0,0.995638716427562,1.0,True
direct-27019,44500.0,877,877,1.0,0.995638716427562,1.0,True
direct-27019,45000.0,877,877,1.0,0.995638716427562,1.0,True
direct-27019,45500.0,877,877,1.0,0.995638716427562,1.0,True
direct-27019,46000.0,877,877,1.0,0.995638716427562,1.0,True
direct-27019,46500.0,877,877,1.0,0.995638716427562,1.0,True
direct-27019,47000.0,877,877,1.0,0.995638716427562,1.0,True
direct-27019,47500.0,877,877,1.0,0.995638716427562,1.0,True
direct-27019,48000.0,877,877,1.0,0.995638716427562,1.0,True
direct-27019,48500.0,877,877,1.0,0.995638716427562,1.0,True
direct-27019,49000.0,877,877,1.0,0.995638716427562,1.0,True
direct-27019,49500.0,877,877,1.0,0.995638716427562,1.0,True
direct-27019,50000.0,877,877,1.0,0.995638716427562,1.0,True
direct-27019,50500.0,877,877,1.0,0.995638716427562,1.0,True
direct-27019,51000.0,877,877,1.0,0.995638716427562,1.0,True
direct-27019,51500.0,877,877,1.0,0.995638716427562,1.0,True
direct-27019,52000.0,877,877,1.0,0.995638716427562,1.0,True
direct-27019,52500.0,877,877,1.0,0.995638716427562,1.0,True
direct-27019,53000.0,877,877,1.0,0.995638716427562,1.0,True
direct-27019,53500.0,876,876,1.0,0.995633759531261,1.0,True
direct-27019,54000.0,876,876,1.0,0.995633759531261,1.0,True
direct-27019,54500.0,876,876,1.0,0.995633759531261,1.0,True
direct-27019,55000.0,876,876,1.0,0.995633759531261,1.0,True
direct-27019,55500.0,876,876,1.0,0.995633759531261,1.0,True
direct-27019,56000.0,876,876,1.0,0.995633759531261,1.0,True
direct-27019,56500.0,876,876,1.0,0.995633759531261,1.0,True
direct-27019,57000.0,876,876,1.0,0.995633759531261,1.0,True
direct-27019,57500.0,876,876,1.0,0.995633759531261,1.0,True
direct-27019,58000.0,876,876,1.0,0.995633759531261,1.0,True
direct-27019,58500.0,876,876,1.0,0.995633759531261,1.0,True
direct-27019,59000.0,876,876,1.0,0.995633759531261,1.0,True
direct-27019,59500.0,876,876,1.0,0.995633759531261,1.0,True
direct-27019,60000.0,876,876,1.0,0.995633759531261,1.0,True
direct-27019,60500.0,875,875,1.0,0.9956287913544376,1.0,True
direct-27019,61000.0,876,876,1.0,0.995633759531261,1.0,True
direct-27019,61500.0,877,877,1.0,0.995638716427562,1.0,True
direct-27019,62000.0,876,876,1.0,0.995633759531261,1.0,True
direct-27019,62500.0,876,876,1.0,0.995633759531261,1.0,True
direct-27019,63000.0,876,876,1.0,0.995633759531261,1.0,True
direct-27019,63500.0,875,875,1.0,0.9956287913544376,1.0,True
direct-27019,64000.0,876,876,1.0,0.995633759531261,1.0,True
direct-27019,64500.0,875,875,1.0,0.9956287913544376,1.0,True
direct-27019,65000.0,877,877,1.0,0.995638716427562,1.0,True
direct-27019,65500.0,875,875,1.0,0.9956287913544376,1.0,True
direct-27019,66000.0,877,877,1.0,0.995638716427562,1.0,True
direct-27019,66500.0,875,875,1.0,0.9956287913544376,1.0,True
direct-27019,67000.0,875,875,1.0,0.9956287913544376,1.0,True
direct-27019,67500.0,877,877,1.0,0.995638716427562,1.0,True
direct-27019,68000.0,877,877,1.0,0.995638716427562,1.0,True
direct-27019,68500.0,876,876,1.0,0.995633759531261,1.0,True
direct-27019,69000.0,875,875,1.0,0.9956287913544376,1.0,True
direct-27019,69500.0,876,876,1.0,0.995633759531261,1.0,True
direct-27019,70000.0,875,875,1.0,0.9956287913544376,1.0,True
direct-27019,70500.0,877,877,1.0,0.995638716427562,1.0,True
direct-27019,71000.0,878,878,1.0,0.9956436620817164,1.0,True
direct-27019,71500.0,880,880,1.0,0.9956535198162204,1.0,True
direct-27019,72000.0,881,881,1.0,0.9956584319724571,1.0,True
direct-27019,72500.0,881,881,1.0,0.9956584319724571,1.0,True
direct-27019,73000.0,879,879,1.0,0.9956485965319258,0.9999999999999999,True
direct-27019,73500.0,881,881,1.0,0.9956584319724571,1.0,True
direct-27019,74000.0,881,881,1.0,0.9956584319724571,1.0,True
direct-27019,74500.0,880,880,1.0,0.9956535198162204,1.0,True
direct-27019,75000.0,879,879,1.0,0.9956485965319258,0.9999999999999999,True
direct-27019,75500.0,879,879,1.0,0.9956485965319258,0.9999999999999999,True
direct-27019,76000.0,880,880,1.0,0.9956535198162204,1.0,True
direct-27019,76500.0,881,881,1.0,0.9956584319724571,1.0,True
direct-27019,77000.0,882,882,1.0,0.9956633330383221,1.0,True
direct-27019,77500.0,880,880,1.0,0.9956535198162204,1.0,True
direct-27019,78000.0,881,881,1.0,0.9956584319724571,1.0,True
direct-27019,78500.0,880,880,1.0,0.9956535198162204,1.0,True
direct-27019,79000.0,880,880,1.0,0.9956535198162204,1.0,True
direct-27019,79500.0,881,881,1.0,0.9956584319724571,1.0,True
direct-27019,80000.0,879,879,1.0,0.9956485965319258,0.9999999999999999,True
direct-27019,80500.0,877,877,1.0,0.995638716427562,1.0,True
direct-27019,81000.0,877,877,1.0,0.995638716427562,1.0,True
direct-27019,81500.0,877,877,1.0,0.995638716427562,1.0,True
direct-27019,82000.0,877,877,1.0,0.995638716427562,1.0,True
direct-27019,82500.0,877,877,1.0,0.995638716427562,1.0,True
direct-27019,83000.0,877,877,1.0,0.995638716427562,1.0,True
direct-27019,83500.0,876,876,1.0,0.995633759531261,1.0,True
direct-27019,84000.0,878,878,1.0,0.9956436620817164,1.0,True
direct-27019,84500.0,877,877,1.0,0.995638716427562,1.0,True
direct-27019,85000.0,877,877,1.0,0.995638716427562,1.0,True
direct-27019,85500.0,877,877,1.0,0.995638716427562,1.0,True
direct-27019,86000.0,877,877,1.0,0.995638716427562,1.0,True
direct-27019,86500.0,877,877,1.0,0.995638716427562,1.0,True
direct-27019,87000.0,877,877,1.0,0.995638716427562,1.0,True
direct-27019,87500.0,877,877,1.0,0.995638716427562,1.0,True
direct-27019,88000.0,877,877,1.0,0.995638716427562,1.0,True
direct-27019,88500.0,877,877,1.0,0.995638716427562,1.0,True
direct-27019,89000.0,877,877,1.0,0.995638716427562,1.0,True
direct-27019,89500.0,877,877,1.0,0.995638716427562,1.0,True
direct-27019,90000.0,877,877,1.0,0.995638716427562,1.0,True
direct-27019,90500.0,877,877,1.0,0.995638716427562,1.0,True
direct-27019,91000.0,877,877,1.0,0.995638716427562,1.0,True
direct-27019,91500.0,877,877,1.0,0.995638716427562,1.0,True
direct-27019,92000.0,876,876,1.0,0.995633759531261,1.0,True
direct-27019,92500.0,874,874,1.0,0.9956238118585403,1.0,True
direct-27019,93000.0,876,876,1.0,0.995633759531261,1.0,True
direct-27019,93500.0,876,876,1.0,0.995633759531261,1.0,True
direct-27019,94000.0,875,875,1.0,0.9956287913544376,1.0,True
direct-27019,94500.0,874,874,1.0,0.9956238118585403,1.0,True
direct-27019,95000.0,875,875,1.0,0.9956287913544376,1.0,True
direct-27019,95500.0,877,877,1.0,0.995638716427562,1.0,True
direct-27019,96000.0,875,875,1.0,0.9956287913544376,1.0,True
direct-27019,96500.0,876,876,1.0,0.995633759531261,1.0,True
direct-27019,97000.0,875,875,1.0,0.9956287913544376,1.0,True
direct-27019,97500.0,875,875,1.0,0.9956287913544376,1.0,True
direct-27019,98000.0,879,879,1.0,0.9956485965319258,0.9999999999999999,True
direct-27019,98500.0,881,881,1.0,0.9956584319724571,1.0,True
direct-27019,99000.0,881,881,1.0,0.9956584319724571,1.0,True
direct-27019,99500.0,881,881,1.0,0.9956584319724571,1.0,True
direct-27019,100000.0,879,879,1.0,0.9956485965319258,0.9999999999999999,True
direct-27019,100500.0,882,882,1.0,0.9956633330383221,1.0,True
direct-27019,101000.0,881,881,1.0,0.9956584319724571,1.0,True
direct-27019,101500.0,882,882,1.0,0.9956633330383221,1.0,True
direct-27019,102000.0,880,880,1.0,0.9956535198162204,1.0,True
direct-27019,102500.0,879,879,1.0,0.9956485965319258,0.9999999999999999,True
direct-27019,103000.0,885,885,1.0,0.9956779700680075,0.9999999999999999,True
direct-27019,103500.0,884,884,1.0,0.9956731020488339,1.0,True
direct-27019,104000.0,884,884,1.0,0.9956731020488339,1.0,True
direct-27019,104500.0,884,884,1.0,0.9956731020488339,1.0,True
direct-27019,105000.0,883,883,1.0,0.9956682230513316,0.9999999999999998,True
direct-27019,105500.0,884,884,1.0,0.9956731020488339,1.0,True
direct-27019,106000.0,882,882,1.0,0.9956633330383221,1.0,True
direct-27019,106500.0,881,881,1.0,0.9956584319724571,1.0,True
direct-27019,107000.0,882,882,1.0,0.9956633330383221,1.0,True
direct-27019,107500.0,879,879,1.0,0.9956485965319258,0.9999999999999999,True
direct-27019,108000.0,879,879,1.0,0.9956485965319258,0.9999999999999999,True
direct-27019,108500.0,880,880,1.0,0.9956535198162204,1.0,True
direct-27019,109000.0,880,880,1.0,0.9956535198162204,1.0,True
direct-27019,109500.0,882,882,1.0,0.9956633330383221,1.0,True
direct-27019,110000.0,884,884,1.0,0.9956731020488339,1.0,True
direct-27019,110500.0,880,880,1.0,0.9956535198162204,1.0,True
direct-27019,111000.0,880,880,1.0,0.9956535198162204,1.0,True
direct-27019,111500.0,878,878,1.0,0.9956436620817164,1.0,True
direct-27019,112000.0,880,880,1.0,0.9956535198162204,1.0,True
direct-27019,112500.0,877,877,1.0,0.995638716427562,1.0,True
direct-27019,113000.0,878,878,1.0,0.9956436620817164,1.0,True
direct-27019,113500.0,878,878,1.0,0.9956436620817164,1.0,True
direct-27019,114000.0,877,877,1.0,0.995638716427562,1.0,True
direct-27019,114500.0,877,877,1.0,0.995638716427562,1.0,True
direct-27019,115000.0,877,877,1.0,0.995638716427562,1.0,True
direct-27019,115500.0,877,877,1.0,0.995638716427562,1.0,True
direct-27019,116000.0,877,877,1.0,0.995638716427562,1.0,True
direct-27019,116500.0,876,876,1.0,0.995633759531261,1.0,True
direct-27019,117000.0,876,876,1.0,0.995633759531261,1.0,True
direct-27019,117500.0,876,876,1.0,0.995633759531261,1.0,True
direct-27019,118000.0,876,876,1.0,0.995633759531261,1.0,True
direct-27019,118500.0,875,875,1.0,0.9956287913544376,1.0,True
direct-27019,119000.0,877,877,1.0,0.995638716427562,1.0,True
direct-27019,119500.0,876,876,1.0,0.995633759531261,1.0,True
direct-27019,120000.0,876,876,1.0,0.995633759531261,1.0,True
direct-27019,120500.0,876,876,1.0,0.995633759531261,1.0,True
direct-27019,121000.0,876,876,1.0,0.995633759531261,1.0,True
direct-27019,121500.0,876,876,1.0,0.995633759531261,1.0,True
direct-27019,122000.0,876,876,1.0,0.995633759531261,1.0,True
direct-27019,122500.0,876,876,1.0,0.995633759531261,1.0,True
direct-27019,123000.0,876,876,1.0,0.995633759531261,1.0,True
direct-27019,123500.0,876,876,1.0,0.995633759531261,1.0,True
direct-27019,124000.0,876,876,1.0,0.995633759531261,1.0,True
direct-27019,124500.0,876,876,1.0,0.995633759531261,1.0,True
direct-27019,125000.0,876,876,1.0,0.995633759531261,1.0,True
direct-27019,125500.0,876,876,1.0,0.995633759531261,1.0,True
direct-27019,126000.0,876,876,1.0,0.995633759531261,1.0,True
direct-27019,126500.0,876,876,1.0,0.995633759531261,1.0,True
direct-27019,127000.0,876,876,1.0,0.995633759531261,1.0,True
direct-27019,127500.0,876,876,1.0,0.995633759531261,1.0,True
direct-27019,128000.0,876,876,1.0,0.995633759531261,1.0,True
direct-27019,128500.0,875,875,1.0,0.9956287913544376,1.0,True
direct-27019,129000.0,876,876,1.0,0.995633759531261,1.0,True
direct-27019,129500.0,876,876,1.0,0.995633759531261,1.0,True
direct-27019,130000.0,877,877,1.0,0.995638716427562,1.0,True
direct-27019,130500.0,876,876,1.0,0.995633759531261,1.0,True
direct-27019,131000.0,876,876,1.0,0.995633759531261,1.0,True
direct-27019,131500.0,876,876,1.0,0.995633759531261,1.0,True
direct-27019,132000.0,876,876,1.0,0.995633759531261,1.0,True
direct-27019,132500.0,876,876,1.0,0.995633759531261,1.0,True
direct-27019,133000.0,876,876,1.0,0.995633759531261,1.0,True
direct-27019,133500.0,876,876,1.0,0.995633759531261,1.0,True
direct-27019,134000.0,876,876,1.0,0.995633759531261,1.0,True
direct-27019,134500.0,876,876,1.0,0.995633759531261,1.0,True
direct-27019,135000.0,876,876,1.0,0.995633759531261,1.0,True
direct-27019,135500.0,876,876,1.0,0.995633759531261,1.0,True
direct-27019,136000.0,876,876,1.0,0.995633759531261,1.0,True
direct-27019,136500.0,876,876,1.0,0.995633759531261,1.0,True
direct-27019,137000.0,876,876,1.0,0.995633759531261,1.0,True
direct-27019,137500.0,876,876,1.0,0.995633759531261,1.0,True
direct-27019,138000.0,876,876,1.0,0.995633759531261,1.0,True
direct-27019,138500.0,875,875,1.0,0.9956287913544376,1.0,True
direct-27019,139000.0,877,877,1.0,0.995638716427562,1.0,True
direct-27019,139500.0,875,875,1.0,0.9956287913544376,1.0,True
direct-27019,140000.0,875,875,1.0,0.9956287913544376,1.0,True
direct-27019,140500.0,875,875,1.0,0.9956287913544376,1.0,True
direct-27019,141000.0,876,876,1.0,0.995633759531261,1.0,True
direct-27019,141500.0,877,877,1.0,0.995638716427562,1.0,True
direct-27019,142000.0,875,875,1.0,0.9956287913544376,1.0,True
direct-27019,142500.0,876,876,1.0,0.995633759531261,1.0,True
direct-27019,143000.0,878,878,1.0,0.9956436620817164,1.0,True
direct-27019,143500.0,877,877,1.0,0.995638716427562,1.0,True
direct-27019,144000.0,876,876,1.0,0.995633759531261,1.0,True
direct-27019,144500.0,876,876,1.0,0.995633759531261,1.0,True
direct-27019,145000.0,875,875,1.0,0.9956287913544376,1.0,True
direct-27019,145500.0,875,875,1.0,0.9956287913544376,1.0,True
direct-27019,146000.0,875,875,1.0,0.9956287913544376,1.0,True
direct-27019,146500.0,874,874,1.0,0.9956238118585403,1.0,True
direct-27019,147000.0,875,875,1.0,0.9956287913544376,1.0,True
direct-27019,147500.0,874,874,1.0,0.9956238118585403,1.0,True
direct-27019,148000.0,875,875,1.0,0.9956287913544376,1.0,True
direct-27019,148500.0,874,874,1.0,0.9956238118585403,1.0,True
direct-27019,149000.0,875,875,1.0,0.9956287913544376,1.0,True
direct-27019,149500.0,876,876,1.0,0.995633759531261,1.0,True
direct-27019,150000.0,877,877,1.0,0.995638716427562,1.0,True
direct-27019,150500.0,875,875,1.0,0.9956287913544376,1.0,True
direct-27019,151000.0,875,875,1.0,0.9956287913544376,1.0,True
direct-27019,151500.0,874,874,1.0,0.9956238118585403,1.0,True
direct-27019,152000.0,874,874,1.0,0.9956238118585403,1.0,True
direct-27019,152500.0,874,874,1.0,0.9956238118585403,1.0,True
direct-27019,153000.0,873,873,1.0,0.9956188210048429,1.0,True
direct-27019,153500.0,874,874,1.0,0.9956238118585403,1.0,True
direct-27019,154000.0,873,873,1.0,0.9956188210048429,1.0,True
direct-27019,154500.0,873,873,1.0,0.9956188210048429,1.0,True
direct-27019,155000.0,873,873,1.0,0.9956188210048429,1.0,True
direct-27019,155500.0,873,873,1.0,0.9956188210048429,1.0,True
direct-27019,156000.0,872,872,1.0,0.9956138187544413,0.9999999999999999,True
direct-27019,156500.0,874,874,1.0,0.9956238118585403,1.0,True
direct-27019,157000.0,872,872,1.0,0.9956138187544413,0.9999999999999999,True
direct-27019,157500.0,872,872,1.0,0.9956138187544413,0.9999999999999999,True
direct-27019,158000.0,872,872,1.0,0.9956138187544413,0.9999999999999999,True
direct-27019,158500.0,872,872,1.0,0.9956138187544413,0.9999999999999999,True
direct-27019,159000.0,872,872,1.0,0.9956138187544413,0.9999999999999999,True
direct-27019,159500.0,871,871,1.0,0.9956088050682548,1.0,True
direct-27019,160000.0,871,871,1.0,0.9956088050682548,1.0,True
direct-27019,160500.0,873,873,1.0,0.9956188210048429,1.0,True
direct-27019,161000.0,875,875,1.0,0.9956287913544376,1.0,True
direct-27019,161500.0,875,875,1.0,0.9956287913544376,1.0,True
direct-27019,162000.0,879,879,1.0,0.9956485965319258,0.9999999999999999,True
direct-27019,162500.0,884,884,1.0,0.9956731020488339,1.0,True
direct-27019,163000.0,882,882,1.0,0.9956633330383221,1.0,True
direct-27019,163500.0,879,879,1.0,0.9956485965319258,0.9999999999999999,True
direct-27019,164000.0,879,879,1.0,0.9956485965319258,0.9999999999999999,True
direct-27019,164500.0,877,877,1.0,0.995638716427562,1.0,True
direct-27019,165000.0,878,878,1.0,0.9956436620817164,1.0,True
direct-27019,165500.0,877,877,1.0,0.995638716427562,1.0,True
direct-27019,166000.0,877,877,1.0,0.995638716427562,1.0,True
direct-27019,166500.0,878,878,1.0,0.9956436620817164,1.0,True
direct-27019,167000.0,877,877,1.0,0.995638716427562,1.0,True
direct-27019,167500.0,875,875,1.0,0.9956287913544376,1.0,True
direct-27019,168000.0,874,874,1.0,0.9956238118585403,1.0,True
direct-27019,168500.0,873,873,1.0,0.9956188210048429,1.0,True
direct-27019,169000.0,873,873,1.0,0.9956188210048429,1.0,True
direct-27019,169500.0,873,873,1.0,0.9956188210048429,1.0,True
direct-27019,170000.0,873,873,1.0,0.9956188210048429,1.0,True
direct-27019,170500.0,873,873,1.0,0.9956188210048429,1.0,True
direct-27019,171000.0,873,873,1.0,0.9956188210048429,1.0,True
direct-27019,171500.0,872,872,1.0,0.9956138187544413,0.9999999999999999,True
direct-27019,172000.0,872,872,1.0,0.9956138187544413,0.9999999999999999,True
direct-27019,172500.0,872,872,1.0,0.9956138187544413,0.9999999999999999,True
direct-27019,173000.0,869,869,1.0,0.9955987432313033,0.9999999999999999,True
direct-27019,173500.0,874,874,1.0,0.9956238118585403,1.0,True
direct-27019,174000.0,871,871,1.0,0.9956088050682548,1.0,True
direct-27019,174500.0,872,872,1.0,0.9956138187544413,0.9999999999999999,True
direct-27019,175000.0,870,870,1.0,0.9956037799070222,1.0,True
direct-27019,175500.0,872,872,1.0,0.9956138187544413,0.9999999999999999,True
direct-27019,176000.0,873,873,1.0,0.9956188210048429,1.0,True
direct-27019,176500.0,874,874,1.0,0.9956238118585403,1.0,True
direct-27019,177000.0,874,874,1.0,0.9956238118585403,1.0,True
direct-27019,177500.0,872,872,1.0,0.9956138187544413,0.9999999999999999,True
direct-27019,178000.0,874,874,1.0,0.9956238118585403,1.0,True
direct-27019,178500.0,874,874,1.0,0.9956238118585403,1.0,True
direct-27019,179000.0,873,873,1.0,0.9956188210048429,1.0,True
direct-27019,179500.0,872,872,1.0,0.9956138187544413,0.9999999999999999,True
direct-27019,180000.0,871,871,1.0,0.9956088050682548,1.0,True
direct-27019,180500.0,868,868,1.0,0.9955936950014773,0.9999999999999999,True
direct-27019,181000.0,867,867,1.0,0.9955886351777409,1.0,True
direct-27019,181500.0,861,861,1.0,0.9955580305110208,1.0,True
direct-27019,182000.0,854,854,1.0,0.995521783975037,1.0,True
direct-27019,182500.0,836,836,1.0,0.995425804104012,1.0,True
direct-27019,183000.0,820,820,1.0,0.9953369676889343,1.0,True
direct-27019,183500.0,809,809,1.0,0.9952738639360976,0.9999999999999998,True
direct-27019,184000.0,794,794,1.0,0.9951850091546994,1.0,True
direct-27019,184500.0,774,774,1.0,0.9950612052633853,1.0,True
direct-27019,185000.0,753,753,1.0,0.9949241690731588,1.0,True
direct-27019,185500.0,713,713,1.0,0.9946409360171061,0.9999999999999999,True
direct-27019,186000.0,690,690,1.0,0.9944632896038518,0.9999999999999999,True
direct-27019,186500.0,653,653,1.0,0.9941514057574916,1.0,True
direct-27019,187000.0,562,562,1.0,0.9932108208374923,1.0,True
direct-27019,187500.0,507,507,1.0,0.9924798606847993,1.0,True
direct-27019,188000.0,476,476,1.0,0.9919940246948161,1.0,True
direct-27019,188500.0,451,451,1.0,0.9915539827491594,1.0,True
direct-27019,189000.0,430,430,1.0,0.991145155282481,1.0,True
direct-27019,189500.0,404,404,1.0,0.9905806568040141,1.0,True
direct-27019,190000.0,381,381,1.0,0.9900177111829908,1.0,True
direct-27019,190500.0,333,333,1.0,0.9885952328928495,1.0,True
direct-27019,191000.0,127,127,1.0,0.9706393073762475,1.0,True
direct-27019,191500.0,103,103,1.0,0.9640439678926562,1.0,True
direct-27019,192000.0,88,88,1.0,0.9581714604275188,1.0,True
direct-27019,192500.0,79,79,1.0,0.9536271631644004,1.0,True
direct-27019,193000.0,62,62,1.0,0.9416539087749995,1.0,True
direct-27019,193500.0,51,51,1.0,0.9299509861127319,0.9999999999999999,True
direct-27019,194000.0,36,36,1.0,0.9035781695514236,1.0,True
direct-27019,194500.0,2,2,1.0,0.34237195288961925,1.0,False
direct-27019,195500.0,1,1,1.0,0.20654329147389294,1.0,False
direct-27020,0.0,885,885,1.0,0.9956779700680075,0.9999999999999999,True
direct-27020,500.0,888,888,1.0,0.9956925086248501,1.0,True
direct-27020,1000.0,888,888,1.0,0.9956925086248501,1.0,True
direct-27020,1500.0,888,888,1.0,0.9956925086248501,1.0,True
direct-27020,2000.0,888,888,1.0,0.9956925086248501,1.0,True
direct-27020,2500.0,884,884,1.0,0.9956731020488339,1.0,True
direct-27020,3000.0,884,884,1.0,0.9956731020488339,1.0,True
direct-27020,3500.0,883,883,1.0,0.9956682230513316,0.9999999999999998,True
direct-27020,4000.0,885,885,1.0,0.9956779700680075,0.9999999999999999,True
direct-27020,4500.0,884,884,1.0,0.9956731020488339,1.0,True
direct-27020,5000.0,883,883,1.0,0.9956682230513316,0.9999999999999998,True
direct-27020,5500.0,885,885,1.0,0.9956779700680075,0.9999999999999999,True
direct-27020,6000.0,883,883,1.0,0.9956682230513316,0.9999999999999998,True
direct-27020,6500.0,884,884,1.0,0.9956731020488339,1.0,True
direct-27020,7000.0,883,883,1.0,0.9956682230513316,0.9999999999999998,True
direct-27020,7500.0,884,884,1.0,0.9956731020488339,1.0,True
direct-27020,8000.0,881,881,1.0,0.9956584319724571,1.0,True
direct-27020,8500.0,880,880,1.0,0.9956535198162204,1.0,True
direct-27020,9000.0,880,880,1.0,0.9956535198162204,1.0,True
direct-27020,9500.0,879,879,1.0,0.9956485965319258,0.9999999999999999,True
direct-27020,10000.0,877,877,1.0,0.995638716427562,1.0,True
direct-27020,10500.0,876,876,1.0,0.995633759531261,1.0,True
direct-27020,11000.0,877,877,1.0,0.995638716427562,1.0,True
direct-27020,11500.0,878,878,1.0,0.9956436620817164,1.0,True
direct-27020,12000.0,877,877,1.0,0.995638716427562,1.0,True
direct-27020,12500.0,877,877,1.0,0.995638716427562,1.0,True
direct-27020,13000.0,877,877,1.0,0.995638716427562,1.0,True
direct-27020,13500.0,877,877,1.0,0.995638716427562,1.0,True
direct-27020,14000.0,877,877,1.0,0.995638716427562,1.0,True
direct-27020,14500.0,877,877,1.0,0.995638716427562,1.0,True
direct-27020,15000.0,877,877,1.0,0.995638716427562,1.0,True
direct-27020,15500.0,877,877,1.0,0.995638716427562,1.0,True
direct-27020,16000.0,877,877,1.0,0.995638716427562,1.0,True
direct-27020,16500.0,877,877,1.0,0.995638716427562,1.0,True
direct-27020,17000.0,877,877,1.0,0.995638716427562,1.0,True
direct-27020,17500.0,877,877,1.0,0.995638716427562,1.0,True
direct-27020,18000.0,880,880,1.0,0.9956535198162204,1.0,True
direct-27020,18500.0,881,881,1.0,0.9956584319724571,1.0,True
direct-27020,19000.0,881,881,1.0,0.9956584319724571,1.0,True
direct-27020,19500.0,881,881,1.0,0.9956584319724571,1.0,True
direct-27020,20000.0,881,881,1.0,0.9956584319724571,1.0,True
direct-27020,20500.0,881,881,1.0,0.9956584319724571,1.0,True
direct-27020,21000.0,879,879,1.0,0.9956485965319258,0.9999999999999999,True
direct-27020,21500.0,878,878,1.0,0.9956436620817164,1.0,True
direct-27020,22000.0,878,878,1.0,0.9956436620817164,1.0,True
direct-27020,22500.0,878,878,1.0,0.9956436620817164,1.0,True
direct-27020,23000.0,878,878,1.0,0.9956436620817164,1.0,True
direct-27020,23500.0,878,878,1.0,0.9956436620817164,1.0,True
direct-27020,24000.0,877,877,1.0,0.995638716427562,1.0,True
direct-27020,24500.0,879,879,1.0,0.9956485965319258,0.9999999999999999,True
direct-27020,25000.0,878,878,1.0,0.9956436620817164,1.0,True
direct-27020,25500.0,878,878,1.0,0.9956436620817164,1.0,True
direct-27020,26000.0,878,878,1.0,0.9956436620817164,1.0,True
direct-27020,26500.0,878,878,1.0,0.9956436620817164,1.0,True
direct-27020,27000.0,878,878,1.0,0.9956436620817164,1.0,True
direct-27020,27500.0,878,878,1.0,0.9956436620817164,1.0,True
direct-27020,28000.0,878,878,1.0,0.9956436620817164,1.0,True
direct-27020,28500.0,878,878,1.0,0.9956436620817164,1.0,True
direct-27020,29000.0,878,878,1.0,0.9956436620817164,1.0,True
direct-27020,29500.0,878,878,1.0,0.9956436620817164,1.0,True
direct-27020,30000.0,878,878,1.0,0.9956436620817164,1.0,True
direct-27020,30500.0,878,878,1.0,0.9956436620817164,1.0,True
direct-27020,31000.0,878,878,1.0,0.9956436620817164,1.0,True
direct-27020,31500.0,878,878,1.0,0.9956436620817164,1.0,True
direct-27020,32000.0,878,878,1.0,0.9956436620817164,1.0,True
direct-27020,32500.0,878,878,1.0,0.9956436620817164,1.0,True
direct-27020,33000.0,878,878,1.0,0.9956436620817164,1.0,True
direct-27020,33500.0,878,878,1.0,0.9956436620817164,1.0,True
direct-27020,34000.0,878,878,1.0,0.9956436620817164,1.0,True
direct-27020,34500.0,878,878,1.0,0.9956436620817164,1.0,True
direct-27020,35000.0,878,878,1.0,0.9956436620817164,1.0,True
direct-27020,35500.0,878,878,1.0,0.9956436620817164,1.0,True
direct-27020,36000.0,878,878,1.0,0.9956436620817164,1.0,True
direct-27020,36500.0,878,878,1.0,0.9956436620817164,1.0,True
direct-27020,37000.0,878,878,1.0,0.9956436620817164,1.0,True
direct-27020,37500.0,878,878,1.0,0.9956436620817164,1.0,True
direct-27020,38000.0,878,878,1.0,0.9956436620817164,1.0,True
direct-27020,38500.0,878,878,1.0,0.9956436620817164,1.0,True
direct-27020,39000.0,878,878,1.0,0.9956436620817164,1.0,True
direct-27020,39500.0,878,878,1.0,0.9956436620817164,1.0,True
direct-27020,40000.0,878,878,1.0,0.9956436620817164,1.0,True
direct-27020,40500.0,878,878,1.0,0.9956436620817164,1.0,True
direct-27020,41000.0,878,878,1.0,0.9956436620817164,1.0,True
direct-27020,41500.0,878,878,1.0,0.9956436620817164,1.0,True
direct-27020,42000.0,878,878,1.0,0.9956436620817164,1.0,True
direct-27020,42500.0,878,878,1.0,0.9956436620817164,1.0,True
direct-27020,43000.0,878,878,1.0,0.9956436620817164,1.0,True
direct-27020,43500.0,878,878,1.0,0.9956436620817164,1.0,True
direct-27020,44000.0,878,878,1.0,0.9956436620817164,1.0,True
direct-27020,44500.0,878,878,1.0,0.9956436620817164,1.0,True
direct-27020,45000.0,878,878,1.0,0.9956436620817164,1.0,True
direct-27020,45500.0,877,877,1.0,0.995638716427562,1.0,True
direct-27020,46000.0,877,877,1.0,0.995638716427562,1.0,True
direct-27020,46500.0,877,877,1.0,0.995638716427562,1.0,True
direct-27020,47000.0,877,877,1.0,0.995638716427562,1.0,True
direct-27020,47500.0,877,877,1.0,0.995638716427562,1.0,True
direct-27020,48000.0,877,877,1.0,0.995638716427562,1.0,True
direct-27020,48500.0,876,876,1.0,0.995633759531261,1.0,True
direct-27020,49000.0,878,878,1.0,0.9956436620817164,1.0,True
direct-27020,49500.0,877,877,1.0,0.995638716427562,1.0,True
direct-27020,50000.0,876,876,1.0,0.995633759531261,1.0,True
direct-27020,50500.0,878,878,1.0,0.9956436620817164,1.0,True
direct-27020,51000.0,877,877,1.0,0.995638716427562,1.0,True
direct-27020,51500.0,876,876,1.0,0.995633759531261,1.0,True
direct-27020,52000.0,878,878,1.0,0.9956436620817164,1.0,True
direct-27020,52500.0,877,877,1.0,0.995638716427562,1.0,True
direct-27020,53000.0,877,877,1.0,0.995638716427562,1.0,True
direct-27020,53500.0,877,877,1.0,0.995638716427562,1.0,True
direct-27020,54000.0,877,877,1.0,0.995638716427562,1.0,True
direct-27020,54500.0,877,877,1.0,0.995638716427562,1.0,True
direct-27020,55000.0,876,876,1.0,0.995633759531261,1.0,True
direct-27020,55500.0,877,877,1.0,0.995638716427562,1.0,True
direct-27020,56000.0,877,877,1.0,0.995638716427562,1.0,True
direct-27020,56500.0,877,877,1.0,0.995638716427562,1.0,True
direct-27020,57000.0,877,877,1.0,0.995638716427562,1.0,True
direct-27020,57500.0,877,877,1.0,0.995638716427562,1.0,True
direct-27020,58000.0,876,876,1.0,0.995633759531261,1.0,True
direct-27020,58500.0,877,877,1.0,0.995638716427562,1.0,True
direct-27020,59000.0,876,876,1.0,0.995633759531261,1.0,True
direct-27020,59500.0,875,875,1.0,0.9956287913544376,1.0,True
direct-27020,60000.0,877,877,1.0,0.995638716427562,1.0,True
direct-27020,60500.0,876,876,1.0,0.995633759531261,1.0,True
direct-27020,61000.0,876,876,1.0,0.995633759531261,1.0,True
direct-27020,61500.0,876,876,1.0,0.995633759531261,1.0,True
direct-27020,62000.0,876,876,1.0,0.995633759531261,1.0,True
direct-27020,62500.0,875,875,1.0,0.9956287913544376,1.0,True
direct-27020,63000.0,875,875,1.0,0.9956287913544376,1.0,True
direct-27020,63500.0,875,875,1.0,0.9956287913544376,1.0,True
direct-27020,64000.0,875,875,1.0,0.9956287913544376,1.0,True
direct-27020,64500.0,875,875,1.0,0.9956287913544376,1.0,True
direct-27020,65000.0,874,874,1.0,0.9956238118585403,1.0,True
direct-27020,65500.0,876,876,1.0,0.995633759531261,1.0,True
direct-27020,66000.0,876,876,1.0,0.995633759531261,1.0,True
direct-27020,66500.0,876,876,1.0,0.995633759531261,1.0,True
direct-27020,67000.0,875,875,1.0,0.9956287913544376,1.0,True
direct-27020,67500.0,877,877,1.0,0.995638716427562,1.0,True
direct-27020,68000.0,876,876,1.0,0.995633759531261,1.0,True
direct-27020,68500.0,877,877,1.0,0.995638716427562,1.0,True
direct-27020,69000.0,877,877,1.0,0.995638716427562,1.0,True
direct-27020,69500.0,878,878,1.0,0.9956436620817164,1.0,True
direct-27020,70000.0,877,877,1.0,0.995638716427562,1.0,True
direct-27020,70500.0,877,877,1.0,0.995638716427562,1.0,True
direct-27020,71000.0,876,876,1.0,0.995633759531261,1.0,True
direct-27020,71500.0,877,877,1.0,0.995638716427562,1.0,True
direct-27020,72000.0,876,876,1.0,0.995633759531261,1.0,True
direct-27020,72500.0,876,876,1.0,0.995633759531261,1.0,True
direct-27020,73000.0,876,876,1.0,0.995633759531261,1.0,True
direct-27020,73500.0,876,876,1.0,0.995633759531261,1.0,True
direct-27020,74000.0,877,877,1.0,0.995638716427562,1.0,True
direct-27020,74500.0,878,878,1.0,0.9956436620817164,1.0,True
direct-27020,75000.0,880,880,1.0,0.9956535198162204,1.0,True
direct-27020,75500.0,880,880,1.0,0.9956535198162204,1.0,True
direct-27020,76000.0,880,880,1.0,0.9956535198162204,1.0,True
direct-27020,76500.0,880,880,1.0,0.9956535198162204,1.0,True
direct-27020,77000.0,880,880,1.0,0.9956535198162204,1.0,True
direct-27020,77500.0,880,880,1.0,0.9956535198162204,1.0,True
direct-27020,78000.0,880,880,1.0,0.9956535198162204,1.0,True
direct-27020,78500.0,880,880,1.0,0.9956535198162204,1.0,True
direct-27020,79000.0,880,880,1.0,0.9956535198162204,1.0,True
direct-27020,79500.0,880,880,1.0,0.9956535198162204,1.0,True
direct-27020,80000.0,880,880,1.0,0.9956535198162204,1.0,True
direct-27020,80500.0,880,880,1.0,0.9956535198162204,1.0,True
direct-27020,81000.0,880,880,1.0,0.9956535198162204,1.0,True
direct-27020,81500.0,880,880,1.0,0.9956535198162204,1.0,True
direct-27020,82000.0,880,880,1.0,0.9956535198162204,1.0,True
direct-27020,82500.0,880,880,1.0,0.9956535198162204,1.0,True
direct-27020,83000.0,880,880,1.0,0.9956535198162204,1.0,True
direct-27020,83500.0,880,880,1.0,0.9956535198162204,1.0,True
direct-27020,84000.0,879,879,1.0,0.9956485965319258,0.9999999999999999,True
direct-27020,84500.0,876,876,1.0,0.995633759531261,1.0,True
direct-27020,85000.0,877,877,1.0,0.995638716427562,1.0,True
direct-27020,85500.0,878,878,1.0,0.9956436620817164,1.0,True
direct-27020,86000.0,877,877,1.0,0.995638716427562,1.0,True
direct-27020,86500.0,877,877,1.0,0.995638716427562,1.0,True
direct-27020,87000.0,877,877,1.0,0.995638716427562,1.0,True
direct-27020,87500.0,876,876,1.0,0.995633759531261,1.0,True
direct-27020,88000.0,878,878,1.0,0.9956436620817164,1.0,True
direct-27020,88500.0,876,876,1.0,0.995633759531261,1.0,True
direct-27020,89000.0,877,877,1.0,0.995638716427562,1.0,True
direct-27020,89500.0,877,877,1.0,0.995638716427562,1.0,True
direct-27020,90000.0,876,876,1.0,0.995633759531261,1.0,True
direct-27020,90500.0,875,875,1.0,0.9956287913544376,1.0,True
direct-27020,91000.0,875,875,1.0,0.9956287913544376,1.0,True
direct-27020,91500.0,878,878,1.0,0.9956436620817164,1.0,True
direct-27020,92000.0,874,874,1.0,0.9956238118585403,1.0,True
direct-27020,92500.0,876,876,1.0,0.995633759531261,1.0,True
direct-27020,93000.0,877,877,1.0,0.995638716427562,1.0,True
direct-27020,93500.0,875,875,1.0,0.9956287913544376,1.0,True
direct-27020,94000.0,874,874,1.0,0.9956238118585403,1.0,True
direct-27020,94500.0,875,875,1.0,0.9956287913544376,1.0,True
direct-27020,95000.0,880,880,1.0,0.9956535198162204,1.0,True
direct-27020,95500.0,876,876,1.0,0.995633759531261,1.0,True
direct-27020,96000.0,873,873,1.0,0.9956188210048429,1.0,True
direct-27020,96500.0,878,878,1.0,0.9956436620817164,1.0,True
direct-27020,97000.0,876,876,1.0,0.995633759531261,1.0,True
direct-27020,97500.0,874,874,1.0,0.9956238118585403,1.0,True
direct-27020,98000.0,881,881,1.0,0.9956584319724571,1.0,True
direct-27020,98500.0,876,876,1.0,0.995633759531261,1.0,True
direct-27020,99000.0,870,870,1.0,0.9956037799070222,1.0,True
direct-27020,99500.0,871,871,1.0,0.9956088050682548,1.0,True
direct-27020,100000.0,870,870,1.0,0.9956037799070222,1.0,True
direct-27020,100500.0,865,865,1.0,0.9955784805884064,0.9999999999999999,True
direct-27020,101000.0,880,880,1.0,0.9956535198162204,1.0,True
direct-27020,101500.0,887,887,1.0,0.9956876733192523,1.0,True
direct-27020,102000.0,878,878,1.0,0.9956436620817164,1.0,True
direct-27020,102500.0,879,879,1.0,0.9956485965319258,0.9999999999999999,True
direct-27020,103000.0,880,880,1.0,0.9956535198162204,1.0,True
direct-27020,103500.0,882,882,1.0,0.9956633330383221,1.0,True
direct-27020,104000.0,884,884,1.0,0.9956731020488339,1.0,True
direct-27020,104500.0,884,884,1.0,0.9956731020488339,1.0,True
direct-27020,105000.0,885,885,1.0,0.9956779700680075,0.9999999999999999,True
direct-27020,105500.0,885,885,1.0,0.9956779700680075,0.9999999999999999,True
direct-27020,106000.0,883,883,1.0,0.9956682230513316,0.9999999999999998,True
direct-27020,106500.0,880,880,1.0,0.9956535198162204,1.0,True
direct-27020,107000.0,880,880,1.0,0.9956535198162204,1.0,True
direct-27020,107500.0,880,880,1.0,0.9956535198162204,1.0,True
direct-27020,108000.0,879,879,1.0,0.9956485965319258,0.9999999999999999,True
direct-27020,108500.0,880,880,1.0,0.9956535198162204,1.0,True
direct-27020,109000.0,879,879,1.0,0.9956485965319258,0.9999999999999999,True
direct-27020,109500.0,879,879,1.0,0.9956485965319258,0.9999999999999999,True
direct-27020,110000.0,881,881,1.0,0.9956584319724571,1.0,True
direct-27020,110500.0,882,882,1.0,0.9956633330383221,1.0,True
direct-27020,111000.0,881,881,1.0,0.9956584319724571,1.0,True
direct-27020,111500.0,885,885,1.0,0.9956779700680075,0.9999999999999999,True
direct-27020,112000.0,883,883,1.0,0.9956682230513316,0.9999999999999998,True
direct-27020,112500.0,882,882,1.0,0.9956633330383221,1.0,True
direct-27020,113000.0,880,880,1.0,0.9956535198162204,1.0,True
direct-27020,113500.0,879,879,1.0,0.9956485965319258,0.9999999999999999,True
direct-27020,114000.0,880,880,1.0,0.9956535198162204,1.0,True
direct-27020,114500.0,881,881,1.0,0.9956584319724571,1.0,True
direct-27020,115000.0,880,880,1.0,0.9956535198162204,1.0,True
direct-27020,115500.0,882,882,1.0,0.9956633330383221,1.0,True
direct-27020,116000.0,879,879,1.0,0.9956485965319258,0.9999999999999999,True
direct-27020,116500.0,877,877,1.0,0.995638716427562,1.0,True
direct-27020,117000.0,877,877,1.0,0.995638716427562,1.0,True
direct-27020,117500.0,877,877,1.0,0.995638716427562,1.0,True
direct-27020,118000.0,877,877,1.0,0.995638716427562,1.0,True
direct-27020,118500.0,877,877,1.0,0.995638716427562,1.0,True
direct-27020,119000.0,877,877,1.0,0.995638716427562,1.0,True
direct-27020,119500.0,877,877,1.0,0.995638716427562,1.0,True
direct-27020,120000.0,876,876,1.0,0.995633759531261,1.0,True
direct-27020,120500.0,878,878,1.0,0.9956436620817164,1.0,True
direct-27020,121000.0,877,877,1.0,0.995638716427562,1.0,True
direct-27020,121500.0,876,876,1.0,0.995633759531261,1.0,True
direct-27020,122000.0,877,877,1.0,0.995638716427562,1.0,True
direct-27020,122500.0,875,875,1.0,0.9956287913544376,1.0,True
direct-27020,123000.0,877,877,1.0,0.995638716427562,1.0,True
direct-27020,123500.0,876,876,1.0,0.995633759531261,1.0,True
direct-27020,124000.0,876,876,1.0,0.995633759531261,1.0,True
direct-27020,124500.0,876,876,1.0,0.995633759531261,1.0,True
direct-27020,125000.0,876,876,1.0,0.995633759531261,1.0,True
direct-27020,125500.0,876,876,1.0,0.995633759531261,1.0,True
direct-27020,126000.0,876,876,1.0,0.995633759531261,1.0,True
direct-27020,126500.0,876,876,1.0,0.995633759531261,1.0,True
direct-27020,127000.0,875,875,1.0,0.9956287913544376,1.0,True
direct-27020,127500.0,876,876,1.0,0.995633759531261,1.0,True
direct-27020,128000.0,877,877,1.0,0.995638716427562,1.0,True
direct-27020,128500.0,876,876,1.0,0.995633759531261,1.0,True
direct-27020,129000.0,876,876,1.0,0.995633759531261,1.0,True
direct-27020,129500.0,875,875,1.0,0.9956287913544376,1.0,True
direct-27020,130000.0,876,876,1.0,0.995633759531261,1.0,True
direct-27020,130500.0,875,875,1.0,0.9956287913544376,1.0,True
direct-27020,131000.0,876,876,1.0,0.995633759531261,1.0,True
direct-27020,131500.0,876,876,1.0,0.995633759531261,1.0,True
direct-27020,132000.0,875,875,1.0,0.9956287913544376,1.0,True
direct-27020,132500.0,876,876,1.0,0.995633759531261,1.0,True
direct-27020,133000.0,878,878,1.0,0.9956436620817164,1.0,True
direct-27020,133500.0,877,877,1.0,0.995638716427562,1.0,True
direct-27020,134000.0,877,877,1.0,0.995638716427562,1.0,True
direct-27020,134500.0,877,877,1.0,0.995638716427562,1.0,True
direct-27020,135000.0,878,878,1.0,0.9956436620817164,1.0,True
direct-27020,135500.0,877,877,1.0,0.995638716427562,1.0,True
direct-27020,136000.0,878,878,1.0,0.9956436620817164,1.0,True
direct-27020,136500.0,876,876,1.0,0.995633759531261,1.0,True
direct-27020,137000.0,876,876,1.0,0.995633759531261,1.0,True
direct-27020,137500.0,877,877,1.0,0.995638716427562,1.0,True
direct-27020,138000.0,876,876,1.0,0.995633759531261,1.0,True
direct-27020,138500.0,876,876,1.0,0.995633759531261,1.0,True
direct-27020,139000.0,875,875,1.0,0.9956287913544376,1.0,True
direct-27020,139500.0,875,875,1.0,0.9956287913544376,1.0,True
direct-27020,140000.0,875,875,1.0,0.9956287913544376,1.0,True
direct-27020,140500.0,877,877,1.0,0.995638716427562,1.0,True
direct-27020,141000.0,879,879,1.0,0.9956485965319258,0.9999999999999999,True
direct-27020,141500.0,879,879,1.0,0.9956485965319258,0.9999999999999999,True
direct-27020,142000.0,876,876,1.0,0.995633759531261,1.0,True
direct-27020,142500.0,875,875,1.0,0.9956287913544376,1.0,True
direct-27020,143000.0,875,875,1.0,0.9956287913544376,1.0,True
direct-27020,143500.0,874,874,1.0,0.9956238118585403,1.0,True
direct-27020,144000.0,874,874,1.0,0.9956238118585403,1.0,True
direct-27020,144500.0,874,874,1.0,0.9956238118585403,1.0,True
direct-27020,145000.0,874,874,1.0,0.9956238118585403,1.0,True
direct-27020,145500.0,875,875,1.0,0.9956287913544376,1.0,True
direct-27020,146000.0,874,874,1.0,0.9956238118585403,1.0,True
direct-27020,146500.0,875,875,1.0,0.9956287913544376,1.0,True
direct-27020,147000.0,876,876,1.0,0.995633759531261,1.0,True
direct-27020,147500.0,876,876,1.0,0.995633759531261,1.0,True
direct-27020,148000.0,876,876,1.0,0.995633759531261,1.0,True
direct-27020,148500.0,876,876,1.0,0.995633759531261,1.0,True
direct-27020,149000.0,876,876,1.0,0.995633759531261,1.0,True
direct-27020,149500.0,876,876,1.0,0.995633759531261,1.0,True
direct-27020,150000.0,875,875,1.0,0.9956287913544376,1.0,True
direct-27020,150500.0,876,876,1.0,0.995633759531261,1.0,True
direct-27020,151000.0,875,875,1.0,0.9956287913544376,1.0,True
direct-27020,151500.0,875,875,1.0,0.9956287913544376,1.0,True
direct-27020,152000.0,875,875,1.0,0.9956287913544376,1.0,True
direct-27020,152500.0,875,875,1.0,0.9956287913544376,1.0,True
direct-27020,153000.0,875,875,1.0,0.9956287913544376,1.0,True
direct-27020,153500.0,875,875,1.0,0.9956287913544376,1.0,True
direct-27020,154000.0,874,874,1.0,0.9956238118585403,1.0,True
direct-27020,154500.0,875,875,1.0,0.9956287913544376,1.0,True
direct-27020,155000.0,876,876,1.0,0.995633759531261,1.0,True
direct-27020,155500.0,875,875,1.0,0.9956287913544376,1.0,True
direct-27020,156000.0,875,875,1.0,0.9956287913544376,1.0,True
direct-27020,156500.0,874,874,1.0,0.9956238118585403,1.0,True
direct-27020,157000.0,874,874,1.0,0.9956238118585403,1.0,True
direct-27020,157500.0,874,874,1.0,0.9956238118585403,1.0,True
direct-27020,158000.0,874,874,1.0,0.9956238118585403,1.0,True
direct-27020,158500.0,874,874,1.0,0.9956238118585403,1.0,True
direct-27020,159000.0,874,874,1.0,0.9956238118585403,1.0,True
direct-27020,159500.0,874,874,1.0,0.9956238118585403,1.0,True
direct-27020,160000.0,874,874,1.0,0.9956238118585403,1.0,True
direct-27020,160500.0,874,874,1.0,0.9956238118585403,1.0,True
direct-27020,161000.0,874,874,1.0,0.9956238118585403,1.0,True
direct-27020,161500.0,874,874,1.0,0.9956238118585403,1.0,True
direct-27020,162000.0,873,873,1.0,0.9956188210048429,1.0,True
direct-27020,162500.0,873,873,1.0,0.9956188210048429,1.0,True
direct-27020,163000.0,873,873,1.0,0.9956188210048429,1.0,True
direct-27020,163500.0,875,875,1.0,0.9956287913544376,1.0,True
direct-27020,164000.0,877,877,1.0,0.995638716427562,1.0,True
direct-27020,164500.0,875,875,1.0,0.9956287913544376,1.0,True
direct-27020,165000.0,874,874,1.0,0.9956238118585403,1.0,True
direct-27020,165500.0,875,875,1.0,0.9956287913544376,1.0,True
direct-27020,166000.0,874,874,1.0,0.9956238118585403,1.0,True
direct-27020,166500.0,873,873,1.0,0.9956188210048429,1.0,True
direct-27020,167000.0,874,874,1.0,0.9956238118585403,1.0,True
direct-27020,167500.0,874,874,1.0,0.9956238118585403,1.0,True
direct-27020,168000.0,874,874,1.0,0.9956238118585403,1.0,True
direct-27020,168500.0,874,874,1.0,0.9956238118585403,1.0,True
direct-27020,169000.0,873,873,1.0,0.9956188210048429,1.0,True
direct-27020,169500.0,875,875,1.0,0.9956287913544376,1.0,True
direct-27020,170000.0,875,875,1.0,0.9956287913544376,1.0,True
direct-27020,170500.0,875,875,1.0,0.9956287913544376,1.0,True
direct-27020,171000.0,875,875,1.0,0.9956287913544376,1.0,True
direct-27020,171500.0,873,873,1.0,0.9956188210048429,1.0,True
direct-27020,172000.0,875,875,1.0,0.9956287913544376,1.0,True
direct-27020,172500.0,876,876,1.0,0.995633759531261,1.0,True
direct-27020,173000.0,875,875,1.0,0.9956287913544376,1.0,True
direct-27020,173500.0,875,875,1.0,0.9956287913544376,1.0,True
direct-27020,174000.0,876,876,1.0,0.995633759531261,1.0,True
direct-27020,174500.0,878,878,1.0,0.9956436620817164,1.0,True
direct-27020,175000.0,879,879,1.0,0.9956485965319258,0.9999999999999999,True
direct-27020,175500.0,877,877,1.0,0.995638716427562,1.0,True
direct-27020,176000.0,877,877,1.0,0.995638716427562,1.0,True
direct-27020,176500.0,879,879,1.0,0.9956485965319258,0.9999999999999999,True
direct-27020,177000.0,876,876,1.0,0.995633759531261,1.0,True
direct-27020,177500.0,875,875,1.0,0.9956287913544376,1.0,True
direct-27020,178000.0,875,875,1.0,0.9956287913544376,1.0,True
direct-27020,178500.0,875,875,1.0,0.9956287913544376,1.0,True
direct-27020,179000.0,876,876,1.0,0.995633759531261,1.0,True
direct-27020,179500.0,875,875,1.0,0.9956287913544376,1.0,True
direct-27020,180000.0,876,876,1.0,0.995633759531261,1.0,True
direct-27020,180500.0,874,874,1.0,0.9956238118585403,1.0,True
direct-27020,181000.0,870,870,1.0,0.9956037799070222,1.0,True
direct-27020,181500.0,869,869,1.0,0.9955987432313033,0.9999999999999999,True
direct-27020,182000.0,865,865,1.0,0.9955784805884064,0.9999999999999999,True
direct-27020,182500.0,859,859,1.0,0.9955477343697846,0.9999999999999999,True
direct-27020,183000.0,854,854,1.0,0.995521783975037,1.0,True
direct-27020,183500.0,839,839,1.0,0.995442085440491,1.0,True
direct-27020,184000.0,828,828,1.0,0.9953818130759511,1.0,True
direct-27020,184500.0,820,820,1.0,0.9953369676889343,1.0,True
direct-27020,185000.0,801,801,1.0,0.9952268868805985,0.9999999999999998,True
direct-27020,185500.0,789,789,1.0,0.9951546437522956,1.0,True
direct-27020,186000.0,776,776,1.0,0.9950738714118353,0.9999999999999999,True
direct-27020,186500.0,735,735,1.0,0.9948005093378607,1.0,True
direct-27020,187000.0,641,641,1.0,0.9940425679732819,0.9999999999999999,True
direct-27020,187500.0,581,581,1.0,0.9934313838140104,0.9999999999999999,True
direct-27020,188000.0,558,558,1.0,0.9931624856543195,0.9999999999999998,True
direct-27020,188500.0,535,535,1.0,0.9928706321115518,0.9999999999999999,True
direct-27020,189000.0,517,517,1.0,0.9926242450679823,1.0,True
direct-27020,189500.0,500,500,1.0,0.9923753814690964,0.9999999999999999,True
direct-27020,190000.0,468,468,1.0,0.9918582846446773,1.0,True
direct-27020,190500.0,401,401,1.0,0.9905108565918125,0.9999999999999999,True
direct-27020,191000.0,144,144,1.0,0.974015432733412,0.9999999999999999,True
direct-27020,191500.0,117,117,1.0,0.9682096231761248,1.0,True
direct-27020,192000.0,104,104,1.0,0.9643773831248793,0.9999999999999999,True
direct-27020,192500.0,87,87,1.0,0.957711004649852,1.0,True
direct-27020,193000.0,74,74,1.0,0.9506484964337834,0.9999999999999998,True
direct-27020,193500.0,58,58,1.0,0.9378800031047062,0.9999999999999999,True
direct-27020,194000.0,41,41,1.0,0.9143295511310926,1.0,True
direct-27020,194500.0,5,5,1.0,0.5655085052479191,1.0,False
rs-primary-local,0.0,886,886,1.0,0.9956828271458652,1.0,True
rs-primary-local,500.0,887,887,1.0,0.9956876733192523,1.0,True
rs-primary-local,1000.0,886,886,1.0,0.9956828271458652,1.0,True
rs-primary-local,1500.0,889,889,1.0,0.9956973330991744,0.9999999999999999,True
rs-primary-local,2000.0,887,887,1.0,0.9956876733192523,1.0,True
rs-primary-local,2500.0,884,884,1.0,0.9956731020488339,1.0,True
rs-primary-local,3000.0,885,885,1.0,0.9956779700680075,0.9999999999999999,True
rs-primary-local,3500.0,885,885,1.0,0.9956779700680075,0.9999999999999999,True
rs-primary-local,4000.0,885,885,1.0,0.9956779700680075,0.9999999999999999,True
rs-primary-local,4500.0,884,884,1.0,0.9956731020488339,1.0,True
rs-primary-local,5000.0,884,884,1.0,0.9956731020488339,1.0,True
rs-primary-local,5500.0,886,886,1.0,0.9956828271458652,1.0,True
rs-primary-local,6000.0,884,884,1.0,0.9956731020488339,1.0,True
rs-primary-local,6500.0,884,884,1.0,0.9956731020488339,1.0,True
rs-primary-local,7000.0,883,883,1.0,0.9956682230513316,0.9999999999999998,True
rs-primary-local,7500.0,882,882,1.0,0.9956633330383221,1.0,True
rs-primary-local,8000.0,880,880,1.0,0.9956535198162204,1.0,True
rs-primary-local,8500.0,877,877,1.0,0.995638716427562,1.0,True
rs-primary-local,9000.0,877,877,1.0,0.995638716427562,1.0,True
rs-primary-local,9500.0,877,877,1.0,0.995638716427562,1.0,True
rs-primary-local,10000.0,877,877,1.0,0.995638716427562,1.0,True
rs-primary-local,10500.0,877,877,1.0,0.995638716427562,1.0,True
rs-primary-local,11000.0,877,877,1.0,0.995638716427562,1.0,True
rs-primary-local,11500.0,877,877,1.0,0.995638716427562,1.0,True
rs-primary-local,12000.0,877,877,1.0,0.995638716427562,1.0,True
rs-primary-local,12500.0,877,877,1.0,0.995638716427562,1.0,True
rs-primary-local,13000.0,876,876,1.0,0.995633759531261,1.0,True
rs-primary-local,13500.0,878,878,1.0,0.9956436620817164,1.0,True
rs-primary-local,14000.0,877,877,1.0,0.995638716427562,1.0,True
rs-primary-local,14500.0,877,877,1.0,0.995638716427562,1.0,True
rs-primary-local,15000.0,877,877,1.0,0.995638716427562,1.0,True
rs-primary-local,15500.0,877,877,1.0,0.995638716427562,1.0,True
rs-primary-local,16000.0,877,877,1.0,0.995638716427562,1.0,True
rs-primary-local,16500.0,879,879,1.0,0.9956485965319258,0.9999999999999999,True
rs-primary-local,17000.0,881,881,1.0,0.9956584319724571,1.0,True
rs-primary-local,17500.0,881,881,1.0,0.9956584319724571,1.0,True
rs-primary-local,18000.0,881,881,1.0,0.9956584319724571,1.0,True
rs-primary-local,18500.0,881,881,1.0,0.9956584319724571,1.0,True
rs-primary-local,19000.0,881,881,1.0,0.9956584319724571,1.0,True
rs-primary-local,19500.0,879,879,1.0,0.9956485965319258,0.9999999999999999,True
rs-primary-local,20000.0,878,878,1.0,0.9956436620817164,1.0,True
rs-primary-local,20500.0,878,878,1.0,0.9956436620817164,1.0,True
rs-primary-local,21000.0,877,877,1.0,0.995638716427562,1.0,True
rs-primary-local,21500.0,877,877,1.0,0.995638716427562,1.0,True
rs-primary-local,22000.0,878,878,1.0,0.9956436620817164,1.0,True
rs-primary-local,22500.0,877,877,1.0,0.995638716427562,1.0,True
rs-primary-local,23000.0,878,878,1.0,0.9956436620817164,1.0,True
rs-primary-local,23500.0,878,878,1.0,0.9956436620817164,1.0,True
rs-primary-local,24000.0,878,878,1.0,0.9956436620817164,1.0,True
rs-primary-local,24500.0,879,879,1.0,0.9956485965319258,0.9999999999999999,True
rs-primary-local,25000.0,879,879,1.0,0.9956485965319258,0.9999999999999999,True
rs-primary-local,25500.0,879,879,1.0,0.9956485965319258,0.9999999999999999,True
rs-primary-local,26000.0,878,878,1.0,0.9956436620817164,1.0,True
rs-primary-local,26500.0,878,878,1.0,0.9956436620817164,1.0,True
rs-primary-local,27000.0,878,878,1.0,0.9956436620817164,1.0,True
rs-primary-local,27500.0,878,878,1.0,0.9956436620817164,1.0,True
rs-primary-local,28000.0,878,878,1.0,0.9956436620817164,1.0,True
rs-primary-local,28500.0,878,878,1.0,0.9956436620817164,1.0,True
rs-primary-local,29000.0,878,878,1.0,0.9956436620817164,1.0,True
rs-primary-local,29500.0,878,878,1.0,0.9956436620817164,1.0,True
rs-primary-local,30000.0,878,878,1.0,0.9956436620817164,1.0,True
rs-primary-local,30500.0,878,878,1.0,0.9956436620817164,1.0,True
rs-primary-local,31000.0,878,878,1.0,0.9956436620817164,1.0,True
rs-primary-local,31500.0,878,878,1.0,0.9956436620817164,1.0,True
rs-primary-local,32000.0,878,878,1.0,0.9956436620817164,1.0,True
rs-primary-local,32500.0,878,878,1.0,0.9956436620817164,1.0,True
rs-primary-local,33000.0,878,878,1.0,0.9956436620817164,1.0,True
rs-primary-local,33500.0,878,878,1.0,0.9956436620817164,1.0,True
rs-primary-local,34000.0,878,878,1.0,0.9956436620817164,1.0,True
rs-primary-local,34500.0,878,878,1.0,0.9956436620817164,1.0,True
rs-primary-local,35000.0,878,878,1.0,0.9956436620817164,1.0,True
rs-primary-local,35500.0,878,878,1.0,0.9956436620817164,1.0,True
rs-primary-local,36000.0,878,878,1.0,0.9956436620817164,1.0,True
rs-primary-local,36500.0,878,878,1.0,0.9956436620817164,1.0,True
rs-primary-local,37000.0,877,877,1.0,0.995638716427562,1.0,True
rs-primary-local,37500.0,879,879,1.0,0.9956485965319258,0.9999999999999999,True
rs-primary-local,38000.0,878,878,1.0,0.9956436620817164,1.0,True
rs-primary-local,38500.0,877,877,1.0,0.995638716427562,1.0,True
rs-primary-local,39000.0,877,877,1.0,0.995638716427562,1.0,True
rs-primary-local,39500.0,877,877,1.0,0.995638716427562,1.0,True
rs-primary-local,40000.0,877,877,1.0,0.995638716427562,1.0,True
rs-primary-local,40500.0,877,877,1.0,0.995638716427562,1.0,True
rs-primary-local,41000.0,877,877,1.0,0.995638716427562,1.0,True
rs-primary-local,41500.0,876,876,1.0,0.995633759531261,1.0,True
rs-primary-local,42000.0,878,878,1.0,0.9956436620817164,1.0,True
rs-primary-local,42500.0,877,877,1.0,0.995638716427562,1.0,True
rs-primary-local,43000.0,877,877,1.0,0.995638716427562,1.0,True
rs-primary-local,43500.0,877,877,1.0,0.995638716427562,1.0,True
rs-primary-local,44000.0,877,877,1.0,0.995638716427562,1.0,True
rs-primary-local,44500.0,877,877,1.0,0.995638716427562,1.0,True
rs-primary-local,45000.0,877,877,1.0,0.995638716427562,1.0,True
rs-primary-local,45500.0,877,877,1.0,0.995638716427562,1.0,True
rs-primary-local,46000.0,877,877,1.0,0.995638716427562,1.0,True
rs-primary-local,46500.0,877,877,1.0,0.995638716427562,1.0,True
rs-primary-local,47000.0,877,877,1.0,0.995638716427562,1.0,True
rs-primary-local,47500.0,877,877,1.0,0.995638716427562,1.0,True
rs-primary-local,48000.0,877,877,1.0,0.995638716427562,1.0,True
rs-primary-local,48500.0,877,877,1.0,0.995638716427562,1.0,True
rs-primary-local,49000.0,877,877,1.0,0.995638716427562,1.0,True
rs-primary-local,49500.0,877,877,1.0,0.995638716427562,1.0,True
rs-primary-local,50000.0,877,877,1.0,0.995638716427562,1.0,True
rs-primary-local,50500.0,877,877,1.0,0.995638716427562,1.0,True
rs-primary-local,51000.0,877,877,1.0,0.995638716427562,1.0,True
rs-primary-local,51500.0,877,877,1.0,0.995638716427562,1.0,True
rs-primary-local,52000.0,877,877,1.0,0.995638716427562,1.0,True
rs-primary-local,52500.0,877,877,1.0,0.995638716427562,1.0,True
rs-primary-local,53000.0,877,877,1.0,0.995638716427562,1.0,True
rs-primary-local,53500.0,877,877,1.0,0.995638716427562,1.0,True
rs-primary-local,54000.0,877,877,1.0,0.995638716427562,1.0,True
rs-primary-local,54500.0,877,877,1.0,0.995638716427562,1.0,True
rs-primary-local,55000.0,876,876,1.0,0.995633759531261,1.0,True
rs-primary-local,55500.0,876,876,1.0,0.995633759531261,1.0,True
rs-primary-local,56000.0,876,876,1.0,0.995633759531261,1.0,True
rs-primary-local,56500.0,876,876,1.0,0.995633759531261,1.0,True
rs-primary-local,57000.0,876,876,1.0,0.995633759531261,1.0,True
rs-primary-local,57500.0,876,876,1.0,0.995633759531261,1.0,True
rs-primary-local,58000.0,876,876,1.0,0.995633759531261,1.0,True
rs-primary-local,58500.0,876,876,1.0,0.995633759531261,1.0,True
rs-primary-local,59000.0,876,876,1.0,0.995633759531261,1.0,True
rs-primary-local,59500.0,876,876,1.0,0.995633759531261,1.0,True
rs-primary-local,60000.0,876,876,1.0,0.995633759531261,1.0,True
rs-primary-local,60500.0,876,876,1.0,0.995633759531261,1.0,True
rs-primary-local,61000.0,876,876,1.0,0.995633759531261,1.0,True
rs-primary-local,61500.0,876,876,1.0,0.995633759531261,1.0,True
rs-primary-local,62000.0,876,876,1.0,0.995633759531261,1.0,True
rs-primary-local,62500.0,876,876,1.0,0.995633759531261,1.0,True
rs-primary-local,63000.0,876,876,1.0,0.995633759531261,1.0,True
rs-primary-local,63500.0,876,876,1.0,0.995633759531261,1.0,True
rs-primary-local,64000.0,876,876,1.0,0.995633759531261,1.0,True
rs-primary-local,64500.0,876,876,1.0,0.995633759531261,1.0,True
rs-primary-local,65000.0,876,876,1.0,0.995633759531261,1.0,True
rs-primary-local,65500.0,876,876,1.0,0.995633759531261,1.0,True
rs-primary-local,66000.0,876,876,1.0,0.995633759531261,1.0,True
rs-primary-local,66500.0,876,876,1.0,0.995633759531261,1.0,True
rs-primary-local,67000.0,876,876,1.0,0.995633759531261,1.0,True
rs-primary-local,67500.0,876,876,1.0,0.995633759531261,1.0,True
rs-primary-local,68000.0,876,876,1.0,0.995633759531261,1.0,True
rs-primary-local,68500.0,876,876,1.0,0.995633759531261,1.0,True
rs-primary-local,69000.0,876,876,1.0,0.995633759531261,1.0,True
rs-primary-local,69500.0,875,875,1.0,0.9956287913544376,1.0,True
rs-primary-local,70000.0,876,876,1.0,0.995633759531261,1.0,True
rs-primary-local,70500.0,875,875,1.0,0.9956287913544376,1.0,True
rs-primary-local,71000.0,880,880,1.0,0.9956535198162204,1.0,True
rs-primary-local,71500.0,879,879,1.0,0.9956485965319258,0.9999999999999999,True
rs-primary-local,72000.0,880,880,1.0,0.9956535198162204,1.0,True
rs-primary-local,72500.0,879,879,1.0,0.9956485965319258,0.9999999999999999,True
rs-primary-local,73000.0,878,878,1.0,0.9956436620817164,1.0,True
rs-primary-local,73500.0,880,880,1.0,0.9956535198162204,1.0,True
rs-primary-local,74000.0,874,874,1.0,0.9956238118585403,1.0,True
rs-primary-local,74500.0,883,883,1.0,0.9956682230513316,0.9999999999999998,True
rs-primary-local,75000.0,884,884,1.0,0.9956731020488339,1.0,True
rs-primary-local,75500.0,882,882,1.0,0.9956633330383221,1.0,True
rs-primary-local,76000.0,874,874,1.0,0.9956238118585403,1.0,True
rs-primary-local,76500.0,882,882,1.0,0.9956633330383221,1.0,True
rs-primary-local,77000.0,882,882,1.0,0.9956633330383221,1.0,True
rs-primary-local,77500.0,881,881,1.0,0.9956584319724571,1.0,True
rs-primary-local,78000.0,877,877,1.0,0.995638716427562,1.0,True
rs-primary-local,78500.0,883,883,1.0,0.9956682230513316,0.9999999999999998,True
rs-primary-local,79000.0,882,882,1.0,0.9956633330383221,1.0,True
rs-primary-local,79500.0,879,879,1.0,0.9956485965319258,0.9999999999999999,True
rs-primary-local,80000.0,881,881,1.0,0.9956584319724571,1.0,True
rs-primary-local,80500.0,880,880,1.0,0.9956535198162204,1.0,True
rs-primary-local,81000.0,878,878,1.0,0.9956436620817164,1.0,True
rs-primary-local,81500.0,881,881,1.0,0.9956584319724571,1.0,True
rs-primary-local,82000.0,879,879,1.0,0.9956485965319258,0.9999999999999999,True
rs-primary-local,82500.0,877,877,1.0,0.995638716427562,1.0,True
rs-primary-local,83000.0,877,877,1.0,0.995638716427562,1.0,True
rs-primary-local,83500.0,877,877,1.0,0.995638716427562,1.0,True
rs-primary-local,84000.0,877,877,1.0,0.995638716427562,1.0,True
rs-primary-local,84500.0,877,877,1.0,0.995638716427562,1.0,True
rs-primary-local,85000.0,877,877,1.0,0.995638716427562,1.0,True
rs-primary-local,85500.0,877,877,1.0,0.995638716427562,1.0,True
rs-primary-local,86000.0,877,877,1.0,0.995638716427562,1.0,True
rs-primary-local,86500.0,877,877,1.0,0.995638716427562,1.0,True
rs-primary-local,87000.0,876,876,1.0,0.995633759531261,1.0,True
rs-primary-local,87500.0,876,876,1.0,0.995633759531261,1.0,True
rs-primary-local,88000.0,876,876,1.0,0.995633759531261,1.0,True
rs-primary-local,88500.0,876,876,1.0,0.995633759531261,1.0,True
rs-primary-local,89000.0,876,876,1.0,0.995633759531261,1.0,True
rs-primary-local,89500.0,876,876,1.0,0.995633759531261,1.0,True
rs-primary-local,90000.0,876,876,1.0,0.995633759531261,1.0,True
rs-primary-local,90500.0,876,876,1.0,0.995633759531261,1.0,True
rs-primary-local,91000.0,876,876,1.0,0.995633759531261,1.0,True
rs-primary-local,91500.0,876,876,1.0,0.995633759531261,1.0,True
rs-primary-local,92000.0,876,876,1.0,0.995633759531261,1.0,True
rs-primary-local,92500.0,876,876,1.0,0.995633759531261,1.0,True
rs-primary-local,93000.0,876,876,1.0,0.995633759531261,1.0,True
rs-primary-local,93500.0,875,875,1.0,0.9956287913544376,1.0,True
rs-primary-local,94000.0,875,875,1.0,0.9956287913544376,1.0,True
rs-primary-local,94500.0,875,875,1.0,0.9956287913544376,1.0,True
rs-primary-local,95000.0,875,875,1.0,0.9956287913544376,1.0,True
rs-primary-local,95500.0,875,875,1.0,0.9956287913544376,1.0,True
rs-primary-local,96000.0,875,875,1.0,0.9956287913544376,1.0,True
rs-primary-local,96500.0,875,875,1.0,0.9956287913544376,1.0,True
rs-primary-local,97000.0,875,875,1.0,0.9956287913544376,1.0,True
rs-primary-local,97500.0,875,875,1.0,0.9956287913544376,1.0,True
rs-primary-local,98000.0,875,875,1.0,0.9956287913544376,1.0,True
rs-primary-local,98500.0,875,875,1.0,0.9956287913544376,1.0,True
rs-primary-local,99000.0,875,875,1.0,0.9956287913544376,1.0,True
rs-primary-local,99500.0,875,875,1.0,0.9956287913544376,1.0,True
rs-primary-local,100000.0,875,875,1.0,0.9956287913544376,1.0,True
rs-primary-local,100500.0,875,875,1.0,0.9956287913544376,1.0,True
rs-primary-local,101000.0,876,876,1.0,0.995633759531261,1.0,True
rs-primary-local,101500.0,877,877,1.0,0.995638716427562,1.0,True
rs-primary-local,102000.0,878,878,1.0,0.9956436620817164,1.0,True
rs-primary-local,102500.0,878,878,1.0,0.9956436620817164,1.0,True
rs-primary-local,103000.0,879,879,1.0,0.9956485965319258,0.9999999999999999,True
rs-primary-local,103500.0,878,878,1.0,0.9956436620817164,1.0,True
rs-primary-local,104000.0,880,880,1.0,0.9956535198162204,1.0,True
rs-primary-local,104500.0,881,881,1.0,0.9956584319724571,1.0,True
rs-primary-local,105000.0,882,882,1.0,0.9956633330383221,1.0,True
rs-primary-local,105500.0,882,882,1.0,0.9956633330383221,1.0,True
rs-primary-local,106000.0,883,883,1.0,0.9956682230513316,0.9999999999999998,True
rs-primary-local,106500.0,887,887,1.0,0.9956876733192523,1.0,True
rs-primary-local,107000.0,887,887,1.0,0.9956876733192523,1.0,True
rs-primary-local,107500.0,885,885,1.0,0.9956779700680075,0.9999999999999999,True
rs-primary-local,108000.0,880,880,1.0,0.9956535198162204,1.0,True
rs-primary-local,108500.0,880,880,1.0,0.9956535198162204,1.0,True
rs-primary-local,109000.0,880,880,1.0,0.9956535198162204,1.0,True
rs-primary-local,109500.0,880,880,1.0,0.9956535198162204,1.0,True
rs-primary-local,110000.0,880,880,1.0,0.9956535198162204,1.0,True
rs-primary-local,110500.0,881,881,1.0,0.9956584319724571,1.0,True
rs-primary-local,111000.0,880,880,1.0,0.9956535198162204,1.0,True
rs-primary-local,111500.0,880,880,1.0,0.9956535198162204,1.0,True
rs-primary-local,112000.0,880,880,1.0,0.9956535198162204,1.0,True
rs-primary-local,112500.0,880,880,1.0,0.9956535198162204,1.0,True
rs-primary-local,113000.0,880,880,1.0,0.9956535198162204,1.0,True
rs-primary-local,113500.0,880,880,1.0,0.9956535198162204,1.0,True
rs-primary-local,114000.0,879,879,1.0,0.9956485965319258,0.9999999999999999,True
rs-primary-local,114500.0,880,880,1.0,0.9956535198162204,1.0,True
rs-primary-local,115000.0,880,880,1.0,0.9956535198162204,1.0,True
rs-primary-local,115500.0,881,881,1.0,0.9956584319724571,1.0,True
rs-primary-local,116000.0,880,880,1.0,0.9956535198162204,1.0,True
rs-primary-local,116500.0,875,875,1.0,0.9956287913544376,1.0,True
rs-primary-local,117000.0,879,879,1.0,0.9956485965319258,0.9999999999999999,True
rs-primary-local,117500.0,876,876,1.0,0.995633759531261,1.0,True
rs-primary-local,118000.0,876,876,1.0,0.995633759531261,1.0,True
rs-primary-local,118500.0,876,876,1.0,0.995633759531261,1.0,True
rs-primary-local,119000.0,876,876,1.0,0.995633759531261,1.0,True
rs-primary-local,119500.0,875,875,1.0,0.9956287913544376,1.0,True
rs-primary-local,120000.0,877,877,1.0,0.995638716427562,1.0,True
rs-primary-local,120500.0,875,875,1.0,0.9956287913544376,1.0,True
rs-primary-local,121000.0,877,877,1.0,0.995638716427562,1.0,True
rs-primary-local,121500.0,876,876,1.0,0.995633759531261,1.0,True
rs-primary-local,122000.0,876,876,1.0,0.995633759531261,1.0,True
rs-primary-local,122500.0,875,875,1.0,0.9956287913544376,1.0,True
rs-primary-local,123000.0,877,877,1.0,0.995638716427562,1.0,True
rs-primary-local,123500.0,876,876,1.0,0.995633759531261,1.0,True
rs-primary-local,124000.0,876,876,1.0,0.995633759531261,1.0,True
rs-primary-local,124500.0,876,876,1.0,0.995633759531261,1.0,True
rs-primary-local,125000.0,874,874,1.0,0.9956238118585403,1.0,True
rs-primary-local,125500.0,878,878,1.0,0.9956436620817164,1.0,True
rs-primary-local,126000.0,875,875,1.0,0.9956287913544376,1.0,True
rs-primary-local,126500.0,875,875,1.0,0.9956287913544376,1.0,True
rs-primary-local,127000.0,877,877,1.0,0.995638716427562,1.0,True
rs-primary-local,127500.0,876,876,1.0,0.995633759531261,1.0,True
rs-primary-local,128000.0,877,877,1.0,0.995638716427562,1.0,True
rs-primary-local,128500.0,875,875,1.0,0.9956287913544376,1.0,True
rs-primary-local,129000.0,877,877,1.0,0.995638716427562,1.0,True
rs-primary-local,129500.0,875,875,1.0,0.9956287913544376,1.0,True
rs-primary-local,130000.0,877,877,1.0,0.995638716427562,1.0,True
rs-primary-local,130500.0,876,876,1.0,0.995633759531261,1.0,True
rs-primary-local,131000.0,876,876,1.0,0.995633759531261,1.0,True
rs-primary-local,131500.0,876,876,1.0,0.995633759531261,1.0,True
rs-primary-local,132000.0,876,876,1.0,0.995633759531261,1.0,True
rs-primary-local,132500.0,876,876,1.0,0.995633759531261,1.0,True
rs-primary-local,133000.0,876,876,1.0,0.995633759531261,1.0,True
rs-primary-local,133500.0,876,876,1.0,0.995633759531261,1.0,True
rs-primary-local,134000.0,876,876,1.0,0.995633759531261,1.0,True
rs-primary-local,134500.0,876,876,1.0,0.995633759531261,1.0,True
rs-primary-local,135000.0,876,876,1.0,0.995633759531261,1.0,True
rs-primary-local,135500.0,876,876,1.0,0.995633759531261,1.0,True
rs-primary-local,136000.0,876,876,1.0,0.995633759531261,1.0,True
rs-primary-local,136500.0,876,876,1.0,0.995633759531261,1.0,True
rs-primary-local,137000.0,876,876,1.0,0.995633759531261,1.0,True
rs-primary-local,137500.0,876,876,1.0,0.995633759531261,1.0,True
rs-primary-local,138000.0,875,875,1.0,0.9956287913544376,1.0,True
rs-primary-local,138500.0,877,877,1.0,0.995638716427562,1.0,True
rs-primary-local,139000.0,876,876,1.0,0.995633759531261,1.0,True
rs-primary-local,139500.0,876,876,1.0,0.995633759531261,1.0,True
rs-primary-local,140000.0,876,876,1.0,0.995633759531261,1.0,True
rs-primary-local,140500.0,876,876,1.0,0.995633759531261,1.0,True
rs-primary-local,141000.0,876,876,1.0,0.995633759531261,1.0,True
rs-primary-local,141500.0,876,876,1.0,0.995633759531261,1.0,True
rs-primary-local,142000.0,875,875,1.0,0.9956287913544376,1.0,True
rs-primary-local,142500.0,877,877,1.0,0.995638716427562,1.0,True
rs-primary-local,143000.0,875,875,1.0,0.9956287913544376,1.0,True
rs-primary-local,143500.0,875,875,1.0,0.9956287913544376,1.0,True
rs-primary-local,144000.0,875,875,1.0,0.9956287913544376,1.0,True
rs-primary-local,144500.0,875,875,1.0,0.9956287913544376,1.0,True
rs-primary-local,145000.0,875,875,1.0,0.9956287913544376,1.0,True
rs-primary-local,145500.0,875,875,1.0,0.9956287913544376,1.0,True
rs-primary-local,146000.0,875,875,1.0,0.9956287913544376,1.0,True
rs-primary-local,146500.0,875,875,1.0,0.9956287913544376,1.0,True
rs-primary-local,147000.0,875,875,1.0,0.9956287913544376,1.0,True
rs-primary-local,147500.0,875,875,1.0,0.9956287913544376,1.0,True
rs-primary-local,148000.0,875,875,1.0,0.9956287913544376,1.0,True
rs-primary-local,148500.0,875,875,1.0,0.9956287913544376,1.0,True
rs-primary-local,149000.0,875,875,1.0,0.9956287913544376,1.0,True
rs-primary-local,149500.0,875,875,1.0,0.9956287913544376,1.0,True
rs-primary-local,150000.0,875,875,1.0,0.9956287913544376,1.0,True
rs-primary-local,150500.0,875,875,1.0,0.9956287913544376,1.0,True
rs-primary-local,151000.0,875,875,1.0,0.9956287913544376,1.0,True
rs-primary-local,151500.0,875,875,1.0,0.9956287913544376,1.0,True
rs-primary-local,152000.0,875,875,1.0,0.9956287913544376,1.0,True
rs-primary-local,152500.0,875,875,1.0,0.9956287913544376,1.0,True
rs-primary-local,153000.0,875,875,1.0,0.9956287913544376,1.0,True
rs-primary-local,153500.0,875,875,1.0,0.9956287913544376,1.0,True
rs-primary-local,154000.0,875,875,1.0,0.9956287913544376,1.0,True
rs-primary-local,154500.0,875,875,1.0,0.9956287913544376,1.0,True
rs-primary-local,155000.0,875,875,1.0,0.9956287913544376,1.0,True
rs-primary-local,155500.0,875,875,1.0,0.9956287913544376,1.0,True
rs-primary-local,156000.0,875,875,1.0,0.9956287913544376,1.0,True
rs-primary-local,156500.0,875,875,1.0,0.9956287913544376,1.0,True
rs-primary-local,157000.0,875,875,1.0,0.9956287913544376,1.0,True
rs-primary-local,157500.0,875,875,1.0,0.9956287913544376,1.0,True
rs-primary-local,158000.0,875,875,1.0,0.9956287913544376,1.0,True
rs-primary-local,158500.0,875,875,1.0,0.9956287913544376,1.0,True
rs-primary-local,159000.0,875,875,1.0,0.9956287913544376,1.0,True
rs-primary-local,159500.0,875,875,1.0,0.9956287913544376,1.0,True
rs-primary-local,160000.0,875,875,1.0,0.9956287913544376,1.0,True
rs-primary-local,160500.0,877,877,1.0,0.995638716427562,1.0,True
rs-primary-local,161000.0,877,877,1.0,0.995638716427562,1.0,True
rs-primary-local,161500.0,879,879,1.0,0.9956485965319258,0.9999999999999999,True
rs-primary-local,162000.0,879,879,1.0,0.9956485965319258,0.9999999999999999,True
rs-primary-local,162500.0,878,878,1.0,0.9956436620817164,1.0,True
rs-primary-local,163000.0,878,878,1.0,0.9956436620817164,1.0,True
rs-primary-local,163500.0,879,879,1.0,0.9956485965319258,0.9999999999999999,True
rs-primary-local,164000.0,879,879,1.0,0.9956485965319258,0.9999999999999999,True
rs-primary-local,164500.0,878,878,1.0,0.9956436620817164,1.0,True
rs-primary-local,165000.0,878,878,1.0,0.9956436620817164,1.0,True
rs-primary-local,165500.0,880,880,1.0,0.9956535198162204,1.0,True
rs-primary-local,166000.0,882,882,1.0,0.9956633330383221,1.0,True
rs-primary-local,166500.0,881,881,1.0,0.9956584319724571,1.0,True
rs-primary-local,167000.0,882,882,1.0,0.9956633330383221,1.0,True
rs-primary-local,167500.0,881,881,1.0,0.9956584319724571,1.0,True
rs-primary-local,168000.0,881,881,1.0,0.9956584319724571,1.0,True
rs-primary-local,168500.0,880,880,1.0,0.9956535198162204,1.0,True
rs-primary-local,169000.0,879,879,1.0,0.9956485965319258,0.9999999999999999,True
rs-primary-local,169500.0,877,877,1.0,0.995638716427562,1.0,True
rs-primary-local,170000.0,878,878,1.0,0.9956436620817164,1.0,True
rs-primary-local,170500.0,874,874,1.0,0.9956238118585403,1.0,True
rs-primary-local,171000.0,876,876,1.0,0.995633759531261,1.0,True
rs-primary-local,171500.0,877,877,1.0,0.995638716427562,1.0,True
rs-primary-local,172000.0,876,876,1.0,0.995633759531261,1.0,True
rs-primary-local,172500.0,876,876,1.0,0.995633759531261,1.0,True
rs-primary-local,173000.0,876,876,1.0,0.995633759531261,1.0,True
rs-primary-local,173500.0,876,876,1.0,0.995633759531261,1.0,True
rs-primary-local,174000.0,875,875,1.0,0.9956287913544376,1.0,True
rs-primary-local,174500.0,876,876,1.0,0.995633759531261,1.0,True
rs-primary-local,175000.0,876,876,1.0,0.995633759531261,1.0,True
rs-primary-local,175500.0,877,877,1.0,0.995638716427562,1.0,True
rs-primary-local,176000.0,877,877,1.0,0.995638716427562,1.0,True
rs-primary-local,176500.0,875,875,1.0,0.9956287913544376,1.0,True
rs-primary-local,177000.0,875,875,1.0,0.9956287913544376,1.0,True
rs-primary-local,177500.0,875,875,1.0,0.9956287913544376,1.0,True
rs-primary-local,178000.0,876,876,1.0,0.995633759531261,1.0,True
rs-primary-local,178500.0,875,875,1.0,0.9956287913544376,1.0,True
rs-primary-local,179000.0,875,875,1.0,0.9956287913544376,1.0,True
rs-primary-local,179500.0,876,876,1.0,0.995633759531261,1.0,True
rs-primary-local,180000.0,874,874,1.0,0.9956238118585403,1.0,True
rs-primary-local,180500.0,873,873,1.0,0.9956188210048429,1.0,True
rs-primary-local,181000.0,874,874,1.0,0.9956238118585403,1.0,True
rs-primary-local,181500.0,872,872,1.0,0.9956138187544413,0.9999999999999999,True
rs-primary-local,182000.0,868,868,1.0,0.9955936950014773,0.9999999999999999,True
rs-primary-local,182500.0,862,862,1.0,0.9955631607444132,0.9999999999999999,True
rs-primary-local,183000.0,849,849,1.0,0.9954955292987585,1.0,True
rs-primary-local,183500.0,834,834,1.0,0.9954148851047738,0.9999999999999999,True
rs-primary-local,184000.0,822,822,1.0,0.9953482604896629,1.0,True
rs-primary-local,184500.0,803,803,1.0,0.9952387184795628,1.0,True
rs-primary-local,185000.0,781,781,1.0,0.9951052543596057,1.0,True
rs-primary-local,185500.0,760,760,1.0,0.9949706850216068,1.0,True
rs-primary-local,186000.0,730,730,1.0,0.9947650828189627,1.0,True
rs-primary-local,186500.0,701,701,1.0,0.9945496974071905,0.9999999999999999,True
rs-primary-local,187000.0,631,631,1.0,0.9939487267375043,1.0,True
rs-primary-local,187500.0,581,581,1.0,0.9934313838140104,0.9999999999999999,True
rs-primary-local,188000.0,547,547,1.0,0.9930259443005031,0.9999999999999999,True
rs-primary-local,188500.0,518,518,1.0,0.9926383791556672,1.0,True
rs-primary-local,189000.0,477,477,1.0,0.9920106746171712,0.9999999999999999,True
rs-primary-local,189500.0,449,449,1.0,0.9915166804463195,1.0,True
rs-primary-local,190000.0,408,408,1.0,0.9906721419108706,1.0,True
rs-primary-local,190500.0,363,363,1.0,0.989527905232122,1.0,True
rs-primary-local,191000.0,182,182,1.0,0.9793286325558971,1.0,True
rs-primary-local,191500.0,154,154,1.0,0.9756616760093663,0.9999999999999999,True
rs-primary-local,192000.0,127,127,1.0,0.9706393073762475,1.0,True
rs-primary-local,192500.0,100,100,1.0,0.9630051925239981,0.9999999999999999,True
rs-primary-local,193000.0,76,76,1.0,0.9518847317689024,0.9999999999999999,True
rs-primary-local,193500.0,54,54,1.0,0.9335841332189981,1.0,True
rs-primary-local,194000.0,37,37,1.0,0.9059390425448564,1.0,True
rs-primary-local,194500.0,5,5,1.0,0.5655085052479191,1.0,False
rs-primary-local,195000.0,1,1,1.0,0.20654329147389294,1.0,False
rs-primary-local,195500.0,1,1,1.0,0.20654329147389294,1.0,False
rs-primary-local,196000.0,1,1,1.0,0.20654329147389294,1.0,False
rs-primary-local,196500.0,1,1,1.0,0.20654329147389294,1.0,False
rs-primary-local,197000.0,1,1,1.0,0.20654329147389294,1.0,False
rs-secondary-causal-local,0.0,878,878,1.0,0.9956436620817164,1.0,True
rs-secondary-causal-local,500.0,878,878,1.0,0.9956436620817164,1.0,True
rs-secondary-causal-local,1000.0,878,878,1.0,0.9956436620817164,1.0,True
rs-secondary-causal-local,1500.0,879,879,1.0,0.9956485965319258,0.9999999999999999,True
rs-secondary-causal-local,2000.0,878,878,1.0,0.9956436620817164,1.0,True
rs-secondary-causal-local,2500.0,879,879,1.0,0.9956485965319258,0.9999999999999999,True
rs-secondary-causal-local,3000.0,878,878,1.0,0.9956436620817164,1.0,True
rs-secondary-causal-local,3500.0,878,878,1.0,0.9956436620817164,1.0,True
rs-secondary-causal-local,4000.0,879,879,1.0,0.9956485965319258,0.9999999999999999,True
rs-secondary-causal-local,4500.0,879,879,1.0,0.9956485965319258,0.9999999999999999,True
rs-secondary-causal-local,5000.0,877,877,1.0,0.995638716427562,1.0,True
rs-secondary-causal-local,5500.0,877,877,1.0,0.995638716427562,1.0,True
rs-secondary-causal-local,6000.0,877,877,1.0,0.995638716427562,1.0,True
rs-secondary-causal-local,6500.0,876,876,1.0,0.995633759531261,1.0,True
rs-secondary-causal-local,7000.0,877,877,1.0,0.995638716427562,1.0,True
rs-secondary-causal-local,7500.0,875,875,1.0,0.9956287913544376,1.0,True
rs-secondary-causal-local,8000.0,878,878,1.0,0.9956436620817164,1.0,True
rs-secondary-causal-local,8500.0,871,871,1.0,0.9956088050682548,1.0,True
rs-secondary-causal-local,9000.0,876,876,1.0,0.995633759531261,1.0,True
rs-secondary-causal-local,9500.0,877,877,1.0,0.995638716427562,1.0,True
rs-secondary-causal-local,10000.0,881,881,1.0,0.9956584319724571,1.0,True
rs-secondary-causal-local,10500.0,873,873,1.0,0.9956188210048429,1.0,True
rs-secondary-causal-local,11000.0,879,879,1.0,0.9956485965319258,0.9999999999999999,True
rs-secondary-causal-local,11500.0,878,878,1.0,0.9956436620817164,1.0,True
rs-secondary-causal-local,12000.0,880,880,1.0,0.9956535198162204,1.0,True
rs-secondary-causal-local,12500.0,875,875,1.0,0.9956287913544376,1.0,True
rs-secondary-causal-local,13000.0,877,877,1.0,0.995638716427562,1.0,True
rs-secondary-causal-local,13500.0,877,877,1.0,0.995638716427562,1.0,True
rs-secondary-causal-local,14000.0,879,879,1.0,0.9956485965319258,0.9999999999999999,True
rs-secondary-causal-local,14500.0,879,879,1.0,0.9956485965319258,0.9999999999999999,True
rs-secondary-causal-local,15000.0,878,878,1.0,0.9956436620817164,1.0,True
rs-secondary-causal-local,15500.0,876,876,1.0,0.995633759531261,1.0,True
rs-secondary-causal-local,16000.0,877,877,1.0,0.995638716427562,1.0,True
rs-secondary-causal-local,16500.0,877,877,1.0,0.995638716427562,1.0,True
rs-secondary-causal-local,17000.0,878,878,1.0,0.9956436620817164,1.0,True
rs-secondary-causal-local,17500.0,877,877,1.0,0.995638716427562,1.0,True
rs-secondary-causal-local,18000.0,877,877,1.0,0.995638716427562,1.0,True
rs-secondary-causal-local,18500.0,877,877,1.0,0.995638716427562,1.0,True
rs-secondary-causal-local,19000.0,877,877,1.0,0.995638716427562,1.0,True
rs-secondary-causal-local,19500.0,876,876,1.0,0.995633759531261,1.0,True
rs-secondary-causal-local,20000.0,877,877,1.0,0.995638716427562,1.0,True
rs-secondary-causal-local,20500.0,877,877,1.0,0.995638716427562,1.0,True
rs-secondary-causal-local,21000.0,876,876,1.0,0.995633759531261,1.0,True
rs-secondary-causal-local,21500.0,875,875,1.0,0.9956287913544376,1.0,True
rs-secondary-causal-local,22000.0,877,877,1.0,0.995638716427562,1.0,True
rs-secondary-causal-local,22500.0,877,877,1.0,0.995638716427562,1.0,True
rs-secondary-causal-local,23000.0,876,876,1.0,0.995633759531261,1.0,True
rs-secondary-causal-local,23500.0,875,875,1.0,0.9956287913544376,1.0,True
rs-secondary-causal-local,24000.0,875,875,1.0,0.9956287913544376,1.0,True
rs-secondary-causal-local,24500.0,875,875,1.0,0.9956287913544376,1.0,True
rs-secondary-causal-local,25000.0,875,875,1.0,0.9956287913544376,1.0,True
rs-secondary-causal-local,25500.0,874,874,1.0,0.9956238118585403,1.0,True
rs-secondary-causal-local,26000.0,874,874,1.0,0.9956238118585403,1.0,True
rs-secondary-causal-local,26500.0,873,873,1.0,0.9956188210048429,1.0,True
rs-secondary-causal-local,27000.0,875,875,1.0,0.9956287913544376,1.0,True
rs-secondary-causal-local,27500.0,876,876,1.0,0.995633759531261,1.0,True
rs-secondary-causal-local,28000.0,877,877,1.0,0.995638716427562,1.0,True
rs-secondary-causal-local,28500.0,877,877,1.0,0.995638716427562,1.0,True
rs-secondary-causal-local,29000.0,878,878,1.0,0.9956436620817164,1.0,True
rs-secondary-causal-local,29500.0,878,878,1.0,0.9956436620817164,1.0,True
rs-secondary-causal-local,30000.0,877,877,1.0,0.995638716427562,1.0,True
rs-secondary-causal-local,30500.0,878,878,1.0,0.9956436620817164,1.0,True
rs-secondary-causal-local,31000.0,876,876,1.0,0.995633759531261,1.0,True
rs-secondary-causal-local,31500.0,876,876,1.0,0.995633759531261,1.0,True
rs-secondary-causal-local,32000.0,876,876,1.0,0.995633759531261,1.0,True
rs-secondary-causal-local,32500.0,877,877,1.0,0.995638716427562,1.0,True
rs-secondary-causal-local,33000.0,876,876,1.0,0.995633759531261,1.0,True
rs-secondary-causal-local,33500.0,878,878,1.0,0.9956436620817164,1.0,True
rs-secondary-causal-local,34000.0,879,879,1.0,0.9956485965319258,0.9999999999999999,True
rs-secondary-causal-local,34500.0,879,879,1.0,0.9956485965319258,0.9999999999999999,True
rs-secondary-causal-local,35000.0,879,879,1.0,0.9956485965319258,0.9999999999999999,True
rs-secondary-causal-local,35500.0,878,878,1.0,0.9956436620817164,1.0,True
rs-secondary-causal-local,36000.0,880,880,1.0,0.9956535198162204,1.0,True
rs-secondary-causal-local,36500.0,879,879,1.0,0.9956485965319258,0.9999999999999999,True
rs-secondary-causal-local,37000.0,878,878,1.0,0.9956436620817164,1.0,True
rs-secondary-causal-local,37500.0,877,877,1.0,0.995638716427562,1.0,True
rs-secondary-causal-local,38000.0,877,877,1.0,0.995638716427562,1.0,True
rs-secondary-causal-local,38500.0,877,877,1.0,0.995638716427562,1.0,True
rs-secondary-causal-local,39000.0,877,877,1.0,0.995638716427562,1.0,True
rs-secondary-causal-local,39500.0,876,876,1.0,0.995633759531261,1.0,True
rs-secondary-causal-local,40000.0,876,876,1.0,0.995633759531261,1.0,True
rs-secondary-causal-local,40500.0,876,876,1.0,0.995633759531261,1.0,True
rs-secondary-causal-local,41000.0,876,876,1.0,0.995633759531261,1.0,True
rs-secondary-causal-local,41500.0,876,876,1.0,0.995633759531261,1.0,True
rs-secondary-causal-local,42000.0,876,876,1.0,0.995633759531261,1.0,True
rs-secondary-causal-local,42500.0,876,876,1.0,0.995633759531261,1.0,True
rs-secondary-causal-local,43000.0,876,876,1.0,0.995633759531261,1.0,True
rs-secondary-causal-local,43500.0,875,875,1.0,0.9956287913544376,1.0,True
rs-secondary-causal-local,44000.0,876,876,1.0,0.995633759531261,1.0,True
rs-secondary-causal-local,44500.0,875,875,1.0,0.9956287913544376,1.0,True
rs-secondary-causal-local,45000.0,875,875,1.0,0.9956287913544376,1.0,True
rs-secondary-causal-local,45500.0,874,874,1.0,0.9956238118585403,1.0,True
rs-secondary-causal-local,46000.0,874,874,1.0,0.9956238118585403,1.0,True
rs-secondary-causal-local,46500.0,875,875,1.0,0.9956287913544376,1.0,True
rs-secondary-causal-local,47000.0,874,874,1.0,0.9956238118585403,1.0,True
rs-secondary-causal-local,47500.0,874,874,1.0,0.9956238118585403,1.0,True
rs-secondary-causal-local,48000.0,874,874,1.0,0.9956238118585403,1.0,True
rs-secondary-causal-local,48500.0,874,874,1.0,0.9956238118585403,1.0,True
rs-secondary-causal-local,49000.0,874,874,1.0,0.9956238118585403,1.0,True
rs-secondary-causal-local,49500.0,874,874,1.0,0.9956238118585403,1.0,True
rs-secondary-causal-local,50000.0,874,874,1.0,0.9956238118585403,1.0,True
rs-secondary-causal-local,50500.0,875,875,1.0,0.9956287913544376,1.0,True
rs-secondary-causal-local,51000.0,875,875,1.0,0.9956287913544376,1.0,True
rs-secondary-causal-local,51500.0,877,877,1.0,0.995638716427562,1.0,True
rs-secondary-causal-local,52000.0,877,877,1.0,0.995638716427562,1.0,True
rs-secondary-causal-local,52500.0,876,876,1.0,0.995633759531261,1.0,True
rs-secondary-causal-local,53000.0,878,878,1.0,0.9956436620817164,1.0,True
rs-secondary-causal-local,53500.0,876,876,1.0,0.995633759531261,1.0,True
rs-secondary-causal-local,54000.0,878,878,1.0,0.9956436620817164,1.0,True
rs-secondary-causal-local,54500.0,877,877,1.0,0.995638716427562,1.0,True
rs-secondary-causal-local,55000.0,876,876,1.0,0.995633759531261,1.0,True
rs-secondary-causal-local,55500.0,878,878,1.0,0.9956436620817164,1.0,True
rs-secondary-causal-local,56000.0,874,874,1.0,0.9956238118585403,1.0,True
rs-secondary-causal-local,56500.0,875,875,1.0,0.9956287913544376,1.0,True
rs-secondary-causal-local,57000.0,875,875,1.0,0.9956287913544376,1.0,True
rs-secondary-causal-local,57500.0,875,875,1.0,0.9956287913544376,1.0,True
rs-secondary-causal-local,58000.0,874,874,1.0,0.9956238118585403,1.0,True
rs-secondary-causal-local,58500.0,874,874,1.0,0.9956238118585403,1.0,True
rs-secondary-causal-local,59000.0,876,876,1.0,0.995633759531261,1.0,True
rs-secondary-causal-local,59500.0,874,874,1.0,0.9956238118585403,1.0,True
rs-secondary-causal-local,60000.0,875,875,1.0,0.9956287913544376,1.0,True
rs-secondary-causal-local,60500.0,874,874,1.0,0.9956238118585403,1.0,True
rs-secondary-causal-local,61000.0,875,875,1.0,0.9956287913544376,1.0,True
rs-secondary-causal-local,61500.0,874,874,1.0,0.9956238118585403,1.0,True
rs-secondary-causal-local,62000.0,874,874,1.0,0.9956238118585403,1.0,True
rs-secondary-causal-local,62500.0,874,874,1.0,0.9956238118585403,1.0,True
rs-secondary-causal-local,63000.0,875,875,1.0,0.9956287913544376,1.0,True
rs-secondary-causal-local,63500.0,875,875,1.0,0.9956287913544376,1.0,True
rs-secondary-causal-local,64000.0,875,875,1.0,0.9956287913544376,1.0,True
rs-secondary-causal-local,64500.0,875,875,1.0,0.9956287913544376,1.0,True
rs-secondary-causal-local,65000.0,877,877,1.0,0.995638716427562,1.0,True
rs-secondary-causal-local,65500.0,878,878,1.0,0.9956436620817164,1.0,True
rs-secondary-causal-local,66000.0,879,879,1.0,0.9956485965319258,0.9999999999999999,True
rs-secondary-causal-local,66500.0,880,880,1.0,0.9956535198162204,1.0,True
rs-secondary-causal-local,67000.0,878,878,1.0,0.9956436620817164,1.0,True
rs-secondary-causal-local,67500.0,881,881,1.0,0.9956584319724571,1.0,True
rs-secondary-causal-local,68000.0,880,880,1.0,0.9956535198162204,1.0,True
rs-secondary-causal-local,68500.0,876,876,1.0,0.995633759531261,1.0,True
rs-secondary-causal-local,69000.0,876,876,1.0,0.995633759531261,1.0,True
rs-secondary-causal-local,69500.0,878,878,1.0,0.9956436620817164,1.0,True
rs-secondary-causal-local,70000.0,877,877,1.0,0.995638716427562,1.0,True
rs-secondary-causal-local,70500.0,876,876,1.0,0.995633759531261,1.0,True
rs-secondary-causal-local,71000.0,877,877,1.0,0.995638716427562,1.0,True
rs-secondary-causal-local,71500.0,878,878,1.0,0.9956436620817164,1.0,True
rs-secondary-causal-local,72000.0,878,878,1.0,0.9956436620817164,1.0,True
rs-secondary-causal-local,72500.0,878,878,1.0,0.9956436620817164,1.0,True
rs-secondary-causal-local,73000.0,878,878,1.0,0.9956436620817164,1.0,True
rs-secondary-causal-local,73500.0,878,878,1.0,0.9956436620817164,1.0,True
rs-secondary-causal-local,74000.0,878,878,1.0,0.9956436620817164,1.0,True
rs-secondary-causal-local,74500.0,875,875,1.0,0.9956287913544376,1.0,True
rs-secondary-causal-local,75000.0,877,877,1.0,0.995638716427562,1.0,True
rs-secondary-causal-local,75500.0,876,876,1.0,0.995633759531261,1.0,True
rs-secondary-causal-local,76000.0,877,877,1.0,0.995638716427562,1.0,True
rs-secondary-causal-local,76500.0,877,877,1.0,0.995638716427562,1.0,True
rs-secondary-causal-local,77000.0,879,879,1.0,0.9956485965319258,0.9999999999999999,True
rs-secondary-causal-local,77500.0,879,879,1.0,0.9956485965319258,0.9999999999999999,True
rs-secondary-causal-local,78000.0,879,879,1.0,0.9956485965319258,0.9999999999999999,True
rs-secondary-causal-local,78500.0,879,879,1.0,0.9956485965319258,0.9999999999999999,True
rs-secondary-causal-local,79000.0,880,880,1.0,0.9956535198162204,1.0,True
rs-secondary-causal-local,79500.0,879,879,1.0,0.9956485965319258,0.9999999999999999,True
rs-secondary-causal-local,80000.0,880,880,1.0,0.9956535198162204,1.0,True
rs-secondary-causal-local,80500.0,880,880,1.0,0.9956535198162204,1.0,True
rs-secondary-causal-local,81000.0,880,880,1.0,0.9956535198162204,1.0,True
rs-secondary-causal-local,81500.0,880,880,1.0,0.9956535198162204,1.0,True
rs-secondary-causal-local,82000.0,880,880,1.0,0.9956535198162204,1.0,True
rs-secondary-causal-local,82500.0,882,882,1.0,0.9956633330383221,1.0,True
rs-secondary-causal-local,83000.0,881,881,1.0,0.9956584319724571,1.0,True
rs-secondary-causal-local,83500.0,885,885,1.0,0.9956779700680075,0.9999999999999999,True
rs-secondary-causal-local,84000.0,885,885,1.0,0.9956779700680075,0.9999999999999999,True
rs-secondary-causal-local,84500.0,884,884,1.0,0.9956731020488339,1.0,True
rs-secondary-causal-local,85000.0,885,885,1.0,0.9956779700680075,0.9999999999999999,True
rs-secondary-causal-local,85500.0,883,883,1.0,0.9956682230513316,0.9999999999999998,True
rs-secondary-causal-local,86000.0,885,885,1.0,0.9956779700680075,0.9999999999999999,True
rs-secondary-causal-local,86500.0,884,884,1.0,0.9956731020488339,1.0,True
rs-secondary-causal-local,87000.0,886,886,1.0,0.9956828271458652,1.0,True
rs-secondary-causal-local,87500.0,885,885,1.0,0.9956779700680075,0.9999999999999999,True
rs-secondary-causal-local,88000.0,886,886,1.0,0.9956828271458652,1.0,True
rs-secondary-causal-local,88500.0,884,884,1.0,0.9956731020488339,1.0,True
rs-secondary-causal-local,89000.0,881,881,1.0,0.9956584319724571,1.0,True
rs-secondary-causal-local,89500.0,877,877,1.0,0.995638716427562,1.0,True
rs-secondary-causal-local,90000.0,876,876,1.0,0.995633759531261,1.0,True
rs-secondary-causal-local,90500.0,876,876,1.0,0.995633759531261,1.0,True
rs-secondary-causal-local,91000.0,876,876,1.0,0.995633759531261,1.0,True
rs-secondary-causal-local,91500.0,876,876,1.0,0.995633759531261,1.0,True
rs-secondary-causal-local,92000.0,876,876,1.0,0.995633759531261,1.0,True
rs-secondary-causal-local,92500.0,878,878,1.0,0.9956436620817164,1.0,True
rs-secondary-causal-local,93000.0,880,880,1.0,0.9956535198162204,1.0,True
rs-secondary-causal-local,93500.0,880,880,1.0,0.9956535198162204,1.0,True
rs-secondary-causal-local,94000.0,881,881,1.0,0.9956584319724571,1.0,True
rs-secondary-causal-local,94500.0,879,879,1.0,0.9956485965319258,0.9999999999999999,True
rs-secondary-causal-local,95000.0,880,880,1.0,0.9956535198162204,1.0,True
rs-secondary-causal-local,95500.0,879,879,1.0,0.9956485965319258,0.9999999999999999,True
rs-secondary-causal-local,96000.0,880,880,1.0,0.9956535198162204,1.0,True
rs-secondary-causal-local,96500.0,879,879,1.0,0.9956485965319258,0.9999999999999999,True
rs-secondary-causal-local,97000.0,880,880,1.0,0.9956535198162204,1.0,True
rs-secondary-causal-local,97500.0,879,879,1.0,0.9956485965319258,0.9999999999999999,True
rs-secondary-causal-local,98000.0,878,878,1.0,0.9956436620817164,1.0,True
rs-secondary-causal-local,98500.0,879,879,1.0,0.9956485965319258,0.9999999999999999,True
rs-secondary-causal-local,99000.0,878,878,1.0,0.9956436620817164,1.0,True
rs-secondary-causal-local,99500.0,879,879,1.0,0.9956485965319258,0.9999999999999999,True
rs-secondary-causal-local,100000.0,879,879,1.0,0.9956485965319258,0.9999999999999999,True
rs-secondary-causal-local,100500.0,879,879,1.0,0.9956485965319258,0.9999999999999999,True
rs-secondary-causal-local,101000.0,879,879,1.0,0.9956485965319258,0.9999999999999999,True
rs-secondary-causal-local,101500.0,878,878,1.0,0.9956436620817164,1.0,True
rs-secondary-causal-local,102000.0,876,876,1.0,0.995633759531261,1.0,True
rs-secondary-causal-local,102500.0,877,877,1.0,0.995638716427562,1.0,True
rs-secondary-causal-local,103000.0,876,876,1.0,0.995633759531261,1.0,True
rs-secondary-causal-local,103500.0,878,878,1.0,0.9956436620817164,1.0,True
rs-secondary-causal-local,104000.0,877,877,1.0,0.995638716427562,1.0,True
rs-secondary-causal-local,104500.0,878,878,1.0,0.9956436620817164,1.0,True
rs-secondary-causal-local,105000.0,876,876,1.0,0.995633759531261,1.0,True
rs-secondary-causal-local,105500.0,876,876,1.0,0.995633759531261,1.0,True
rs-secondary-causal-local,106000.0,876,876,1.0,0.995633759531261,1.0,True
rs-secondary-causal-local,106500.0,877,877,1.0,0.995638716427562,1.0,True
rs-secondary-causal-local,107000.0,877,877,1.0,0.995638716427562,1.0,True
rs-secondary-causal-local,107500.0,877,877,1.0,0.995638716427562,1.0,True
rs-secondary-causal-local,108000.0,877,877,1.0,0.995638716427562,1.0,True
rs-secondary-causal-local,108500.0,877,877,1.0,0.995638716427562,1.0,True
rs-secondary-causal-local,109000.0,876,876,1.0,0.995633759531261,1.0,True
rs-secondary-causal-local,109500.0,875,875,1.0,0.9956287913544376,1.0,True
rs-secondary-causal-local,110000.0,875,875,1.0,0.9956287913544376,1.0,True
rs-secondary-causal-local,110500.0,876,876,1.0,0.995633759531261,1.0,True
rs-secondary-causal-local,111000.0,877,877,1.0,0.995638716427562,1.0,True
rs-secondary-causal-local,111500.0,875,875,1.0,0.9956287913544376,1.0,True
rs-secondary-causal-local,112000.0,876,876,1.0,0.995633759531261,1.0,True
rs-secondary-causal-local,112500.0,875,875,1.0,0.9956287913544376,1.0,True
rs-secondary-causal-local,113000.0,875,875,1.0,0.9956287913544376,1.0,True
rs-secondary-causal-local,113500.0,875,875,1.0,0.9956287913544376,1.0,True
rs-secondary-causal-local,114000.0,875,875,1.0,0.9956287913544376,1.0,True
rs-secondary-causal-local,114500.0,875,875,1.0,0.9956287913544376,1.0,True
rs-secondary-causal-local,115000.0,875,875,1.0,0.9956287913544376,1.0,True
rs-secondary-causal-local,115500.0,875,875,1.0,0.9956287913544376,1.0,True
rs-secondary-causal-local,116000.0,876,876,1.0,0.995633759531261,1.0,True
rs-secondary-causal-local,116500.0,875,875,1.0,0.9956287913544376,1.0,True
rs-secondary-causal-local,117000.0,877,877,1.0,0.995638716427562,1.0,True
rs-secondary-causal-local,117500.0,876,876,1.0,0.995633759531261,1.0,True
rs-secondary-causal-local,118000.0,877,877,1.0,0.995638716427562,1.0,True
rs-secondary-causal-local,118500.0,877,877,1.0,0.995638716427562,1.0,True
rs-secondary-causal-local,119000.0,876,876,1.0,0.995633759531261,1.0,True
rs-secondary-causal-local,119500.0,879,879,1.0,0.9956485965319258,0.9999999999999999,True
rs-secondary-causal-local,120000.0,877,877,1.0,0.995638716427562,1.0,True
rs-secondary-causal-local,120500.0,877,877,1.0,0.995638716427562,1.0,True
rs-secondary-causal-local,121000.0,877,877,1.0,0.995638716427562,1.0,True
rs-secondary-causal-local,121500.0,876,876,1.0,0.995633759531261,1.0,True
rs-secondary-causal-local,122000.0,876,876,1.0,0.995633759531261,1.0,True
rs-secondary-causal-local,122500.0,876,876,1.0,0.995633759531261,1.0,True
rs-secondary-causal-local,123000.0,876,876,1.0,0.995633759531261,1.0,True
rs-secondary-causal-local,123500.0,877,877,1.0,0.995638716427562,1.0,True
rs-secondary-causal-local,124000.0,876,876,1.0,0.995633759531261,1.0,True
rs-secondary-causal-local,124500.0,877,877,1.0,0.995638716427562,1.0,True
rs-secondary-causal-local,125000.0,877,877,1.0,0.995638716427562,1.0,True
rs-secondary-causal-local,125500.0,877,877,1.0,0.995638716427562,1.0,True
rs-secondary-causal-local,126000.0,878,878,1.0,0.9956436620817164,1.0,True
rs-secondary-causal-local,126500.0,878,878,1.0,0.9956436620817164,1.0,True
rs-secondary-causal-local,127000.0,877,877,1.0,0.995638716427562,1.0,True
rs-secondary-causal-local,127500.0,876,876,1.0,0.995633759531261,1.0,True
rs-secondary-causal-local,128000.0,876,876,1.0,0.995633759531261,1.0,True
rs-secondary-causal-local,128500.0,876,876,1.0,0.995633759531261,1.0,True
rs-secondary-causal-local,129000.0,876,876,1.0,0.995633759531261,1.0,True
rs-secondary-causal-local,129500.0,876,876,1.0,0.995633759531261,1.0,True
rs-secondary-causal-local,130000.0,876,876,1.0,0.995633759531261,1.0,True
rs-secondary-causal-local,130500.0,875,875,1.0,0.9956287913544376,1.0,True
rs-secondary-causal-local,131000.0,875,875,1.0,0.9956287913544376,1.0,True
rs-secondary-causal-local,131500.0,875,875,1.0,0.9956287913544376,1.0,True
rs-secondary-causal-local,132000.0,875,875,1.0,0.9956287913544376,1.0,True
rs-secondary-causal-local,132500.0,875,875,1.0,0.9956287913544376,1.0,True
rs-secondary-causal-local,133000.0,875,875,1.0,0.9956287913544376,1.0,True
rs-secondary-causal-local,133500.0,875,875,1.0,0.9956287913544376,1.0,True
rs-secondary-causal-local,134000.0,875,875,1.0,0.9956287913544376,1.0,True
rs-secondary-causal-local,134500.0,875,875,1.0,0.9956287913544376,1.0,True
rs-secondary-causal-local,135000.0,875,875,1.0,0.9956287913544376,1.0,True
rs-secondary-causal-local,135500.0,875,875,1.0,0.9956287913544376,1.0,True
rs-secondary-causal-local,136000.0,875,875,1.0,0.9956287913544376,1.0,True
rs-secondary-causal-local,136500.0,875,875,1.0,0.9956287913544376,1.0,True
rs-secondary-causal-local,137000.0,875,875,1.0,0.9956287913544376,1.0,True
rs-secondary-causal-local,137500.0,875,875,1.0,0.9956287913544376,1.0,True
rs-secondary-causal-local,138000.0,875,875,1.0,0.9956287913544376,1.0,True
rs-secondary-causal-local,138500.0,875,875,1.0,0.9956287913544376,1.0,True
rs-secondary-causal-local,139000.0,875,875,1.0,0.9956287913544376,1.0,True
rs-secondary-causal-local,139500.0,874,874,1.0,0.9956238118585403,1.0,True
rs-secondary-causal-local,140000.0,874,874,1.0,0.9956238118585403,1.0,True
rs-secondary-causal-local,140500.0,874,874,1.0,0.9956238118585403,1.0,True
rs-secondary-causal-local,141000.0,874,874,1.0,0.9956238118585403,1.0,True
rs-secondary-causal-local,141500.0,874,874,1.0,0.9956238118585403,1.0,True
rs-secondary-causal-local,142000.0,874,874,1.0,0.9956238118585403,1.0,True
rs-secondary-causal-local,142500.0,874,874,1.0,0.9956238118585403,1.0,True
rs-secondary-causal-local,143000.0,874,874,1.0,0.9956238118585403,1.0,True
rs-secondary-causal-local,143500.0,874,874,1.0,0.9956238118585403,1.0,True
rs-secondary-causal-local,144000.0,874,874,1.0,0.9956238118585403,1.0,True
rs-secondary-causal-local,144500.0,874,874,1.0,0.9956238118585403,1.0,True
rs-secondary-causal-local,145000.0,874,874,1.0,0.9956238118585403,1.0,True
rs-secondary-causal-local,145500.0,874,874,1.0,0.9956238118585403,1.0,True
rs-secondary-causal-local,146000.0,874,874,1.0,0.9956238118585403,1.0,True
rs-secondary-causal-local,146500.0,874,874,1.0,0.9956238118585403,1.0,True
rs-secondary-causal-local,147000.0,874,874,1.0,0.9956238118585403,1.0,True
rs-secondary-causal-local,147500.0,874,874,1.0,0.9956238118585403,1.0,True
rs-secondary-causal-local,148000.0,874,874,1.0,0.9956238118585403,1.0,True
rs-secondary-causal-local,148500.0,874,874,1.0,0.9956238118585403,1.0,True
rs-secondary-causal-local,149000.0,874,874,1.0,0.9956238118585403,1.0,True
rs-secondary-causal-local,149500.0,874,874,1.0,0.9956238118585403,1.0,True
rs-secondary-causal-local,150000.0,874,874,1.0,0.9956238118585403,1.0,True
rs-secondary-causal-local,150500.0,874,874,1.0,0.9956238118585403,1.0,True
rs-secondary-causal-local,151000.0,874,874,1.0,0.9956238118585403,1.0,True
rs-secondary-causal-local,151500.0,874,874,1.0,0.9956238118585403,1.0,True
rs-secondary-causal-local,152000.0,874,874,1.0,0.9956238118585403,1.0,True
rs-secondary-causal-local,152500.0,874,874,1.0,0.9956238118585403,1.0,True
rs-secondary-causal-local,153000.0,874,874,1.0,0.9956238118585403,1.0,True
rs-secondary-causal-local,153500.0,874,874,1.0,0.9956238118585403,1.0,True
rs-secondary-causal-local,154000.0,874,874,1.0,0.9956238118585403,1.0,True
rs-secondary-causal-local,154500.0,874,874,1.0,0.9956238118585403,1.0,True
rs-secondary-causal-local,155000.0,874,874,1.0,0.9956238118585403,1.0,True
rs-secondary-causal-local,155500.0,874,874,1.0,0.9956238118585403,1.0,True
rs-secondary-causal-local,156000.0,874,874,1.0,0.9956238118585403,1.0,True
rs-secondary-causal-local,156500.0,874,874,1.0,0.9956238118585403,1.0,True
rs-secondary-causal-local,157000.0,875,875,1.0,0.9956287913544376,1.0,True
rs-secondary-causal-local,157500.0,875,875,1.0,0.9956287913544376,1.0,True
rs-secondary-causal-local,158000.0,879,879,1.0,0.9956485965319258,0.9999999999999999,True
rs-secondary-causal-local,158500.0,880,880,1.0,0.9956535198162204,1.0,True
rs-secondary-causal-local,159000.0,880,880,1.0,0.9956535198162204,1.0,True
rs-secondary-causal-local,159500.0,880,880,1.0,0.9956535198162204,1.0,True
rs-secondary-causal-local,160000.0,882,882,1.0,0.9956633330383221,1.0,True
rs-secondary-causal-local,160500.0,880,880,1.0,0.9956535198162204,1.0,True
rs-secondary-causal-local,161000.0,880,880,1.0,0.9956535198162204,1.0,True
rs-secondary-causal-local,161500.0,882,882,1.0,0.9956633330383221,1.0,True
rs-secondary-causal-local,162000.0,881,881,1.0,0.9956584319724571,1.0,True
rs-secondary-causal-local,162500.0,882,882,1.0,0.9956633330383221,1.0,True
rs-secondary-causal-local,163000.0,880,880,1.0,0.9956535198162204,1.0,True
rs-secondary-causal-local,163500.0,881,881,1.0,0.9956584319724571,1.0,True
rs-secondary-causal-local,164000.0,881,881,1.0,0.9956584319724571,1.0,True
rs-secondary-causal-local,164500.0,881,881,1.0,0.9956584319724571,1.0,True
rs-secondary-causal-local,165000.0,882,882,1.0,0.9956633330383221,1.0,True
rs-secondary-causal-local,165500.0,879,879,1.0,0.9956485965319258,0.9999999999999999,True
rs-secondary-causal-local,166000.0,879,879,1.0,0.9956485965319258,0.9999999999999999,True
rs-secondary-causal-local,166500.0,878,878,1.0,0.9956436620817164,1.0,True
rs-secondary-causal-local,167000.0,879,879,1.0,0.9956485965319258,0.9999999999999999,True
rs-secondary-causal-local,167500.0,878,878,1.0,0.9956436620817164,1.0,True
rs-secondary-causal-local,168000.0,879,879,1.0,0.9956485965319258,0.9999999999999999,True
rs-secondary-causal-local,168500.0,878,878,1.0,0.9956436620817164,1.0,True
rs-secondary-causal-local,169000.0,880,880,1.0,0.9956535198162204,1.0,True
rs-secondary-causal-local,169500.0,881,881,1.0,0.9956584319724571,1.0,True
rs-secondary-causal-local,170000.0,881,881,1.0,0.9956584319724571,1.0,True
rs-secondary-causal-local,170500.0,882,882,1.0,0.9956633330383221,1.0,True
rs-secondary-causal-local,171000.0,882,882,1.0,0.9956633330383221,1.0,True
rs-secondary-causal-local,171500.0,882,882,1.0,0.9956633330383221,1.0,True
rs-secondary-causal-local,172000.0,882,882,1.0,0.9956633330383221,1.0,True
rs-secondary-causal-local,172500.0,882,882,1.0,0.9956633330383221,1.0,True
rs-secondary-causal-local,173000.0,881,881,1.0,0.9956584319724571,1.0,True
rs-secondary-causal-local,173500.0,883,883,1.0,0.9956682230513316,0.9999999999999998,True
rs-secondary-causal-local,174000.0,881,881,1.0,0.9956584319724571,1.0,True
rs-secondary-causal-local,174500.0,882,882,1.0,0.9956633330383221,1.0,True
rs-secondary-causal-local,175000.0,882,882,1.0,0.9956633330383221,1.0,True
rs-secondary-causal-local,175500.0,882,882,1.0,0.9956633330383221,1.0,True
rs-secondary-causal-local,176000.0,882,882,1.0,0.9956633330383221,1.0,True
rs-secondary-causal-local,176500.0,882,882,1.0,0.9956633330383221,1.0,True
rs-secondary-causal-local,177000.0,882,882,1.0,0.9956633330383221,1.0,True
rs-secondary-causal-local,177500.0,882,882,1.0,0.9956633330383221,1.0,True
rs-secondary-causal-local,178000.0,882,882,1.0,0.9956633330383221,1.0,True
rs-secondary-causal-local,178500.0,879,879,1.0,0.9956485965319258,0.9999999999999999,True
rs-secondary-causal-local,179000.0,880,880,1.0,0.9956535198162204,1.0,True
rs-secondary-causal-local,179500.0,879,879,1.0,0.9956485965319258,0.9999999999999999,True
rs-secondary-causal-local,180000.0,880,880,1.0,0.9956535198162204,1.0,True
rs-secondary-causal-local,180500.0,879,879,1.0,0.9956485965319258,0.9999999999999999,True
rs-secondary-causal-local,181000.0,880,880,1.0,0.9956535198162204,1.0,True
rs-secondary-causal-local,181500.0,879,879,1.0,0.9956485965319258,0.9999999999999999,True
rs-secondary-causal-local,182000.0,879,879,1.0,0.9956485965319258,0.9999999999999999,True
rs-secondary-causal-local,182500.0,878,878,1.0,0.9956436620817164,1.0,True
rs-secondary-causal-local,183000.0,877,877,1.0,0.995638716427562,1.0,True
rs-secondary-causal-local,183500.0,872,872,1.0,0.9956138187544413,0.9999999999999999,True
rs-secondary-causal-local,184000.0,862,862,1.0,0.9955631607444132,0.9999999999999999,True
rs-secondary-causal-local,184500.0,860,860,1.0,0.9955528883999102,0.9999999999999999,True
rs-secondary-causal-local,185000.0,858,858,1.0,0.9955425683791547,1.0,True
rs-secondary-causal-local,185500.0,851,851,1.0,0.9955060680247663,1.0,True
rs-secondary-causal-local,186000.0,842,842,1.0,0.9954582512848743,1.0,True
rs-secondary-causal-local,186500.0,827,827,1.0,0.9953762546314485,1.0,True
rs-secondary-causal-local,187000.0,795,795,1.0,0.9951910366210271,0.9999999999999999,True
rs-secondary-causal-local,187500.0,764,764,1.0,0.9949968847741513,1.0,True
rs-secondary-causal-local,188000.0,748,748,1.0,0.994890413087012,1.0,True
rs-secondary-causal-local,188500.0,708,708,1.0,0.9946032937664783,0.9999999999999999,True
rs-secondary-causal-local,189000.0,677,677,1.0,0.9943575715702447,0.9999999999999999,True
rs-secondary-causal-local,189500.0,646,646,1.0,0.9940884055437511,1.0,True
rs-secondary-causal-local,190000.0,622,622,1.0,0.9938617055817318,1.0,True
rs-secondary-causal-local,190500.0,578,578,1.0,0.993397515749991,1.0,True
rs-secondary-causal-local,191000.0,341,341,1.0,0.9888598127372102,0.9999999999999999,True
rs-secondary-causal-local,191500.0,252,252,1.0,0.9849844591340893,1.0,True
rs-secondary-causal-local,192000.0,217,217,1.0,0.9826047266457046,1.0,True
rs-secondary-causal-local,192500.0,190,190,1.0,0.980181756650791,0.9999999999999999,True
rs-secondary-causal-local,193000.0,161,161,1.0,0.9766952031526023,1.0,True
rs-secondary-causal-local,193500.0,131,131,1.0,0.9715102757605961,0.9999999999999999,True
rs-secondary-causal-local,194000.0,105,105,1.0,0.9647046717431569,0.9999999999999998,True
rs-secondary-causal-local,194500.0,78,78,1.0,0.9530605462258804,1.0,True
rs-secondary-causal-local,195000.0,23,23,1.0,0.8568788745827374,1.0,False
rs-secondary-causal-local,195500.0,18,18,1.0,0.8241154494176252,1.0,False
rs-secondary-causal-local,196000.0,15,15,1.0,0.7961107336956521,1.0,False
rs-secondary-causal-local,196500.0,11,11,1.0,0.7411599827511859,1.0,False
rs-secondary-causal-local,197000.0,8,8,1.0,0.6755843804891231,1.0,False
rs-secondary-causal-local,197500.0,3,3,1.0,0.43849391955098227,1.0,False
rs-secondary-causal-local,198000.0,2,2,1.0,0.34237195288961925,1.0,False
rs-secondary-causal-majority,0.0,880,880,1.0,0.9956535198162204,1.0,True
rs-secondary-causal-majority,500.0,881,881,1.0,0.9956584319724571,1.0,True
rs-secondary-causal-majority,1000.0,879,879,1.0,0.9956485965319258,0.9999999999999999,True
rs-secondary-causal-majority,1500.0,881,881,1.0,0.9956584319724571,1.0,True
rs-secondary-causal-majority,2000.0,881,881,1.0,0.9956584319724571,1.0,True
rs-secondary-causal-majority,2500.0,880,880,1.0,0.9956535198162204,1.0,True
rs-secondary-causal-majority,3000.0,881,881,1.0,0.9956584319724571,1.0,True
rs-secondary-causal-majority,3500.0,881,881,1.0,0.9956584319724571,1.0,True
rs-secondary-causal-majority,4000.0,880,880,1.0,0.9956535198162204,1.0,True
rs-secondary-causal-majority,4500.0,881,881,1.0,0.9956584319724571,1.0,True
rs-secondary-causal-majority,5000.0,880,880,1.0,0.9956535198162204,1.0,True
rs-secondary-causal-majority,5500.0,881,881,1.0,0.9956584319724571,1.0,True
rs-secondary-causal-majority,6000.0,880,880,1.0,0.9956535198162204,1.0,True
rs-secondary-causal-majority,6500.0,878,878,1.0,0.9956436620817164,1.0,True
rs-secondary-causal-majority,7000.0,878,878,1.0,0.9956436620817164,1.0,True
rs-secondary-causal-majority,7500.0,878,878,1.0,0.9956436620817164,1.0,True
rs-secondary-causal-majority,8000.0,878,878,1.0,0.9956436620817164,1.0,True
rs-secondary-causal-majority,8500.0,878,878,1.0,0.9956436620817164,1.0,True
rs-secondary-causal-majority,9000.0,878,878,1.0,0.9956436620817164,1.0,True
rs-secondary-causal-majority,9500.0,878,878,1.0,0.9956436620817164,1.0,True
rs-secondary-causal-majority,10000.0,878,878,1.0,0.9956436620817164,1.0,True
rs-secondary-causal-majority,10500.0,878,878,1.0,0.9956436620817164,1.0,True
rs-secondary-causal-majority,11000.0,878,878,1.0,0.9956436620817164,1.0,True
rs-secondary-causal-majority,11500.0,878,878,1.0,0.9956436620817164,1.0,True
rs-secondary-causal-majority,12000.0,878,878,1.0,0.9956436620817164,1.0,True
rs-secondary-causal-majority,12500.0,878,878,1.0,0.9956436620817164,1.0,True
rs-secondary-causal-majority,13000.0,878,878,1.0,0.9956436620817164,1.0,True
rs-secondary-causal-majority,13500.0,878,878,1.0,0.9956436620817164,1.0,True
rs-secondary-causal-majority,14000.0,878,878,1.0,0.9956436620817164,1.0,True
rs-secondary-causal-majority,14500.0,878,878,1.0,0.9956436620817164,1.0,True
rs-secondary-causal-majority,15000.0,878,878,1.0,0.9956436620817164,1.0,True
rs-secondary-causal-majority,15500.0,878,878,1.0,0.9956436620817164,1.0,True
rs-secondary-causal-majority,16000.0,878,878,1.0,0.9956436620817164,1.0,True
rs-secondary-causal-majority,16500.0,878,878,1.0,0.9956436620817164,1.0,True
rs-secondary-causal-majority,17000.0,878,878,1.0,0.9956436620817164,1.0,True
rs-secondary-causal-majority,17500.0,878,878,1.0,0.9956436620817164,1.0,True
rs-secondary-causal-majority,18000.0,878,878,1.0,0.9956436620817164,1.0,True
rs-secondary-causal-majority,18500.0,878,878,1.0,0.9956436620817164,1.0,True
rs-secondary-causal-majority,19000.0,878,878,1.0,0.9956436620817164,1.0,True
rs-secondary-causal-majority,19500.0,878,878,1.0,0.9956436620817164,1.0,True
rs-secondary-causal-majority,20000.0,878,878,1.0,0.9956436620817164,1.0,True
rs-secondary-causal-majority,20500.0,878,878,1.0,0.9956436620817164,1.0,True
rs-secondary-causal-majority,21000.0,877,877,1.0,0.995638716427562,1.0,True
rs-secondary-causal-majority,21500.0,877,877,1.0,0.995638716427562,1.0,True
rs-secondary-causal-majority,22000.0,877,877,1.0,0.995638716427562,1.0,True
rs-secondary-causal-majority,22500.0,877,877,1.0,0.995638716427562,1.0,True
rs-secondary-causal-majority,23000.0,877,877,1.0,0.995638716427562,1.0,True
rs-secondary-causal-majority,23500.0,877,877,1.0,0.995638716427562,1.0,True
rs-secondary-causal-majority,24000.0,877,877,1.0,0.995638716427562,1.0,True
rs-secondary-causal-majority,24500.0,877,877,1.0,0.995638716427562,1.0,True
rs-secondary-causal-majority,25000.0,877,877,1.0,0.995638716427562,1.0,True
rs-secondary-causal-majority,25500.0,877,877,1.0,0.995638716427562,1.0,True
rs-secondary-causal-majority,26000.0,877,877,1.0,0.995638716427562,1.0,True
rs-secondary-causal-majority,26500.0,877,877,1.0,0.995638716427562,1.0,True
rs-secondary-causal-majority,27000.0,879,879,1.0,0.9956485965319258,0.9999999999999999,True
rs-secondary-causal-majority,27500.0,879,879,1.0,0.9956485965319258,0.9999999999999999,True
rs-secondary-causal-majority,28000.0,879,879,1.0,0.9956485965319258,0.9999999999999999,True
rs-secondary-causal-majority,28500.0,879,879,1.0,0.9956485965319258,0.9999999999999999,True
rs-secondary-causal-majority,29000.0,880,880,1.0,0.9956535198162204,1.0,True
rs-secondary-causal-majority,29500.0,877,877,1.0,0.995638716427562,1.0,True
rs-secondary-causal-majority,30000.0,879,879,1.0,0.9956485965319258,0.9999999999999999,True
rs-secondary-causal-majority,30500.0,878,878,1.0,0.9956436620817164,1.0,True
rs-secondary-causal-majority,31000.0,880,880,1.0,0.9956535198162204,1.0,True
rs-secondary-causal-majority,31500.0,877,877,1.0,0.995638716427562,1.0,True
rs-secondary-causal-majority,32000.0,878,878,1.0,0.9956436620817164,1.0,True
rs-secondary-causal-majority,32500.0,877,877,1.0,0.995638716427562,1.0,True
rs-secondary-causal-majority,33000.0,877,877,1.0,0.995638716427562,1.0,True
rs-secondary-causal-majority,33500.0,878,878,1.0,0.9956436620817164,1.0,True
rs-secondary-causal-majority,34000.0,878,878,1.0,0.9956436620817164,1.0,True
rs-secondary-causal-majority,34500.0,875,875,1.0,0.9956287913544376,1.0,True
rs-secondary-causal-majority,35000.0,877,877,1.0,0.995638716427562,1.0,True
rs-secondary-causal-majority,35500.0,877,877,1.0,0.995638716427562,1.0,True
rs-secondary-causal-majority,36000.0,878,878,1.0,0.9956436620817164,1.0,True
rs-secondary-causal-majority,36500.0,877,877,1.0,0.995638716427562,1.0,True
rs-secondary-causal-majority,37000.0,876,876,1.0,0.995633759531261,1.0,True
rs-secondary-causal-majority,37500.0,877,877,1.0,0.995638716427562,1.0,True
rs-secondary-causal-majority,38000.0,879,879,1.0,0.9956485965319258,0.9999999999999999,True
rs-secondary-causal-majority,38500.0,875,875,1.0,0.9956287913544376,1.0,True
rs-secondary-causal-majority,39000.0,876,876,1.0,0.995633759531261,1.0,True
rs-secondary-causal-majority,39500.0,877,877,1.0,0.995638716427562,1.0,True
rs-secondary-causal-majority,40000.0,876,876,1.0,0.995633759531261,1.0,True
rs-secondary-causal-majority,40500.0,876,876,1.0,0.995633759531261,1.0,True
rs-secondary-causal-majority,41000.0,876,876,1.0,0.995633759531261,1.0,True
rs-secondary-causal-majority,41500.0,876,876,1.0,0.995633759531261,1.0,True
rs-secondary-causal-majority,42000.0,876,876,1.0,0.995633759531261,1.0,True
rs-secondary-causal-majority,42500.0,876,876,1.0,0.995633759531261,1.0,True
rs-secondary-causal-majority,43000.0,876,876,1.0,0.995633759531261,1.0,True
rs-secondary-causal-majority,43500.0,876,876,1.0,0.995633759531261,1.0,True
rs-secondary-causal-majority,44000.0,876,876,1.0,0.995633759531261,1.0,True
rs-secondary-causal-majority,44500.0,876,876,1.0,0.995633759531261,1.0,True
rs-secondary-causal-majority,45000.0,876,876,1.0,0.995633759531261,1.0,True
rs-secondary-causal-majority,45500.0,876,876,1.0,0.995633759531261,1.0,True
rs-secondary-causal-majority,46000.0,876,876,1.0,0.995633759531261,1.0,True
rs-secondary-causal-majority,46500.0,876,876,1.0,0.995633759531261,1.0,True
rs-secondary-causal-majority,47000.0,877,877,1.0,0.995638716427562,1.0,True
rs-secondary-causal-majority,47500.0,880,880,1.0,0.9956535198162204,1.0,True
rs-secondary-causal-majority,48000.0,879,879,1.0,0.9956485965319258,0.9999999999999999,True
rs-secondary-causal-majority,48500.0,879,879,1.0,0.9956485965319258,0.9999999999999999,True
rs-secondary-causal-majority,49000.0,879,879,1.0,0.9956485965319258,0.9999999999999999,True
rs-secondary-causal-majority,49500.0,880,880,1.0,0.9956535198162204,1.0,True
rs-secondary-causal-majority,50000.0,879,879,1.0,0.9956485965319258,0.9999999999999999,True
rs-secondary-causal-majority,50500.0,880,880,1.0,0.9956535198162204,1.0,True
rs-secondary-causal-majority,51000.0,877,877,1.0,0.995638716427562,1.0,True
rs-secondary-causal-majority,51500.0,877,877,1.0,0.995638716427562,1.0,True
rs-secondary-causal-majority,52000.0,877,877,1.0,0.995638716427562,1.0,True
rs-secondary-causal-majority,52500.0,876,876,1.0,0.995633759531261,1.0,True
rs-secondary-causal-majority,53000.0,876,876,1.0,0.995633759531261,1.0,True
rs-secondary-causal-majority,53500.0,876,876,1.0,0.995633759531261,1.0,True
rs-secondary-causal-majority,54000.0,876,876,1.0,0.995633759531261,1.0,True
rs-secondary-causal-majority,54500.0,876,876,1.0,0.995633759531261,1.0,True
rs-secondary-causal-majority,55000.0,876,876,1.0,0.995633759531261,1.0,True
rs-secondary-causal-majority,55500.0,876,876,1.0,0.995633759531261,1.0,True
rs-secondary-causal-majority,56000.0,876,876,1.0,0.995633759531261,1.0,True
rs-secondary-causal-majority,56500.0,876,876,1.0,0.995633759531261,1.0,True
rs-secondary-causal-majority,57000.0,875,875,1.0,0.9956287913544376,1.0,True
rs-secondary-causal-majority,57500.0,875,875,1.0,0.9956287913544376,1.0,True
rs-secondary-causal-majority,58000.0,875,875,1.0,0.9956287913544376,1.0,True
rs-secondary-causal-majority,58500.0,875,875,1.0,0.9956287913544376,1.0,True
rs-secondary-causal-majority,59000.0,875,875,1.0,0.9956287913544376,1.0,True
rs-secondary-causal-majority,59500.0,875,875,1.0,0.9956287913544376,1.0,True
rs-secondary-causal-majority,60000.0,875,875,1.0,0.9956287913544376,1.0,True
rs-secondary-causal-majority,60500.0,875,875,1.0,0.9956287913544376,1.0,True
rs-secondary-causal-majority,61000.0,875,875,1.0,0.9956287913544376,1.0,True
rs-secondary-causal-majority,61500.0,875,875,1.0,0.9956287913544376,1.0,True
rs-secondary-causal-majority,62000.0,875,875,1.0,0.9956287913544376,1.0,True
rs-secondary-causal-majority,62500.0,875,875,1.0,0.9956287913544376,1.0,True
rs-secondary-causal-majority,63000.0,875,875,1.0,0.9956287913544376,1.0,True
rs-secondary-causal-majority,63500.0,875,875,1.0,0.9956287913544376,1.0,True
rs-secondary-causal-majority,64000.0,876,876,1.0,0.995633759531261,1.0,True
rs-secondary-causal-majority,64500.0,877,877,1.0,0.995638716427562,1.0,True
rs-secondary-causal-majority,65000.0,878,878,1.0,0.9956436620817164,1.0,True
rs-secondary-causal-majority,65500.0,877,877,1.0,0.995638716427562,1.0,True
rs-secondary-causal-majority,66000.0,879,879,1.0,0.9956485965319258,0.9999999999999999,True
rs-secondary-causal-majority,66500.0,878,878,1.0,0.9956436620817164,1.0,True
rs-secondary-causal-majority,67000.0,879,879,1.0,0.9956485965319258,0.9999999999999999,True
rs-secondary-causal-majority,67500.0,878,878,1.0,0.9956436620817164,1.0,True
rs-secondary-causal-majority,68000.0,879,879,1.0,0.9956485965319258,0.9999999999999999,True
rs-secondary-causal-majority,68500.0,878,878,1.0,0.9956436620817164,1.0,True
rs-secondary-causal-majority,69000.0,878,878,1.0,0.9956436620817164,1.0,True
rs-secondary-causal-majority,69500.0,878,878,1.0,0.9956436620817164,1.0,True
rs-secondary-causal-majority,70000.0,876,876,1.0,0.995633759531261,1.0,True
rs-secondary-causal-majority,70500.0,876,876,1.0,0.995633759531261,1.0,True
rs-secondary-causal-majority,71000.0,876,876,1.0,0.995633759531261,1.0,True
rs-secondary-causal-majority,71500.0,876,876,1.0,0.995633759531261,1.0,True
rs-secondary-causal-majority,72000.0,876,876,1.0,0.995633759531261,1.0,True
rs-secondary-causal-majority,72500.0,876,876,1.0,0.995633759531261,1.0,True
rs-secondary-causal-majority,73000.0,876,876,1.0,0.995633759531261,1.0,True
rs-secondary-causal-majority,73500.0,876,876,1.0,0.995633759531261,1.0,True
rs-secondary-causal-majority,74000.0,876,876,1.0,0.995633759531261,1.0,True
rs-secondary-causal-majority,74500.0,876,876,1.0,0.995633759531261,1.0,True
rs-secondary-causal-majority,75000.0,876,876,1.0,0.995633759531261,1.0,True
rs-secondary-causal-majority,75500.0,875,875,1.0,0.9956287913544376,1.0,True
rs-secondary-causal-majority,76000.0,875,875,1.0,0.9956287913544376,1.0,True
rs-secondary-causal-majority,76500.0,875,875,1.0,0.9956287913544376,1.0,True
rs-secondary-causal-majority,77000.0,875,875,1.0,0.9956287913544376,1.0,True
rs-secondary-causal-majority,77500.0,875,875,1.0,0.9956287913544376,1.0,True
rs-secondary-causal-majority,78000.0,875,875,1.0,0.9956287913544376,1.0,True
rs-secondary-causal-majority,78500.0,875,875,1.0,0.9956287913544376,1.0,True
rs-secondary-causal-majority,79000.0,875,875,1.0,0.9956287913544376,1.0,True
rs-secondary-causal-majority,79500.0,875,875,1.0,0.9956287913544376,1.0,True
rs-secondary-causal-majority,80000.0,875,875,1.0,0.9956287913544376,1.0,True
rs-secondary-causal-majority,80500.0,875,875,1.0,0.9956287913544376,1.0,True
rs-secondary-causal-majority,81000.0,875,875,1.0,0.9956287913544376,1.0,True
rs-secondary-causal-majority,81500.0,875,875,1.0,0.9956287913544376,1.0,True
rs-secondary-causal-majority,82000.0,875,875,1.0,0.9956287913544376,1.0,True
rs-secondary-causal-majority,82500.0,875,875,1.0,0.9956287913544376,1.0,True
rs-secondary-causal-majority,83000.0,875,875,1.0,0.9956287913544376,1.0,True
rs-secondary-causal-majority,83500.0,875,875,1.0,0.9956287913544376,1.0,True
rs-secondary-causal-majority,84000.0,875,875,1.0,0.9956287913544376,1.0,True
rs-secondary-causal-majority,84500.0,875,875,1.0,0.9956287913544376,1.0,True
rs-secondary-causal-majority,85000.0,874,874,1.0,0.9956238118585403,1.0,True
rs-secondary-causal-majority,85500.0,873,873,1.0,0.9956188210048429,1.0,True
rs-secondary-causal-majority,86000.0,873,873,1.0,0.9956188210048429,1.0,True
rs-secondary-causal-majority,86500.0,873,873,1.0,0.9956188210048429,1.0,True
rs-secondary-causal-majority,87000.0,873,873,1.0,0.9956188210048429,1.0,True
rs-secondary-causal-majority,87500.0,873,873,1.0,0.9956188210048429,1.0,True
rs-secondary-causal-majority,88000.0,873,873,1.0,0.9956188210048429,1.0,True
rs-secondary-causal-majority,88500.0,873,873,1.0,0.9956188210048429,1.0,True
rs-secondary-causal-majority,89000.0,873,873,1.0,0.9956188210048429,1.0,True
rs-secondary-causal-majority,89500.0,873,873,1.0,0.9956188210048429,1.0,True
rs-secondary-causal-majority,90000.0,873,873,1.0,0.9956188210048429,1.0,True
rs-secondary-causal-majority,90500.0,873,873,1.0,0.9956188210048429,1.0,True
rs-secondary-causal-majority,91000.0,873,873,1.0,0.9956188210048429,1.0,True
rs-secondary-causal-majority,91500.0,875,875,1.0,0.9956287913544376,1.0,True
rs-secondary-causal-majority,92000.0,875,875,1.0,0.9956287913544376,1.0,True
rs-secondary-causal-majority,92500.0,877,877,1.0,0.995638716427562,1.0,True
rs-secondary-causal-majority,93000.0,876,876,1.0,0.995633759531261,1.0,True
rs-secondary-causal-majority,93500.0,876,876,1.0,0.995633759531261,1.0,True
rs-secondary-causal-majority,94000.0,876,876,1.0,0.995633759531261,1.0,True
rs-secondary-causal-majority,94500.0,877,877,1.0,0.995638716427562,1.0,True
rs-secondary-causal-majority,95000.0,876,876,1.0,0.995633759531261,1.0,True
rs-secondary-causal-majority,95500.0,877,877,1.0,0.995638716427562,1.0,True
rs-secondary-causal-majority,96000.0,876,876,1.0,0.995633759531261,1.0,True
rs-secondary-causal-majority,96500.0,877,877,1.0,0.995638716427562,1.0,True
rs-secondary-causal-majority,97000.0,876,876,1.0,0.995633759531261,1.0,True
rs-secondary-causal-majority,97500.0,877,877,1.0,0.995638716427562,1.0,True
rs-secondary-causal-majority,98000.0,876,876,1.0,0.995633759531261,1.0,True
rs-secondary-causal-majority,98500.0,877,877,1.0,0.995638716427562,1.0,True
rs-secondary-causal-majority,99000.0,878,878,1.0,0.9956436620817164,1.0,True
rs-secondary-causal-majority,99500.0,877,877,1.0,0.995638716427562,1.0,True
rs-secondary-causal-majority,100000.0,880,880,1.0,0.9956535198162204,1.0,True
rs-secondary-causal-majority,100500.0,880,880,1.0,0.9956535198162204,1.0,True
rs-secondary-causal-majority,101000.0,880,880,1.0,0.9956535198162204,1.0,True
rs-secondary-causal-majority,101500.0,879,879,1.0,0.9956485965319258,0.9999999999999999,True
rs-secondary-causal-majority,102000.0,881,881,1.0,0.9956584319724571,1.0,True
rs-secondary-causal-majority,102500.0,880,880,1.0,0.9956535198162204,1.0,True
rs-secondary-causal-majority,103000.0,880,880,1.0,0.9956535198162204,1.0,True
rs-secondary-causal-majority,103500.0,880,880,1.0,0.9956535198162204,1.0,True
rs-secondary-causal-majority,104000.0,880,880,1.0,0.9956535198162204,1.0,True
rs-secondary-causal-majority,104500.0,880,880,1.0,0.9956535198162204,1.0,True
rs-secondary-causal-majority,105000.0,881,881,1.0,0.9956584319724571,1.0,True
rs-secondary-causal-majority,105500.0,881,881,1.0,0.9956584319724571,1.0,True
rs-secondary-causal-majority,106000.0,880,880,1.0,0.9956535198162204,1.0,True
rs-secondary-causal-majority,106500.0,882,882,1.0,0.9956633330383221,1.0,True
rs-secondary-causal-majority,107000.0,880,880,1.0,0.9956535198162204,1.0,True
rs-secondary-causal-majority,107500.0,882,882,1.0,0.9956633330383221,1.0,True
rs-secondary-causal-majority,108000.0,881,881,1.0,0.9956584319724571,1.0,True
rs-secondary-causal-majority,108500.0,880,880,1.0,0.9956535198162204,1.0,True
rs-secondary-causal-majority,109000.0,882,882,1.0,0.9956633330383221,1.0,True
rs-secondary-causal-majority,109500.0,883,883,1.0,0.9956682230513316,0.9999999999999998,True
rs-secondary-causal-majority,110000.0,883,883,1.0,0.9956682230513316,0.9999999999999998,True
rs-secondary-causal-majority,110500.0,884,884,1.0,0.9956731020488339,1.0,True
rs-secondary-causal-majority,111000.0,885,885,1.0,0.9956779700680075,0.9999999999999999,True
rs-secondary-causal-majority,111500.0,884,884,1.0,0.9956731020488339,1.0,True
rs-secondary-causal-majority,112000.0,885,885,1.0,0.9956779700680075,0.9999999999999999,True
rs-secondary-causal-majority,112500.0,884,884,1.0,0.9956731020488339,1.0,True
rs-secondary-causal-majority,113000.0,886,886,1.0,0.9956828271458652,1.0,True
rs-secondary-causal-majority,113500.0,884,884,1.0,0.9956731020488339,1.0,True
rs-secondary-causal-majority,114000.0,885,885,1.0,0.9956779700680075,0.9999999999999999,True
rs-secondary-causal-majority,114500.0,885,885,1.0,0.9956779700680075,0.9999999999999999,True
rs-secondary-causal-majority,115000.0,884,884,1.0,0.9956731020488339,1.0,True
rs-secondary-causal-majority,115500.0,885,885,1.0,0.9956779700680075,0.9999999999999999,True
rs-secondary-causal-majority,116000.0,883,883,1.0,0.9956682230513316,0.9999999999999998,True
rs-secondary-causal-majority,116500.0,881,881,1.0,0.9956584319724571,1.0,True
rs-secondary-causal-majority,117000.0,883,883,1.0,0.9956682230513316,0.9999999999999998,True
rs-secondary-causal-majority,117500.0,879,879,1.0,0.9956485965319258,0.9999999999999999,True
rs-secondary-causal-majority,118000.0,880,880,1.0,0.9956535198162204,1.0,True
rs-secondary-causal-majority,118500.0,879,879,1.0,0.9956485965319258,0.9999999999999999,True
rs-secondary-causal-majority,119000.0,880,880,1.0,0.9956535198162204,1.0,True
rs-secondary-causal-majority,119500.0,877,877,1.0,0.995638716427562,1.0,True
rs-secondary-causal-majority,120000.0,877,877,1.0,0.995638716427562,1.0,True
rs-secondary-causal-majority,120500.0,875,875,1.0,0.9956287913544376,1.0,True
rs-secondary-causal-majority,121000.0,879,879,1.0,0.9956485965319258,0.9999999999999999,True
rs-secondary-causal-majority,121500.0,877,877,1.0,0.995638716427562,1.0,True
rs-secondary-causal-majority,122000.0,877,877,1.0,0.995638716427562,1.0,True
rs-secondary-causal-majority,122500.0,877,877,1.0,0.995638716427562,1.0,True
rs-secondary-causal-majority,123000.0,877,877,1.0,0.995638716427562,1.0,True
rs-secondary-causal-majority,123500.0,877,877,1.0,0.995638716427562,1.0,True
rs-secondary-causal-majority,124000.0,877,877,1.0,0.995638716427562,1.0,True
rs-secondary-causal-majority,124500.0,877,877,1.0,0.995638716427562,1.0,True
rs-secondary-causal-majority,125000.0,877,877,1.0,0.995638716427562,1.0,True
rs-secondary-causal-majority,125500.0,877,877,1.0,0.995638716427562,1.0,True
rs-secondary-causal-majority,126000.0,877,877,1.0,0.995638716427562,1.0,True
rs-secondary-causal-majority,126500.0,877,877,1.0,0.995638716427562,1.0,True
rs-secondary-causal-majority,127000.0,877,877,1.0,0.995638716427562,1.0,True
rs-secondary-causal-majority,127500.0,877,877,1.0,0.995638716427562,1.0,True
rs-secondary-causal-majority,128000.0,877,877,1.0,0.995638716427562,1.0,True
rs-secondary-causal-majority,128500.0,877,877,1.0,0.995638716427562,1.0,True
rs-secondary-causal-majority,129000.0,877,877,1.0,0.995638716427562,1.0,True
rs-secondary-causal-majority,129500.0,877,877,1.0,0.995638716427562,1.0,True
rs-secondary-causal-majority,130000.0,877,877,1.0,0.995638716427562,1.0,True
rs-secondary-causal-majority,130500.0,877,877,1.0,0.995638716427562,1.0,True
rs-secondary-causal-majority,131000.0,877,877,1.0,0.995638716427562,1.0,True
rs-secondary-causal-majority,131500.0,877,877,1.0,0.995638716427562,1.0,True
rs-secondary-causal-majority,132000.0,877,877,1.0,0.995638716427562,1.0,True
rs-secondary-causal-majority,132500.0,877,877,1.0,0.995638716427562,1.0,True
rs-secondary-causal-majority,133000.0,877,877,1.0,0.995638716427562,1.0,True
rs-secondary-causal-majority,133500.0,876,876,1.0,0.995633759531261,1.0,True
rs-secondary-causal-majority,134000.0,878,878,1.0,0.9956436620817164,1.0,True
rs-secondary-causal-majority,134500.0,877,877,1.0,0.995638716427562,1.0,True
rs-secondary-causal-majority,135000.0,877,877,1.0,0.995638716427562,1.0,True
rs-secondary-causal-majority,135500.0,877,877,1.0,0.995638716427562,1.0,True
rs-secondary-causal-majority,136000.0,877,877,1.0,0.995638716427562,1.0,True
rs-secondary-causal-majority,136500.0,876,876,1.0,0.995633759531261,1.0,True
rs-secondary-causal-majority,137000.0,876,876,1.0,0.995633759531261,1.0,True
rs-secondary-causal-majority,137500.0,876,876,1.0,0.995633759531261,1.0,True
rs-secondary-causal-majority,138000.0,876,876,1.0,0.995633759531261,1.0,True
rs-secondary-causal-majority,138500.0,876,876,1.0,0.995633759531261,1.0,True
rs-secondary-causal-majority,139000.0,876,876,1.0,0.995633759531261,1.0,True
rs-secondary-causal-majority,139500.0,876,876,1.0,0.995633759531261,1.0,True
rs-secondary-causal-majority,140000.0,876,876,1.0,0.995633759531261,1.0,True
rs-secondary-causal-majority,140500.0,876,876,1.0,0.995633759531261,1.0,True
rs-secondary-causal-majority,141000.0,876,876,1.0,0.995633759531261,1.0,True
rs-secondary-causal-majority,141500.0,876,876,1.0,0.995633759531261,1.0,True
rs-secondary-causal-majority,142000.0,876,876,1.0,0.995633759531261,1.0,True
rs-secondary-causal-majority,142500.0,876,876,1.0,0.995633759531261,1.0,True
rs-secondary-causal-majority,143000.0,876,876,1.0,0.995633759531261,1.0,True
rs-secondary-causal-majority,143500.0,876,876,1.0,0.995633759531261,1.0,True
rs-secondary-causal-majority,144000.0,876,876,1.0,0.995633759531261,1.0,True
rs-secondary-causal-majority,144500.0,876,876,1.0,0.995633759531261,1.0,True
rs-secondary-causal-majority,145000.0,876,876,1.0,0.995633759531261,1.0,True
rs-secondary-causal-majority,145500.0,876,876,1.0,0.995633759531261,1.0,True
rs-secondary-causal-majority,146000.0,876,876,1.0,0.995633759531261,1.0,True
rs-secondary-causal-majority,146500.0,876,876,1.0,0.995633759531261,1.0,True
rs-secondary-causal-majority,147000.0,876,876,1.0,0.995633759531261,1.0,True
rs-secondary-causal-majority,147500.0,876,876,1.0,0.995633759531261,1.0,True
rs-secondary-causal-majority,148000.0,876,876,1.0,0.995633759531261,1.0,True
rs-secondary-causal-majority,148500.0,876,876,1.0,0.995633759531261,1.0,True
rs-secondary-causal-majority,149000.0,876,876,1.0,0.995633759531261,1.0,True
rs-secondary-causal-majority,149500.0,876,876,1.0,0.995633759531261,1.0,True
rs-secondary-causal-majority,150000.0,875,875,1.0,0.9956287913544376,1.0,True
rs-secondary-causal-majority,150500.0,875,875,1.0,0.9956287913544376,1.0,True
rs-secondary-causal-majority,151000.0,875,875,1.0,0.9956287913544376,1.0,True
rs-secondary-causal-majority,151500.0,875,875,1.0,0.9956287913544376,1.0,True
rs-secondary-causal-majority,152000.0,875,875,1.0,0.9956287913544376,1.0,True
rs-secondary-causal-majority,152500.0,875,875,1.0,0.9956287913544376,1.0,True
rs-secondary-causal-majority,153000.0,875,875,1.0,0.9956287913544376,1.0,True
rs-secondary-causal-majority,153500.0,875,875,1.0,0.9956287913544376,1.0,True
rs-secondary-causal-majority,154000.0,875,875,1.0,0.9956287913544376,1.0,True
rs-secondary-causal-majority,154500.0,875,875,1.0,0.9956287913544376,1.0,True
rs-secondary-causal-majority,155000.0,875,875,1.0,0.9956287913544376,1.0,True
rs-secondary-causal-majority,155500.0,875,875,1.0,0.9956287913544376,1.0,True
rs-secondary-causal-majority,156000.0,875,875,1.0,0.9956287913544376,1.0,True
rs-secondary-causal-majority,156500.0,875,875,1.0,0.9956287913544376,1.0,True
rs-secondary-causal-majority,157000.0,874,874,1.0,0.9956238118585403,1.0,True
rs-secondary-causal-majority,157500.0,874,874,1.0,0.9956238118585403,1.0,True
rs-secondary-causal-majority,158000.0,874,874,1.0,0.9956238118585403,1.0,True
rs-secondary-causal-majority,158500.0,874,874,1.0,0.9956238118585403,1.0,True
rs-secondary-causal-majority,159000.0,874,874,1.0,0.9956238118585403,1.0,True
rs-secondary-causal-majority,159500.0,874,874,1.0,0.9956238118585403,1.0,True
rs-secondary-causal-majority,160000.0,874,874,1.0,0.9956238118585403,1.0,True
rs-secondary-causal-majority,160500.0,874,874,1.0,0.9956238118585403,1.0,True
rs-secondary-causal-majority,161000.0,874,874,1.0,0.9956238118585403,1.0,True
rs-secondary-causal-majority,161500.0,874,874,1.0,0.9956238118585403,1.0,True
rs-secondary-causal-majority,162000.0,874,874,1.0,0.9956238118585403,1.0,True
rs-secondary-causal-majority,162500.0,874,874,1.0,0.9956238118585403,1.0,True
rs-secondary-causal-majority,163000.0,874,874,1.0,0.9956238118585403,1.0,True
rs-secondary-causal-majority,163500.0,874,874,1.0,0.9956238118585403,1.0,True
rs-secondary-causal-majority,164000.0,874,874,1.0,0.9956238118585403,1.0,True
rs-secondary-causal-majority,164500.0,874,874,1.0,0.9956238118585403,1.0,True
rs-secondary-causal-majority,165000.0,874,874,1.0,0.9956238118585403,1.0,True
rs-secondary-causal-majority,165500.0,874,874,1.0,0.9956238118585403,1.0,True
rs-secondary-causal-majority,166000.0,874,874,1.0,0.9956238118585403,1.0,True
rs-secondary-causal-majority,166500.0,874,874,1.0,0.9956238118585403,1.0,True
rs-secondary-causal-majority,167000.0,874,874,1.0,0.9956238118585403,1.0,True
rs-secondary-causal-majority,167500.0,874,874,1.0,0.9956238118585403,1.0,True
rs-secondary-causal-majority,168000.0,874,874,1.0,0.9956238118585403,1.0,True
rs-secondary-causal-majority,168500.0,874,874,1.0,0.9956238118585403,1.0,True
rs-secondary-causal-majority,169000.0,874,874,1.0,0.9956238118585403,1.0,True
rs-secondary-causal-majority,169500.0,874,874,1.0,0.9956238118585403,1.0,True
rs-secondary-causal-majority,170000.0,874,874,1.0,0.9956238118585403,1.0,True
rs-secondary-causal-majority,170500.0,874,874,1.0,0.9956238118585403,1.0,True
rs-secondary-causal-majority,171000.0,874,874,1.0,0.9956238118585403,1.0,True
rs-secondary-causal-majority,171500.0,874,874,1.0,0.9956238118585403,1.0,True
rs-secondary-causal-majority,172000.0,874,874,1.0,0.9956238118585403,1.0,True
rs-secondary-causal-majority,172500.0,874,874,1.0,0.9956238118585403,1.0,True
rs-secondary-causal-majority,173000.0,874,874,1.0,0.9956238118585403,1.0,True
rs-secondary-causal-majority,173500.0,874,874,1.0,0.9956238118585403,1.0,True
rs-secondary-causal-majority,174000.0,874,874,1.0,0.9956238118585403,1.0,True
rs-secondary-causal-majority,174500.0,874,874,1.0,0.9956238118585403,1.0,True
rs-secondary-causal-majority,175000.0,874,874,1.0,0.9956238118585403,1.0,True
rs-secondary-causal-majority,175500.0,874,874,1.0,0.9956238118585403,1.0,True
rs-secondary-causal-majority,176000.0,874,874,1.0,0.9956238118585403,1.0,True
rs-secondary-causal-majority,176500.0,874,874,1.0,0.9956238118585403,1.0,True
rs-secondary-causal-majority,177000.0,874,874,1.0,0.9956238118585403,1.0,True
rs-secondary-causal-majority,177500.0,875,875,1.0,0.9956287913544376,1.0,True
rs-secondary-causal-majority,178000.0,875,875,1.0,0.9956287913544376,1.0,True
rs-secondary-causal-majority,178500.0,877,877,1.0,0.995638716427562,1.0,True
rs-secondary-causal-majority,179000.0,877,877,1.0,0.995638716427562,1.0,True
rs-secondary-causal-majority,179500.0,876,876,1.0,0.995633759531261,1.0,True
rs-secondary-causal-majority,180000.0,877,877,1.0,0.995638716427562,1.0,True
rs-secondary-causal-majority,180500.0,876,876,1.0,0.995633759531261,1.0,True
rs-secondary-causal-majority,181000.0,877,877,1.0,0.995638716427562,1.0,True
rs-secondary-causal-majority,181500.0,875,875,1.0,0.9956287913544376,1.0,True
rs-secondary-causal-majority,182000.0,874,874,1.0,0.9956238118585403,1.0,True
rs-secondary-causal-majority,182500.0,873,873,1.0,0.9956188210048429,1.0,True
rs-secondary-causal-majority,183000.0,868,868,1.0,0.9955936950014773,0.9999999999999999,True
rs-secondary-causal-majority,183500.0,865,865,1.0,0.9955784805884064,0.9999999999999999,True
rs-secondary-causal-majority,184000.0,866,866,1.0,0.995583563720107,0.9999999999999999,True
rs-secondary-causal-majority,184500.0,864,864,1.0,0.9955733857422827,0.9999999999999999,True
rs-secondary-causal-majority,185000.0,863,863,1.0,0.9955682791411948,1.0,True
rs-secondary-causal-majority,185500.0,856,856,1.0,0.9955322003494598,1.0,True
rs-secondary-causal-majority,186000.0,841,841,1.0,0.9954528754265887,0.9999999999999999,True
rs-secondary-causal-majority,186500.0,824,824,1.0,0.9953594987253601,1.0,True
rs-secondary-causal-majority,187000.0,759,759,1.0,0.9949640921522894,0.9999999999999999,True
rs-secondary-causal-majority,187500.0,740,740,1.0,0.9948354595924725,1.0,True
rs-secondary-causal-majority,188000.0,715,715,1.0,0.9946558462949278,1.0,True
rs-secondary-causal-majority,188500.0,698,698,1.0,0.9945264002589758,1.0,True
rs-secondary-causal-majority,189000.0,662,662,1.0,0.994230459616822,1.0,True
rs-secondary-causal-majority,189500.0,646,646,1.0,0.9940884055437511,1.0,True
rs-secondary-causal-majority,190000.0,606,606,1.0,0.9937006593187478,1.0,True
rs-secondary-causal-majority,190500.0,561,561,1.0,0.9931988012214398,0.9999999999999999,True
rs-secondary-causal-majority,191000.0,277,277,1.0,0.9863211148205965,1.0,True
rs-secondary-causal-majority,191500.0,234,234,1.0,0.9838480736759255,1.0,True
rs-secondary-causal-majority,192000.0,196,196,1.0,0.9807767752059631,1.0,True
rs-secondary-causal-majority,192500.0,178,178,1.0,0.9788739210389701,1.0,True
rs-secondary-causal-majority,193000.0,144,144,1.0,0.974015432733412,0.9999999999999999,True
rs-secondary-causal-majority,193500.0,118,118,1.0,0.9684705387979147,1.0,True
rs-secondary-causal-majority,194000.0,103,103,1.0,0.9640439678926562,1.0,True
rs-secondary-causal-majority,194500.0,62,62,1.0,0.9416539087749995,1.0,True
rs-secondary-causal-majority,195000.0,19,19,1.0,0.8318156346315496,1.0,False
rs-secondary-causal-majority,195500.0,16,16,1.0,0.8063865817272802,1.0,False
rs-secondary-causal-majority,196000.0,15,15,1.0,0.7961107336956521,1.0,False
rs-secondary-causal-majority,196500.0,12,12,1.0,0.7574992425007574,1.0,False
rs-secondary-causal-majority,197000.0,3,3,1.0,0.43849391955098227,1.0,False
rs-secondary-causal-majority,197500.0,2,2,1.0,0.34237195288961925,1.0,False
rs-secondary-causal-majority,198000.0,1,1,1.0,0.20654329147389294,1.0,False
rs-secondary-local,0.0,881,881,1.0,0.9956584319724571,1.0,True
rs-secondary-local,500.0,881,881,1.0,0.9956584319724571,1.0,True
rs-secondary-local,1000.0,881,881,1.0,0.9956584319724571,1.0,True
rs-secondary-local,1500.0,881,881,1.0,0.9956584319724571,1.0,True
rs-secondary-local,2000.0,880,880,1.0,0.9956535198162204,1.0,True
rs-secondary-local,2500.0,881,881,1.0,0.9956584319724571,1.0,True
rs-secondary-local,3000.0,881,881,1.0,0.9956584319724571,1.0,True
rs-secondary-local,3500.0,881,881,1.0,0.9956584319724571,1.0,True
rs-secondary-local,4000.0,881,881,1.0,0.9956584319724571,1.0,True
rs-secondary-local,4500.0,881,881,1.0,0.9956584319724571,1.0,True
rs-secondary-local,5000.0,881,881,1.0,0.9956584319724571,1.0,True
rs-secondary-local,5500.0,881,881,1.0,0.9956584319724571,1.0,True
rs-secondary-local,6000.0,881,881,1.0,0.9956584319724571,1.0,True
rs-secondary-local,6500.0,881,881,1.0,0.9956584319724571,1.0,True
rs-secondary-local,7000.0,881,881,1.0,0.9956584319724571,1.0,True
rs-secondary-local,7500.0,881,881,1.0,0.9956584319724571,1.0,True
rs-secondary-local,8000.0,880,880,1.0,0.9956535198162204,1.0,True
rs-secondary-local,8500.0,882,882,1.0,0.9956633330383221,1.0,True
rs-secondary-local,9000.0,881,881,1.0,0.9956584319724571,1.0,True
rs-secondary-local,9500.0,881,881,1.0,0.9956584319724571,1.0,True
rs-secondary-local,10000.0,881,881,1.0,0.9956584319724571,1.0,True
rs-secondary-local,10500.0,878,878,1.0,0.9956436620817164,1.0,True
rs-secondary-local,11000.0,878,878,1.0,0.9956436620817164,1.0,True
rs-secondary-local,11500.0,878,878,1.0,0.9956436620817164,1.0,True
rs-secondary-local,12000.0,878,878,1.0,0.9956436620817164,1.0,True
rs-secondary-local,12500.0,878,878,1.0,0.9956436620817164,1.0,True
rs-secondary-local,13000.0,877,877,1.0,0.995638716427562,1.0,True
rs-secondary-local,13500.0,877,877,1.0,0.995638716427562,1.0,True
rs-secondary-local,14000.0,877,877,1.0,0.995638716427562,1.0,True
rs-secondary-local,14500.0,877,877,1.0,0.995638716427562,1.0,True
rs-secondary-local,15000.0,877,877,1.0,0.995638716427562,1.0,True
rs-secondary-local,15500.0,877,877,1.0,0.995638716427562,1.0,True
rs-secondary-local,16000.0,877,877,1.0,0.995638716427562,1.0,True
rs-secondary-local,16500.0,877,877,1.0,0.995638716427562,1.0,True
rs-secondary-local,17000.0,877,877,1.0,0.995638716427562,1.0,True
rs-secondary-local,17500.0,877,877,1.0,0.995638716427562,1.0,True
rs-secondary-local,18000.0,877,877,1.0,0.995638716427562,1.0,True
rs-secondary-local,18500.0,877,877,1.0,0.995638716427562,1.0,True
rs-secondary-local,19000.0,877,877,1.0,0.995638716427562,1.0,True
rs-secondary-local,19500.0,877,877,1.0,0.995638716427562,1.0,True
rs-secondary-local,20000.0,877,877,1.0,0.995638716427562,1.0,True
rs-secondary-local,20500.0,877,877,1.0,0.995638716427562,1.0,True
rs-secondary-local,21000.0,877,877,1.0,0.995638716427562,1.0,True
rs-secondary-local,21500.0,877,877,1.0,0.995638716427562,1.0,True
rs-secondary-local,22000.0,877,877,1.0,0.995638716427562,1.0,True
rs-secondary-local,22500.0,877,877,1.0,0.995638716427562,1.0,True
rs-secondary-local,23000.0,877,877,1.0,0.995638716427562,1.0,True
rs-secondary-local,23500.0,877,877,1.0,0.995638716427562,1.0,True
rs-secondary-local,24000.0,877,877,1.0,0.995638716427562,1.0,True
rs-secondary-local,24500.0,877,877,1.0,0.995638716427562,1.0,True
rs-secondary-local,25000.0,877,877,1.0,0.995638716427562,1.0,True
rs-secondary-local,25500.0,877,877,1.0,0.995638716427562,1.0,True
rs-secondary-local,26000.0,876,876,1.0,0.995633759531261,1.0,True
rs-secondary-local,26500.0,876,876,1.0,0.995633759531261,1.0,True
rs-secondary-local,27000.0,876,876,1.0,0.995633759531261,1.0,True
rs-secondary-local,27500.0,876,876,1.0,0.995633759531261,1.0,True
rs-secondary-local,28000.0,876,876,1.0,0.995633759531261,1.0,True
rs-secondary-local,28500.0,876,876,1.0,0.995633759531261,1.0,True
rs-secondary-local,29000.0,876,876,1.0,0.995633759531261,1.0,True
rs-secondary-local,29500.0,876,876,1.0,0.995633759531261,1.0,True
rs-secondary-local,30000.0,876,876,1.0,0.995633759531261,1.0,True
rs-secondary-local,30500.0,876,876,1.0,0.995633759531261,1.0,True
rs-secondary-local,31000.0,876,876,1.0,0.995633759531261,1.0,True
rs-secondary-local,31500.0,876,876,1.0,0.995633759531261,1.0,True
rs-secondary-local,32000.0,876,876,1.0,0.995633759531261,1.0,True
rs-secondary-local,32500.0,876,876,1.0,0.995633759531261,1.0,True
rs-secondary-local,33000.0,876,876,1.0,0.995633759531261,1.0,True
rs-secondary-local,33500.0,876,876,1.0,0.995633759531261,1.0,True
rs-secondary-local,34000.0,876,876,1.0,0.995633759531261,1.0,True
rs-secondary-local,34500.0,876,876,1.0,0.995633759531261,1.0,True
rs-secondary-local,35000.0,876,876,1.0,0.995633759531261,1.0,True
rs-secondary-local,35500.0,876,876,1.0,0.995633759531261,1.0,True
rs-secondary-local,36000.0,876,876,1.0,0.995633759531261,1.0,True
rs-secondary-local,36500.0,876,876,1.0,0.995633759531261,1.0,True
rs-secondary-local,37000.0,876,876,1.0,0.995633759531261,1.0,True
rs-secondary-local,37500.0,876,876,1.0,0.995633759531261,1.0,True
rs-secondary-local,38000.0,876,876,1.0,0.995633759531261,1.0,True
rs-secondary-local,38500.0,876,876,1.0,0.995633759531261,1.0,True
rs-secondary-local,39000.0,876,876,1.0,0.995633759531261,1.0,True
rs-secondary-local,39500.0,876,876,1.0,0.995633759531261,1.0,True
rs-secondary-local,40000.0,876,876,1.0,0.995633759531261,1.0,True
rs-secondary-local,40500.0,876,876,1.0,0.995633759531261,1.0,True
rs-secondary-local,41000.0,876,876,1.0,0.995633759531261,1.0,True
rs-secondary-local,41500.0,876,876,1.0,0.995633759531261,1.0,True
rs-secondary-local,42000.0,876,876,1.0,0.995633759531261,1.0,True
rs-secondary-local,42500.0,876,876,1.0,0.995633759531261,1.0,True
rs-secondary-local,43000.0,876,876,1.0,0.995633759531261,1.0,True
rs-secondary-local,43500.0,876,876,1.0,0.995633759531261,1.0,True
rs-secondary-local,44000.0,876,876,1.0,0.995633759531261,1.0,True
rs-secondary-local,44500.0,876,876,1.0,0.995633759531261,1.0,True
rs-secondary-local,45000.0,878,878,1.0,0.9956436620817164,1.0,True
rs-secondary-local,45500.0,879,879,1.0,0.9956485965319258,0.9999999999999999,True
rs-secondary-local,46000.0,879,879,1.0,0.9956485965319258,0.9999999999999999,True
rs-secondary-local,46500.0,879,879,1.0,0.9956485965319258,0.9999999999999999,True
rs-secondary-local,47000.0,880,880,1.0,0.9956535198162204,1.0,True
rs-secondary-local,47500.0,879,879,1.0,0.9956485965319258,0.9999999999999999,True
rs-secondary-local,48000.0,880,880,1.0,0.9956535198162204,1.0,True
rs-secondary-local,48500.0,880,880,1.0,0.9956535198162204,1.0,True
rs-secondary-local,49000.0,879,879,1.0,0.9956485965319258,0.9999999999999999,True
rs-secondary-local,49500.0,880,880,1.0,0.9956535198162204,1.0,True
rs-secondary-local,50000.0,880,880,1.0,0.9956535198162204,1.0,True
rs-secondary-local,50500.0,879,879,1.0,0.9956485965319258,0.9999999999999999,True
rs-secondary-local,51000.0,880,880,1.0,0.9956535198162204,1.0,True
rs-secondary-local,51500.0,879,879,1.0,0.9956485965319258,0.9999999999999999,True
rs-secondary-local,52000.0,880,880,1.0,0.9956535198162204,1.0,True
rs-secondary-local,52500.0,880,880,1.0,0.9956535198162204,1.0,True
rs-secondary-local,53000.0,879,879,1.0,0.9956485965319258,0.9999999999999999,True
rs-secondary-local,53500.0,880,880,1.0,0.9956535198162204,1.0,True
rs-secondary-local,54000.0,879,879,1.0,0.9956485965319258,0.9999999999999999,True
rs-secondary-local,54500.0,880,880,1.0,0.9956535198162204,1.0,True
rs-secondary-local,55000.0,879,879,1.0,0.9956485965319258,0.9999999999999999,True
rs-secondary-local,55500.0,879,879,1.0,0.9956485965319258,0.9999999999999999,True
rs-secondary-local,56000.0,879,879,1.0,0.9956485965319258,0.9999999999999999,True
rs-secondary-local,56500.0,880,880,1.0,0.9956535198162204,1.0,True
rs-secondary-local,57000.0,879,879,1.0,0.9956485965319258,0.9999999999999999,True
rs-secondary-local,57500.0,880,880,1.0,0.9956535198162204,1.0,True
rs-secondary-local,58000.0,878,878,1.0,0.9956436620817164,1.0,True
rs-secondary-local,58500.0,877,877,1.0,0.995638716427562,1.0,True
rs-secondary-local,59000.0,877,877,1.0,0.995638716427562,1.0,True
rs-secondary-local,59500.0,877,877,1.0,0.995638716427562,1.0,True
rs-secondary-local,60000.0,877,877,1.0,0.995638716427562,1.0,True
rs-secondary-local,60500.0,877,877,1.0,0.995638716427562,1.0,True
rs-secondary-local,61000.0,877,877,1.0,0.995638716427562,1.0,True
rs-secondary-local,61500.0,877,877,1.0,0.995638716427562,1.0,True
rs-secondary-local,62000.0,877,877,1.0,0.995638716427562,1.0,True
rs-secondary-local,62500.0,876,876,1.0,0.995633759531261,1.0,True
rs-secondary-local,63000.0,877,877,1.0,0.995638716427562,1.0,True
rs-secondary-local,63500.0,875,875,1.0,0.9956287913544376,1.0,True
rs-secondary-local,64000.0,875,875,1.0,0.9956287913544376,1.0,True
rs-secondary-local,64500.0,876,876,1.0,0.995633759531261,1.0,True
rs-secondary-local,65000.0,878,878,1.0,0.9956436620817164,1.0,True
rs-secondary-local,65500.0,877,877,1.0,0.995638716427562,1.0,True
rs-secondary-local,66000.0,875,875,1.0,0.9956287913544376,1.0,True
rs-secondary-local,66500.0,875,875,1.0,0.9956287913544376,1.0,True
rs-secondary-local,67000.0,875,875,1.0,0.9956287913544376,1.0,True
rs-secondary-local,67500.0,875,875,1.0,0.9956287913544376,1.0,True
rs-secondary-local,68000.0,875,875,1.0,0.9956287913544376,1.0,True
rs-secondary-local,68500.0,875,875,1.0,0.9956287913544376,1.0,True
rs-secondary-local,69000.0,875,875,1.0,0.9956287913544376,1.0,True
rs-secondary-local,69500.0,875,875,1.0,0.9956287913544376,1.0,True
rs-secondary-local,70000.0,875,875,1.0,0.9956287913544376,1.0,True
rs-secondary-local,70500.0,876,876,1.0,0.995633759531261,1.0,True
rs-secondary-local,71000.0,877,877,1.0,0.995638716427562,1.0,True
rs-secondary-local,71500.0,879,879,1.0,0.9956485965319258,0.9999999999999999,True
rs-secondary-local,72000.0,879,879,1.0,0.9956485965319258,0.9999999999999999,True
rs-secondary-local,72500.0,879,879,1.0,0.9956485965319258,0.9999999999999999,True
rs-secondary-local,73000.0,878,878,1.0,0.9956436620817164,1.0,True
rs-secondary-local,73500.0,879,879,1.0,0.9956485965319258,0.9999999999999999,True
rs-secondary-local,74000.0,879,879,1.0,0.9956485965319258,0.9999999999999999,True
rs-secondary-local,74500.0,879,879,1.0,0.9956485965319258,0.9999999999999999,True
rs-secondary-local,75000.0,876,876,1.0,0.995633759531261,1.0,True
rs-secondary-local,75500.0,879,879,1.0,0.9956485965319258,0.9999999999999999,True
rs-secondary-local,76000.0,881,881,1.0,0.9956584319724571,1.0,True
rs-secondary-local,76500.0,879,879,1.0,0.9956485965319258,0.9999999999999999,True
rs-secondary-local,77000.0,877,877,1.0,0.995638716427562,1.0,True
rs-secondary-local,77500.0,879,879,1.0,0.9956485965319258,0.9999999999999999,True
rs-secondary-local,78000.0,876,876,1.0,0.995633759531261,1.0,True
rs-secondary-local,78500.0,878,878,1.0,0.9956436620817164,1.0,True
rs-secondary-local,79000.0,878,878,1.0,0.9956436620817164,1.0,True
rs-secondary-local,79500.0,875,875,1.0,0.9956287913544376,1.0,True
rs-secondary-local,80000.0,878,878,1.0,0.9956436620817164,1.0,True
rs-secondary-local,80500.0,877,877,1.0,0.995638716427562,1.0,True
rs-secondary-local,81000.0,880,880,1.0,0.9956535198162204,1.0,True
rs-secondary-local,81500.0,879,879,1.0,0.9956485965319258,0.9999999999999999,True
rs-secondary-local,82000.0,876,876,1.0,0.995633759531261,1.0,True
rs-secondary-local,82500.0,877,877,1.0,0.995638716427562,1.0,True
rs-secondary-local,83000.0,877,877,1.0,0.995638716427562,1.0,True
rs-secondary-local,83500.0,881,881,1.0,0.9956584319724571,1.0,True
rs-secondary-local,84000.0,876,876,1.0,0.995633759531261,1.0,True
rs-secondary-local,84500.0,878,878,1.0,0.9956436620817164,1.0,True
rs-secondary-local,85000.0,879,879,1.0,0.9956485965319258,0.9999999999999999,True
rs-secondary-local,85500.0,878,878,1.0,0.9956436620817164,1.0,True
rs-secondary-local,86000.0,878,878,1.0,0.9956436620817164,1.0,True
rs-secondary-local,86500.0,877,877,1.0,0.995638716427562,1.0,True
rs-secondary-local,87000.0,879,879,1.0,0.9956485965319258,0.9999999999999999,True
rs-secondary-local,87500.0,875,875,1.0,0.9956287913544376,1.0,True
rs-secondary-local,88000.0,875,875,1.0,0.9956287913544376,1.0,True
rs-secondary-local,88500.0,876,876,1.0,0.995633759531261,1.0,True
rs-secondary-local,89000.0,879,879,1.0,0.9956485965319258,0.9999999999999999,True
rs-secondary-local,89500.0,878,878,1.0,0.9956436620817164,1.0,True
rs-secondary-local,90000.0,878,878,1.0,0.9956436620817164,1.0,True
rs-secondary-local,90500.0,880,880,1.0,0.9956535198162204,1.0,True
rs-secondary-local,91000.0,878,878,1.0,0.9956436620817164,1.0,True
rs-secondary-local,91500.0,879,879,1.0,0.9956485965319258,0.9999999999999999,True
rs-secondary-local,92000.0,879,879,1.0,0.9956485965319258,0.9999999999999999,True
rs-secondary-local,92500.0,879,879,1.0,0.9956485965319258,0.9999999999999999,True
rs-secondary-local,93000.0,876,876,1.0,0.995633759531261,1.0,True
rs-secondary-local,93500.0,876,876,1.0,0.995633759531261,1.0,True
rs-secondary-local,94000.0,876,876,1.0,0.995633759531261,1.0,True
rs-secondary-local,94500.0,875,875,1.0,0.9956287913544376,1.0,True
rs-secondary-local,95000.0,874,874,1.0,0.9956238118585403,1.0,True
rs-secondary-local,95500.0,874,874,1.0,0.9956238118585403,1.0,True
rs-secondary-local,96000.0,875,875,1.0,0.9956287913544376,1.0,True
rs-secondary-local,96500.0,875,875,1.0,0.9956287913544376,1.0,True
rs-secondary-local,97000.0,877,877,1.0,0.995638716427562,1.0,True
rs-secondary-local,97500.0,875,875,1.0,0.9956287913544376,1.0,True
rs-secondary-local,98000.0,874,874,1.0,0.9956238118585403,1.0,True
rs-secondary-local,98500.0,873,873,1.0,0.9956188210048429,1.0,True
rs-secondary-local,99000.0,874,874,1.0,0.9956238118585403,1.0,True
rs-secondary-local,99500.0,877,877,1.0,0.995638716427562,1.0,True
rs-secondary-local,100000.0,879,879,1.0,0.9956485965319258,0.9999999999999999,True
rs-secondary-local,100500.0,878,878,1.0,0.9956436620817164,1.0,True
rs-secondary-local,101000.0,877,877,1.0,0.995638716427562,1.0,True
rs-secondary-local,101500.0,874,874,1.0,0.9956238118585403,1.0,True
rs-secondary-local,102000.0,878,878,1.0,0.9956436620817164,1.0,True
rs-secondary-local,102500.0,878,878,1.0,0.9956436620817164,1.0,True
rs-secondary-local,103000.0,877,877,1.0,0.995638716427562,1.0,True
rs-secondary-local,103500.0,874,874,1.0,0.9956238118585403,1.0,True
rs-secondary-local,104000.0,880,880,1.0,0.9956535198162204,1.0,True
rs-secondary-local,104500.0,878,878,1.0,0.9956436620817164,1.0,True
rs-secondary-local,105000.0,876,876,1.0,0.995633759531261,1.0,True
rs-secondary-local,105500.0,876,876,1.0,0.995633759531261,1.0,True
rs-secondary-local,106000.0,876,876,1.0,0.995633759531261,1.0,True
rs-secondary-local,106500.0,876,876,1.0,0.995633759531261,1.0,True
rs-secondary-local,107000.0,876,876,1.0,0.995633759531261,1.0,True
rs-secondary-local,107500.0,876,876,1.0,0.995633759531261,1.0,True
rs-secondary-local,108000.0,876,876,1.0,0.995633759531261,1.0,True
rs-secondary-local,108500.0,876,876,1.0,0.995633759531261,1.0,True
rs-secondary-local,109000.0,876,876,1.0,0.995633759531261,1.0,True
rs-secondary-local,109500.0,876,876,1.0,0.995633759531261,1.0,True
rs-secondary-local,110000.0,876,876,1.0,0.995633759531261,1.0,True
rs-secondary-local,110500.0,876,876,1.0,0.995633759531261,1.0,True
rs-secondary-local,111000.0,876,876,1.0,0.995633759531261,1.0,True
rs-secondary-local,111500.0,876,876,1.0,0.995633759531261,1.0,True
rs-secondary-local,112000.0,876,876,1.0,0.995633759531261,1.0,True
rs-secondary-local,112500.0,876,876,1.0,0.995633759531261,1.0,True
rs-secondary-local,113000.0,876,876,1.0,0.995633759531261,1.0,True
rs-secondary-local,113500.0,876,876,1.0,0.995633759531261,1.0,True
rs-secondary-local,114000.0,876,876,1.0,0.995633759531261,1.0,True
rs-secondary-local,114500.0,876,876,1.0,0.995633759531261,1.0,True
rs-secondary-local,115000.0,876,876,1.0,0.995633759531261,1.0,True
rs-secondary-local,115500.0,876,876,1.0,0.995633759531261,1.0,True
rs-secondary-local,116000.0,875,875,1.0,0.9956287913544376,1.0,True
rs-secondary-local,116500.0,877,877,1.0,0.995638716427562,1.0,True
rs-secondary-local,117000.0,876,876,1.0,0.995633759531261,1.0,True
rs-secondary-local,117500.0,876,876,1.0,0.995633759531261,1.0,True
rs-secondary-local,118000.0,875,875,1.0,0.9956287913544376,1.0,True
rs-secondary-local,118500.0,876,876,1.0,0.995633759531261,1.0,True
rs-secondary-local,119000.0,875,875,1.0,0.9956287913544376,1.0,True
rs-secondary-local,119500.0,875,875,1.0,0.9956287913544376,1.0,True
rs-secondary-local,120000.0,877,877,1.0,0.995638716427562,1.0,True
rs-secondary-local,120500.0,877,877,1.0,0.995638716427562,1.0,True
rs-secondary-local,121000.0,876,876,1.0,0.995633759531261,1.0,True
rs-secondary-local,121500.0,875,875,1.0,0.9956287913544376,1.0,True
rs-secondary-local,122000.0,875,875,1.0,0.9956287913544376,1.0,True
rs-secondary-local,122500.0,874,874,1.0,0.9956238118585403,1.0,True
rs-secondary-local,123000.0,876,876,1.0,0.995633759531261,1.0,True
rs-secondary-local,123500.0,874,874,1.0,0.9956238118585403,1.0,True
rs-secondary-local,124000.0,875,875,1.0,0.9956287913544376,1.0,True
rs-secondary-local,124500.0,875,875,1.0,0.9956287913544376,1.0,True
rs-secondary-local,125000.0,873,873,1.0,0.9956188210048429,1.0,True
rs-secondary-local,125500.0,877,877,1.0,0.995638716427562,1.0,True
rs-secondary-local,126000.0,873,873,1.0,0.9956188210048429,1.0,True
rs-secondary-local,126500.0,878,878,1.0,0.9956436620817164,1.0,True
rs-secondary-local,127000.0,874,874,1.0,0.9956238118585403,1.0,True
rs-secondary-local,127500.0,875,875,1.0,0.9956287913544376,1.0,True
rs-secondary-local,128000.0,874,874,1.0,0.9956238118585403,1.0,True
rs-secondary-local,128500.0,875,875,1.0,0.9956287913544376,1.0,True
rs-secondary-local,129000.0,874,874,1.0,0.9956238118585403,1.0,True
rs-secondary-local,129500.0,874,874,1.0,0.9956238118585403,1.0,True
rs-secondary-local,130000.0,874,874,1.0,0.9956238118585403,1.0,True
rs-secondary-local,130500.0,873,873,1.0,0.9956188210048429,1.0,True
rs-secondary-local,131000.0,877,877,1.0,0.995638716427562,1.0,True
rs-secondary-local,131500.0,873,873,1.0,0.9956188210048429,1.0,True
rs-secondary-local,132000.0,875,875,1.0,0.9956287913544376,1.0,True
rs-secondary-local,132500.0,873,873,1.0,0.9956188210048429,1.0,True
rs-secondary-local,133000.0,874,874,1.0,0.9956238118585403,1.0,True
rs-secondary-local,133500.0,874,874,1.0,0.9956238118585403,1.0,True
rs-secondary-local,134000.0,874,874,1.0,0.9956238118585403,1.0,True
rs-secondary-local,134500.0,873,873,1.0,0.9956188210048429,1.0,True
rs-secondary-local,135000.0,874,874,1.0,0.9956238118585403,1.0,True
rs-secondary-local,135500.0,873,873,1.0,0.9956188210048429,1.0,True
rs-secondary-local,136000.0,874,874,1.0,0.9956238118585403,1.0,True
rs-secondary-local,136500.0,877,877,1.0,0.995638716427562,1.0,True
rs-secondary-local,137000.0,876,876,1.0,0.995633759531261,1.0,True
rs-secondary-local,137500.0,877,877,1.0,0.995638716427562,1.0,True
rs-secondary-local,138000.0,878,878,1.0,0.9956436620817164,1.0,True
rs-secondary-local,138500.0,879,879,1.0,0.9956485965319258,0.9999999999999999,True
rs-secondary-local,139000.0,881,881,1.0,0.9956584319724571,1.0,True
rs-secondary-local,139500.0,881,881,1.0,0.9956584319724571,1.0,True
rs-secondary-local,140000.0,880,880,1.0,0.9956535198162204,1.0,True
rs-secondary-local,140500.0,882,882,1.0,0.9956633330383221,1.0,True
rs-secondary-local,141000.0,883,883,1.0,0.9956682230513316,0.9999999999999998,True
rs-secondary-local,141500.0,883,883,1.0,0.9956682230513316,0.9999999999999998,True
rs-secondary-local,142000.0,879,879,1.0,0.9956485965319258,0.9999999999999999,True
rs-secondary-local,142500.0,879,879,1.0,0.9956485965319258,0.9999999999999999,True
rs-secondary-local,143000.0,880,880,1.0,0.9956535198162204,1.0,True
rs-secondary-local,143500.0,879,879,1.0,0.9956485965319258,0.9999999999999999,True
rs-secondary-local,144000.0,879,879,1.0,0.9956485965319258,0.9999999999999999,True
rs-secondary-local,144500.0,877,877,1.0,0.995638716427562,1.0,True
rs-secondary-local,145000.0,878,878,1.0,0.9956436620817164,1.0,True
rs-secondary-local,145500.0,878,878,1.0,0.9956436620817164,1.0,True
rs-secondary-local,146000.0,876,876,1.0,0.995633759531261,1.0,True
rs-secondary-local,146500.0,876,876,1.0,0.995633759531261,1.0,True
rs-secondary-local,147000.0,876,876,1.0,0.995633759531261,1.0,True
rs-secondary-local,147500.0,876,876,1.0,0.995633759531261,1.0,True
rs-secondary-local,148000.0,876,876,1.0,0.995633759531261,1.0,True
rs-secondary-local,148500.0,879,879,1.0,0.9956485965319258,0.9999999999999999,True
rs-secondary-local,149000.0,879,879,1.0,0.9956485965319258,0.9999999999999999,True
rs-secondary-local,149500.0,876,876,1.0,0.995633759531261,1.0,True
rs-secondary-local,150000.0,875,875,1.0,0.9956287913544376,1.0,True
rs-secondary-local,150500.0,878,878,1.0,0.9956436620817164,1.0,True
rs-secondary-local,151000.0,878,878,1.0,0.9956436620817164,1.0,True
rs-secondary-local,151500.0,877,877,1.0,0.995638716427562,1.0,True
rs-secondary-local,152000.0,879,879,1.0,0.9956485965319258,0.9999999999999999,True
rs-secondary-local,152500.0,878,878,1.0,0.9956436620817164,1.0,True
rs-secondary-local,153000.0,878,878,1.0,0.9956436620817164,1.0,True
rs-secondary-local,153500.0,879,879,1.0,0.9956485965319258,0.9999999999999999,True
rs-secondary-local,154000.0,880,880,1.0,0.9956535198162204,1.0,True
rs-secondary-local,154500.0,882,882,1.0,0.9956633330383221,1.0,True
rs-secondary-local,155000.0,881,881,1.0,0.9956584319724571,1.0,True
rs-secondary-local,155500.0,879,879,1.0,0.9956485965319258,0.9999999999999999,True
rs-secondary-local,156000.0,880,880,1.0,0.9956535198162204,1.0,True
rs-secondary-local,156500.0,881,881,1.0,0.9956584319724571,1.0,True
rs-secondary-local,157000.0,880,880,1.0,0.9956535198162204,1.0,True
rs-secondary-local,157500.0,878,878,1.0,0.9956436620817164,1.0,True
rs-secondary-local,158000.0,877,877,1.0,0.995638716427562,1.0,True
rs-secondary-local,158500.0,878,878,1.0,0.9956436620817164,1.0,True
rs-secondary-local,159000.0,878,878,1.0,0.9956436620817164,1.0,True
rs-secondary-local,159500.0,877,877,1.0,0.995638716427562,1.0,True
rs-secondary-local,160000.0,877,877,1.0,0.995638716427562,1.0,True
rs-secondary-local,160500.0,875,875,1.0,0.9956287913544376,1.0,True
rs-secondary-local,161000.0,877,877,1.0,0.995638716427562,1.0,True
rs-secondary-local,161500.0,877,877,1.0,0.995638716427562,1.0,True
rs-secondary-local,162000.0,876,876,1.0,0.995633759531261,1.0,True
rs-secondary-local,162500.0,874,874,1.0,0.9956238118585403,1.0,True
rs-secondary-local,163000.0,873,873,1.0,0.9956188210048429,1.0,True
rs-secondary-local,163500.0,875,875,1.0,0.9956287913544376,1.0,True
rs-secondary-local,164000.0,875,875,1.0,0.9956287913544376,1.0,True
rs-secondary-local,164500.0,878,878,1.0,0.9956436620817164,1.0,True
rs-secondary-local,165000.0,878,878,1.0,0.9956436620817164,1.0,True
rs-secondary-local,165500.0,878,878,1.0,0.9956436620817164,1.0,True
rs-secondary-local,166000.0,877,877,1.0,0.995638716427562,1.0,True
rs-secondary-local,166500.0,878,878,1.0,0.9956436620817164,1.0,True
rs-secondary-local,167000.0,877,877,1.0,0.995638716427562,1.0,True
rs-secondary-local,167500.0,879,879,1.0,0.9956485965319258,0.9999999999999999,True
rs-secondary-local,168000.0,877,877,1.0,0.995638716427562,1.0,True
rs-secondary-local,168500.0,878,878,1.0,0.9956436620817164,1.0,True
rs-secondary-local,169000.0,877,877,1.0,0.995638716427562,1.0,True
rs-secondary-local,169500.0,878,878,1.0,0.9956436620817164,1.0,True
rs-secondary-local,170000.0,879,879,1.0,0.9956485965319258,0.9999999999999999,True
rs-secondary-local,170500.0,878,878,1.0,0.9956436620817164,1.0,True
rs-secondary-local,171000.0,878,878,1.0,0.9956436620817164,1.0,True
rs-secondary-local,171500.0,875,875,1.0,0.9956287913544376,1.0,True
rs-secondary-local,172000.0,878,878,1.0,0.9956436620817164,1.0,True
rs-secondary-local,172500.0,877,877,1.0,0.995638716427562,1.0,True
rs-secondary-local,173000.0,879,879,1.0,0.9956485965319258,0.9999999999999999,True
rs-secondary-local,173500.0,880,880,1.0,0.9956535198162204,1.0,True
rs-secondary-local,174000.0,880,880,1.0,0.9956535198162204,1.0,True
rs-secondary-local,174500.0,881,881,1.0,0.9956584319724571,1.0,True
rs-secondary-local,175000.0,881,881,1.0,0.9956584319724571,1.0,True
rs-secondary-local,175500.0,880,880,1.0,0.9956535198162204,1.0,True
rs-secondary-local,176000.0,881,881,1.0,0.9956584319724571,1.0,True
rs-secondary-local,176500.0,880,880,1.0,0.9956535198162204,1.0,True
rs-secondary-local,177000.0,877,877,1.0,0.995638716427562,1.0,True
rs-secondary-local,177500.0,877,877,1.0,0.995638716427562,1.0,True
rs-secondary-local,178000.0,876,876,1.0,0.995633759531261,1.0,True
rs-secondary-local,178500.0,872,872,1.0,0.9956138187544413,0.9999999999999999,True
rs-secondary-local,179000.0,873,873,1.0,0.9956188210048429,1.0,True
rs-secondary-local,179500.0,873,873,1.0,0.9956188210048429,1.0,True
rs-secondary-local,180000.0,871,871,1.0,0.9956088050682548,1.0,True
rs-secondary-local,180500.0,870,870,1.0,0.9956037799070222,1.0,True
rs-secondary-local,181000.0,867,867,1.0,0.9955886351777409,1.0,True
rs-secondary-local,181500.0,866,866,1.0,0.995583563720107,0.9999999999999999,True
rs-secondary-local,182000.0,861,861,1.0,0.9955580305110208,1.0,True
rs-secondary-local,182500.0,854,854,1.0,0.995521783975037,1.0,True
rs-secondary-local,183000.0,846,846,1.0,0.995479628203656,1.0,True
rs-secondary-local,183500.0,838,838,1.0,0.9954366712217597,1.0,True
rs-secondary-local,184000.0,829,829,1.0,0.9953873581723103,1.0,True
rs-secondary-local,184500.0,817,817,1.0,0.9953199253059299,1.0,True
rs-secondary-local,185000.0,796,796,1.0,0.995197049015705,0.9999999999999999,True
rs-secondary-local,185500.0,784,784,1.0,0.9951238929246693,1.0,True
rs-secondary-local,186000.0,761,761,1.0,0.9949772606510943,1.0,True
rs-secondary-local,186500.0,726,726,1.0,0.9947363921157687,1.0,True
rs-secondary-local,187000.0,648,648,1.0,0.9941065436756417,1.0,True
rs-secondary-local,187500.0,597,597,1.0,0.9936063015610104,1.0,True
rs-secondary-local,188000.0,573,573,1.0,0.9933402861374769,1.0,True
rs-secondary-local,188500.0,543,543,1.0,0.9929749309489254,0.9999999999999999,True
rs-secondary-local,189000.0,513,513,1.0,0.9925671617764512,0.9999999999999999,True
rs-secondary-local,189500.0,475,475,1.0,0.991977305229955,1.0,True
rs-secondary-local,190000.0,434,434,1.0,0.9912260506996137,0.9999999999999999,True
rs-secondary-local,190500.0,389,389,1.0,0.990220994925181,1.0,True
rs-secondary-local,191000.0,143,143,1.0,0.9738384762900976,1.0,True
rs-secondary-local,191500.0,120,120,1.0,0.9689797289440706,1.0,True
rs-secondary-local,192000.0,100,100,1.0,0.9630051925239981,0.9999999999999999,True
rs-secondary-local,192500.0,79,79,1.0,0.9536271631644004,1.0,True
rs-secondary-local,193000.0,60,60,1.0,0.9398260695220669,0.9999999999999999,True
rs-secondary-local,193500.0,40,40,1.0,0.9123754607496077,1.0,True
rs-secondary-local,194000.0,33,33,1.0,0.8957265699643882,1.0,True
rs-secondary-local,194500.0,7,7,1.0,0.6456611570247934,1.0,False
rs-secondary-majority,0.0,883,883,1.0,0.9956682230513316,0.9999999999999998,True
rs-secondary-majority,500.0,883,883,1.0,0.9956682230513316,0.9999999999999998,True
rs-secondary-majority,1000.0,884,884,1.0,0.9956731020488339,1.0,True
rs-secondary-majority,1500.0,883,883,1.0,0.9956682230513316,0.9999999999999998,True
rs-secondary-majority,2000.0,884,884,1.0,0.9956731020488339,1.0,True
rs-secondary-majority,2500.0,883,883,1.0,0.9956682230513316,0.9999999999999998,True
rs-secondary-majority,3000.0,882,882,1.0,0.9956633330383221,1.0,True
rs-secondary-majority,3500.0,880,880,1.0,0.9956535198162204,1.0,True
rs-secondary-majority,4000.0,881,881,1.0,0.9956584319724571,1.0,True
rs-secondary-majority,4500.0,881,881,1.0,0.9956584319724571,1.0,True
rs-secondary-majority,5000.0,881,881,1.0,0.9956584319724571,1.0,True
rs-secondary-majority,5500.0,880,880,1.0,0.9956535198162204,1.0,True
rs-secondary-majority,6000.0,881,881,1.0,0.9956584319724571,1.0,True
rs-secondary-majority,6500.0,881,881,1.0,0.9956584319724571,1.0,True
rs-secondary-majority,7000.0,881,881,1.0,0.9956584319724571,1.0,True
rs-secondary-majority,7500.0,880,880,1.0,0.9956535198162204,1.0,True
rs-secondary-majority,8000.0,881,881,1.0,0.9956584319724571,1.0,True
rs-secondary-majority,8500.0,881,881,1.0,0.9956584319724571,1.0,True
rs-secondary-majority,9000.0,880,880,1.0,0.9956535198162204,1.0,True
rs-secondary-majority,9500.0,881,881,1.0,0.9956584319724571,1.0,True
rs-secondary-majority,10000.0,880,880,1.0,0.9956535198162204,1.0,True
rs-secondary-majority,10500.0,880,880,1.0,0.9956535198162204,1.0,True
rs-secondary-majority,11000.0,881,881,1.0,0.9956584319724571,1.0,True
rs-secondary-majority,11500.0,880,880,1.0,0.9956535198162204,1.0,True
rs-secondary-majority,12000.0,879,879,1.0,0.9956485965319258,0.9999999999999999,True
rs-secondary-majority,12500.0,879,879,1.0,0.9956485965319258,0.9999999999999999,True
rs-secondary-majority,13000.0,879,879,1.0,0.9956485965319258,0.9999999999999999,True
rs-secondary-majority,13500.0,881,881,1.0,0.9956584319724571,1.0,True
rs-secondary-majority,14000.0,878,878,1.0,0.9956436620817164,1.0,True
rs-secondary-majority,14500.0,878,878,1.0,0.9956436620817164,1.0,True
rs-secondary-majority,15000.0,878,878,1.0,0.9956436620817164,1.0,True
rs-secondary-majority,15500.0,878,878,1.0,0.9956436620817164,1.0,True
rs-secondary-majority,16000.0,878,878,1.0,0.9956436620817164,1.0,True
rs-secondary-majority,16500.0,878,878,1.0,0.9956436620817164,1.0,True
rs-secondary-majority,17000.0,877,877,1.0,0.995638716427562,1.0,True
rs-secondary-majority,17500.0,876,876,1.0,0.995633759531261,1.0,True
rs-secondary-majority,18000.0,878,878,1.0,0.9956436620817164,1.0,True
rs-secondary-majority,18500.0,876,876,1.0,0.995633759531261,1.0,True
rs-secondary-majority,19000.0,876,876,1.0,0.995633759531261,1.0,True
rs-secondary-majority,19500.0,876,876,1.0,0.995633759531261,1.0,True
rs-secondary-majority,20000.0,876,876,1.0,0.995633759531261,1.0,True
rs-secondary-majority,20500.0,876,876,1.0,0.995633759531261,1.0,True
rs-secondary-majority,21000.0,876,876,1.0,0.995633759531261,1.0,True
rs-secondary-majority,21500.0,876,876,1.0,0.995633759531261,1.0,True
rs-secondary-majority,22000.0,876,876,1.0,0.995633759531261,1.0,True
rs-secondary-majority,22500.0,876,876,1.0,0.995633759531261,1.0,True
rs-secondary-majority,23000.0,876,876,1.0,0.995633759531261,1.0,True
rs-secondary-majority,23500.0,876,876,1.0,0.995633759531261,1.0,True
rs-secondary-majority,24000.0,876,876,1.0,0.995633759531261,1.0,True
rs-secondary-majority,24500.0,876,876,1.0,0.995633759531261,1.0,True
rs-secondary-majority,25000.0,876,876,1.0,0.995633759531261,1.0,True
rs-secondary-majority,25500.0,876,876,1.0,0.995633759531261,1.0,True
rs-secondary-majority,26000.0,876,876,1.0,0.995633759531261,1.0,True
rs-secondary-majority,26500.0,876,876,1.0,0.995633759531261,1.0,True
rs-secondary-majority,27000.0,876,876,1.0,0.995633759531261,1.0,True
rs-secondary-majority,27500.0,876,876,1.0,0.995633759531261,1.0,True
rs-secondary-majority,28000.0,876,876,1.0,0.995633759531261,1.0,True
rs-secondary-majority,28500.0,876,876,1.0,0.995633759531261,1.0,True
rs-secondary-majority,29000.0,876,876,1.0,0.995633759531261,1.0,True
rs-secondary-majority,29500.0,876,876,1.0,0.995633759531261,1.0,True
rs-secondary-majority,30000.0,876,876,1.0,0.995633759531261,1.0,True
rs-secondary-majority,30500.0,876,876,1.0,0.995633759531261,1.0,True
rs-secondary-majority,31000.0,876,876,1.0,0.995633759531261,1.0,True
rs-secondary-majority,31500.0,876,876,1.0,0.995633759531261,1.0,True
rs-secondary-majority,32000.0,876,876,1.0,0.995633759531261,1.0,True
rs-secondary-majority,32500.0,876,876,1.0,0.995633759531261,1.0,True
rs-secondary-majority,33000.0,876,876,1.0,0.995633759531261,1.0,True
rs-secondary-majority,33500.0,876,876,1.0,0.995633759531261,1.0,True
rs-secondary-majority,34000.0,876,876,1.0,0.995633759531261,1.0,True
rs-secondary-majority,34500.0,876,876,1.0,0.995633759531261,1.0,True
rs-secondary-majority,35000.0,876,876,1.0,0.995633759531261,1.0,True
rs-secondary-majority,35500.0,876,876,1.0,0.995633759531261,1.0,True
rs-secondary-majority,36000.0,876,876,1.0,0.995633759531261,1.0,True
rs-secondary-majority,36500.0,876,876,1.0,0.995633759531261,1.0,True
rs-secondary-majority,37000.0,876,876,1.0,0.995633759531261,1.0,True
rs-secondary-majority,37500.0,876,876,1.0,0.995633759531261,1.0,True
rs-secondary-majority,38000.0,876,876,1.0,0.995633759531261,1.0,True
rs-secondary-majority,38500.0,876,876,1.0,0.995633759531261,1.0,True
rs-secondary-majority,39000.0,876,876,1.0,0.995633759531261,1.0,True
rs-secondary-majority,39500.0,876,876,1.0,0.995633759531261,1.0,True
rs-secondary-majority,40000.0,876,876,1.0,0.995633759531261,1.0,True
rs-secondary-majority,40500.0,876,876,1.0,0.995633759531261,1.0,True
rs-secondary-majority,41000.0,876,876,1.0,0.995633759531261,1.0,True
rs-secondary-majority,41500.0,876,876,1.0,0.995633759531261,1.0,True
rs-secondary-majority,42000.0,876,876,1.0,0.995633759531261,1.0,True
rs-secondary-majority,42500.0,876,876,1.0,0.995633759531261,1.0,True
rs-secondary-majority,43000.0,876,876,1.0,0.995633759531261,1.0,True
rs-secondary-majority,43500.0,876,876,1.0,0.995633759531261,1.0,True
rs-secondary-majority,44000.0,876,876,1.0,0.995633759531261,1.0,True
rs-secondary-majority,44500.0,876,876,1.0,0.995633759531261,1.0,True
rs-secondary-majority,45000.0,877,877,1.0,0.995638716427562,1.0,True
rs-secondary-majority,45500.0,878,878,1.0,0.9956436620817164,1.0,True
rs-secondary-majority,46000.0,879,879,1.0,0.9956485965319258,0.9999999999999999,True
rs-secondary-majority,46500.0,880,880,1.0,0.9956535198162204,1.0,True
rs-secondary-majority,47000.0,880,880,1.0,0.9956535198162204,1.0,True
rs-secondary-majority,47500.0,880,880,1.0,0.9956535198162204,1.0,True
rs-secondary-majority,48000.0,879,879,1.0,0.9956485965319258,0.9999999999999999,True
rs-secondary-majority,48500.0,880,880,1.0,0.9956535198162204,1.0,True
rs-secondary-majority,49000.0,880,880,1.0,0.9956535198162204,1.0,True
rs-secondary-majority,49500.0,880,880,1.0,0.9956535198162204,1.0,True
rs-secondary-majority,50000.0,880,880,1.0,0.9956535198162204,1.0,True
rs-secondary-majority,50500.0,878,878,1.0,0.9956436620817164,1.0,True
rs-secondary-majority,51000.0,879,879,1.0,0.9956485965319258,0.9999999999999999,True
rs-secondary-majority,51500.0,878,878,1.0,0.9956436620817164,1.0,True
rs-secondary-majority,52000.0,879,879,1.0,0.9956485965319258,0.9999999999999999,True
rs-secondary-majority,52500.0,877,877,1.0,0.995638716427562,1.0,True
rs-secondary-majority,53000.0,878,878,1.0,0.9956436620817164,1.0,True
rs-secondary-majority,53500.0,879,879,1.0,0.9956485965319258,0.9999999999999999,True
rs-secondary-majority,54000.0,879,879,1.0,0.9956485965319258,0.9999999999999999,True
rs-secondary-majority,54500.0,878,878,1.0,0.9956436620817164,1.0,True
rs-secondary-majority,55000.0,876,876,1.0,0.995633759531261,1.0,True
rs-secondary-majority,55500.0,877,877,1.0,0.995638716427562,1.0,True
rs-secondary-majority,56000.0,877,877,1.0,0.995638716427562,1.0,True
rs-secondary-majority,56500.0,876,876,1.0,0.995633759531261,1.0,True
rs-secondary-majority,57000.0,874,874,1.0,0.9956238118585403,1.0,True
rs-secondary-majority,57500.0,875,875,1.0,0.9956287913544376,1.0,True
rs-secondary-majority,58000.0,875,875,1.0,0.9956287913544376,1.0,True
rs-secondary-majority,58500.0,875,875,1.0,0.9956287913544376,1.0,True
rs-secondary-majority,59000.0,875,875,1.0,0.9956287913544376,1.0,True
rs-secondary-majority,59500.0,875,875,1.0,0.9956287913544376,1.0,True
rs-secondary-majority,60000.0,875,875,1.0,0.9956287913544376,1.0,True
rs-secondary-majority,60500.0,875,875,1.0,0.9956287913544376,1.0,True
rs-secondary-majority,61000.0,875,875,1.0,0.9956287913544376,1.0,True
rs-secondary-majority,61500.0,877,877,1.0,0.995638716427562,1.0,True
rs-secondary-majority,62000.0,875,875,1.0,0.9956287913544376,1.0,True
rs-secondary-majority,62500.0,876,876,1.0,0.995633759531261,1.0,True
rs-secondary-majority,63000.0,876,876,1.0,0.995633759531261,1.0,True
rs-secondary-majority,63500.0,877,877,1.0,0.995638716427562,1.0,True
rs-secondary-majority,64000.0,877,877,1.0,0.995638716427562,1.0,True
rs-secondary-majority,64500.0,879,879,1.0,0.9956485965319258,0.9999999999999999,True
rs-secondary-majority,65000.0,879,879,1.0,0.9956485965319258,0.9999999999999999,True
rs-secondary-majority,65500.0,881,881,1.0,0.9956584319724571,1.0,True
rs-secondary-majority,66000.0,879,879,1.0,0.9956485965319258,0.9999999999999999,True
rs-secondary-majority,66500.0,880,880,1.0,0.9956535198162204,1.0,True
rs-secondary-majority,67000.0,879,879,1.0,0.9956485965319258,0.9999999999999999,True
rs-secondary-majority,67500.0,881,881,1.0,0.9956584319724571,1.0,True
rs-secondary-majority,68000.0,879,879,1.0,0.9956485965319258,0.9999999999999999,True
rs-secondary-majority,68500.0,881,881,1.0,0.9956584319724571,1.0,True
rs-secondary-majority,69000.0,880,880,1.0,0.9956535198162204,1.0,True
rs-secondary-majority,69500.0,880,880,1.0,0.9956535198162204,1.0,True
rs-secondary-majority,70000.0,878,878,1.0,0.9956436620817164,1.0,True
rs-secondary-majority,70500.0,878,878,1.0,0.9956436620817164,1.0,True
rs-secondary-majority,71000.0,879,879,1.0,0.9956485965319258,0.9999999999999999,True
rs-secondary-majority,71500.0,880,880,1.0,0.9956535198162204,1.0,True
rs-secondary-majority,72000.0,879,879,1.0,0.9956485965319258,0.9999999999999999,True
rs-secondary-majority,72500.0,880,880,1.0,0.9956535198162204,1.0,True
rs-secondary-majority,73000.0,880,880,1.0,0.9956535198162204,1.0,True
rs-secondary-majority,73500.0,880,880,1.0,0.9956535198162204,1.0,True
rs-secondary-majority,74000.0,880,880,1.0,0.9956535198162204,1.0,True
rs-secondary-majority,74500.0,880,880,1.0,0.9956535198162204,1.0,True
rs-secondary-majority,75000.0,879,879,1.0,0.9956485965319258,0.9999999999999999,True
rs-secondary-majority,75500.0,880,880,1.0,0.9956535198162204,1.0,True
rs-secondary-majority,76000.0,880,880,1.0,0.9956535198162204,1.0,True
rs-secondary-majority,76500.0,879,879,1.0,0.9956485965319258,0.9999999999999999,True
rs-secondary-majority,77000.0,880,880,1.0,0.9956535198162204,1.0,True
rs-secondary-majority,77500.0,881,881,1.0,0.9956584319724571,1.0,True
rs-secondary-majority,78000.0,879,879,1.0,0.9956485965319258,0.9999999999999999,True
rs-secondary-majority,78500.0,878,878,1.0,0.9956436620817164,1.0,True
rs-secondary-majority,79000.0,880,880,1.0,0.9956535198162204,1.0,True
rs-secondary-majority,79500.0,878,878,1.0,0.9956436620817164,1.0,True
rs-secondary-majority,80000.0,878,878,1.0,0.9956436620817164,1.0,True
rs-secondary-majority,80500.0,878,878,1.0,0.9956436620817164,1.0,True
rs-secondary-majority,81000.0,878,878,1.0,0.9956436620817164,1.0,True
rs-secondary-majority,81500.0,880,880,1.0,0.9956535198162204,1.0,True
rs-secondary-majority,82000.0,878,878,1.0,0.9956436620817164,1.0,True
rs-secondary-majority,82500.0,878,878,1.0,0.9956436620817164,1.0,True
rs-secondary-majority,83000.0,877,877,1.0,0.995638716427562,1.0,True
rs-secondary-majority,83500.0,876,876,1.0,0.995633759531261,1.0,True
rs-secondary-majority,84000.0,876,876,1.0,0.995633759531261,1.0,True
rs-secondary-majority,84500.0,877,877,1.0,0.995638716427562,1.0,True
rs-secondary-majority,85000.0,877,877,1.0,0.995638716427562,1.0,True
rs-secondary-majority,85500.0,876,876,1.0,0.995633759531261,1.0,True
rs-secondary-majority,86000.0,874,874,1.0,0.9956238118585403,1.0,True
rs-secondary-majority,86500.0,876,876,1.0,0.995633759531261,1.0,True
rs-secondary-majority,87000.0,876,876,1.0,0.995633759531261,1.0,True
rs-secondary-majority,87500.0,877,877,1.0,0.995638716427562,1.0,True
rs-secondary-majority,88000.0,877,877,1.0,0.995638716427562,1.0,True
rs-secondary-majority,88500.0,876,876,1.0,0.995633759531261,1.0,True
rs-secondary-majority,89000.0,877,877,1.0,0.995638716427562,1.0,True
rs-secondary-majority,89500.0,876,876,1.0,0.995633759531261,1.0,True
rs-secondary-majority,90000.0,876,876,1.0,0.995633759531261,1.0,True
rs-secondary-majority,90500.0,877,877,1.0,0.995638716427562,1.0,True
rs-secondary-majority,91000.0,879,879,1.0,0.9956485965319258,0.9999999999999999,True
rs-secondary-majority,91500.0,879,879,1.0,0.9956485965319258,0.9999999999999999,True
rs-secondary-majority,92000.0,877,877,1.0,0.995638716427562,1.0,True
rs-secondary-majority,92500.0,879,879,1.0,0.9956485965319258,0.9999999999999999,True
rs-secondary-majority,93000.0,879,879,1.0,0.9956485965319258,0.9999999999999999,True
rs-secondary-majority,93500.0,880,880,1.0,0.9956535198162204,1.0,True
rs-secondary-majority,94000.0,879,879,1.0,0.9956485965319258,0.9999999999999999,True
rs-secondary-majority,94500.0,877,877,1.0,0.995638716427562,1.0,True
rs-secondary-majority,95000.0,876,876,1.0,0.995633759531261,1.0,True
rs-secondary-majority,95500.0,876,876,1.0,0.995633759531261,1.0,True
rs-secondary-majority,96000.0,876,876,1.0,0.995633759531261,1.0,True
rs-secondary-majority,96500.0,876,876,1.0,0.995633759531261,1.0,True
rs-secondary-majority,97000.0,876,876,1.0,0.995633759531261,1.0,True
rs-secondary-majority,97500.0,876,876,1.0,0.995633759531261,1.0,True
rs-secondary-majority,98000.0,876,876,1.0,0.995633759531261,1.0,True
rs-secondary-majority,98500.0,876,876,1.0,0.995633759531261,1.0,True
rs-secondary-majority,99000.0,876,876,1.0,0.995633759531261,1.0,True
rs-secondary-majority,99500.0,876,876,1.0,0.995633759531261,1.0,True
rs-secondary-majority,100000.0,876,876,1.0,0.995633759531261,1.0,True
rs-secondary-majority,100500.0,876,876,1.0,0.995633759531261,1.0,True
rs-secondary-majority,101000.0,876,876,1.0,0.995633759531261,1.0,True
rs-secondary-majority,101500.0,876,876,1.0,0.995633759531261,1.0,True
rs-secondary-majority,102000.0,876,876,1.0,0.995633759531261,1.0,True
rs-secondary-majority,102500.0,876,876,1.0,0.995633759531261,1.0,True
rs-secondary-majority,103000.0,876,876,1.0,0.995633759531261,1.0,True
rs-secondary-majority,103500.0,875,875,1.0,0.9956287913544376,1.0,True
rs-secondary-majority,104000.0,875,875,1.0,0.9956287913544376,1.0,True
rs-secondary-majority,104500.0,875,875,1.0,0.9956287913544376,1.0,True
rs-secondary-majority,105000.0,875,875,1.0,0.9956287913544376,1.0,True
rs-secondary-majority,105500.0,875,875,1.0,0.9956287913544376,1.0,True
rs-secondary-majority,106000.0,875,875,1.0,0.9956287913544376,1.0,True
rs-secondary-majority,106500.0,875,875,1.0,0.9956287913544376,1.0,True
rs-secondary-majority,107000.0,875,875,1.0,0.9956287913544376,1.0,True
rs-secondary-majority,107500.0,876,876,1.0,0.995633759531261,1.0,True
rs-secondary-majority,108000.0,879,879,1.0,0.9956485965319258,0.9999999999999999,True
rs-secondary-majority,108500.0,879,879,1.0,0.9956485965319258,0.9999999999999999,True
rs-secondary-majority,109000.0,878,878,1.0,0.9956436620817164,1.0,True
rs-secondary-majority,109500.0,876,876,1.0,0.995633759531261,1.0,True
rs-secondary-majority,110000.0,876,876,1.0,0.995633759531261,1.0,True
rs-secondary-majority,110500.0,876,876,1.0,0.995633759531261,1.0,True
rs-secondary-majority,111000.0,876,876,1.0,0.995633759531261,1.0,True
rs-secondary-majority,111500.0,876,876,1.0,0.995633759531261,1.0,True
rs-secondary-majority,112000.0,876,876,1.0,0.995633759531261,1.0,True
rs-secondary-majority,112500.0,876,876,1.0,0.995633759531261,1.0,True
rs-secondary-majority,113000.0,876,876,1.0,0.995633759531261,1.0,True
rs-secondary-majority,113500.0,876,876,1.0,0.995633759531261,1.0,True
rs-secondary-majority,114000.0,876,876,1.0,0.995633759531261,1.0,True
rs-secondary-majority,114500.0,876,876,1.0,0.995633759531261,1.0,True
rs-secondary-majority,115000.0,876,876,1.0,0.995633759531261,1.0,True
rs-secondary-majority,115500.0,876,876,1.0,0.995633759531261,1.0,True
rs-secondary-majority,116000.0,876,876,1.0,0.995633759531261,1.0,True
rs-secondary-majority,116500.0,876,876,1.0,0.995633759531261,1.0,True
rs-secondary-majority,117000.0,875,875,1.0,0.9956287913544376,1.0,True
rs-secondary-majority,117500.0,877,877,1.0,0.995638716427562,1.0,True
rs-secondary-majority,118000.0,876,876,1.0,0.995633759531261,1.0,True
rs-secondary-majority,118500.0,876,876,1.0,0.995633759531261,1.0,True
rs-secondary-majority,119000.0,876,876,1.0,0.995633759531261,1.0,True
rs-secondary-majority,119500.0,872,872,1.0,0.9956138187544413,0.9999999999999999,True
rs-secondary-majority,120000.0,876,876,1.0,0.995633759531261,1.0,True
rs-secondary-majority,120500.0,877,877,1.0,0.995638716427562,1.0,True
rs-secondary-majority,121000.0,877,877,1.0,0.995638716427562,1.0,True
rs-secondary-majority,121500.0,873,873,1.0,0.9956188210048429,1.0,True
rs-secondary-majority,122000.0,871,871,1.0,0.9956088050682548,1.0,True
rs-secondary-majority,122500.0,881,881,1.0,0.9956584319724571,1.0,True
rs-secondary-majority,123000.0,877,877,1.0,0.995638716427562,1.0,True
rs-secondary-majority,123500.0,883,883,1.0,0.9956682230513316,0.9999999999999998,True
rs-secondary-majority,124000.0,878,878,1.0,0.9956436620817164,1.0,True
rs-secondary-majority,124500.0,876,876,1.0,0.995633759531261,1.0,True
rs-secondary-majority,125000.0,876,876,1.0,0.995633759531261,1.0,True
rs-secondary-majority,125500.0,865,865,1.0,0.9955784805884064,0.9999999999999999,True
rs-secondary-majority,126000.0,887,887,1.0,0.9956876733192523,1.0,True
rs-secondary-majority,126500.0,882,882,1.0,0.9956633330383221,1.0,True
rs-secondary-majority,127000.0,887,887,1.0,0.9956876733192523,1.0,True
rs-secondary-majority,127500.0,878,878,1.0,0.9956436620817164,1.0,True
rs-secondary-majority,128000.0,879,879,1.0,0.9956485965319258,0.9999999999999999,True
rs-secondary-majority,128500.0,879,879,1.0,0.9956485965319258,0.9999999999999999,True
rs-secondary-majority,129000.0,879,879,1.0,0.9956485965319258,0.9999999999999999,True
rs-secondary-majority,129500.0,879,879,1.0,0.9956485965319258,0.9999999999999999,True
rs-secondary-majority,130000.0,878,878,1.0,0.9956436620817164,1.0,True
rs-secondary-majority,130500.0,878,878,1.0,0.9956436620817164,1.0,True
rs-secondary-majority,131000.0,878,878,1.0,0.9956436620817164,1.0,True
rs-secondary-majority,131500.0,878,878,1.0,0.9956436620817164,1.0,True
rs-secondary-majority,132000.0,877,877,1.0,0.995638716427562,1.0,True
rs-secondary-majority,132500.0,877,877,1.0,0.995638716427562,1.0,True
rs-secondary-majority,133000.0,878,878,1.0,0.9956436620817164,1.0,True
rs-secondary-majority,133500.0,878,878,1.0,0.9956436620817164,1.0,True
rs-secondary-majority,134000.0,879,879,1.0,0.9956485965319258,0.9999999999999999,True
rs-secondary-majority,134500.0,878,878,1.0,0.9956436620817164,1.0,True
rs-secondary-majority,135000.0,879,879,1.0,0.9956485965319258,0.9999999999999999,True
rs-secondary-majority,135500.0,878,878,1.0,0.9956436620817164,1.0,True
rs-secondary-majority,136000.0,876,876,1.0,0.995633759531261,1.0,True
rs-secondary-majority,136500.0,878,878,1.0,0.9956436620817164,1.0,True
rs-secondary-majority,137000.0,877,877,1.0,0.995638716427562,1.0,True
rs-secondary-majority,137500.0,877,877,1.0,0.995638716427562,1.0,True
rs-secondary-majority,138000.0,876,876,1.0,0.995633759531261,1.0,True
rs-secondary-majority,138500.0,876,876,1.0,0.995633759531261,1.0,True
rs-secondary-majority,139000.0,877,877,1.0,0.995638716427562,1.0,True
rs-secondary-majority,139500.0,876,876,1.0,0.995633759531261,1.0,True
rs-secondary-majority,140000.0,878,878,1.0,0.9956436620817164,1.0,True
rs-secondary-majority,140500.0,879,879,1.0,0.9956485965319258,0.9999999999999999,True
rs-secondary-majority,141000.0,882,882,1.0,0.9956633330383221,1.0,True
rs-secondary-majority,141500.0,881,881,1.0,0.9956584319724571,1.0,True
rs-secondary-majority,142000.0,880,880,1.0,0.9956535198162204,1.0,True
rs-secondary-majority,142500.0,881,881,1.0,0.9956584319724571,1.0,True
rs-secondary-majority,143000.0,882,882,1.0,0.9956633330383221,1.0,True
rs-secondary-majority,143500.0,882,882,1.0,0.9956633330383221,1.0,True
rs-secondary-majority,144000.0,881,881,1.0,0.9956584319724571,1.0,True
rs-secondary-majority,144500.0,881,881,1.0,0.9956584319724571,1.0,True
rs-secondary-majority,145000.0,880,880,1.0,0.9956535198162204,1.0,True
rs-secondary-majority,145500.0,882,882,1.0,0.9956633330383221,1.0,True
rs-secondary-majority,146000.0,880,880,1.0,0.9956535198162204,1.0,True
rs-secondary-majority,146500.0,877,877,1.0,0.995638716427562,1.0,True
rs-secondary-majority,147000.0,878,878,1.0,0.9956436620817164,1.0,True
rs-secondary-majority,147500.0,877,877,1.0,0.995638716427562,1.0,True
rs-secondary-majority,148000.0,877,877,1.0,0.995638716427562,1.0,True
rs-secondary-majority,148500.0,877,877,1.0,0.995638716427562,1.0,True
rs-secondary-majority,149000.0,874,874,1.0,0.9956238118585403,1.0,True
rs-secondary-majority,149500.0,874,874,1.0,0.9956238118585403,1.0,True
rs-secondary-majority,150000.0,874,874,1.0,0.9956238118585403,1.0,True
rs-secondary-majority,150500.0,874,874,1.0,0.9956238118585403,1.0,True
rs-secondary-majority,151000.0,874,874,1.0,0.9956238118585403,1.0,True
rs-secondary-majority,151500.0,872,872,1.0,0.9956138187544413,0.9999999999999999,True
rs-secondary-majority,152000.0,874,874,1.0,0.9956238118585403,1.0,True
rs-secondary-majority,152500.0,873,873,1.0,0.9956188210048429,1.0,True
rs-secondary-majority,153000.0,873,873,1.0,0.9956188210048429,1.0,True
rs-secondary-majority,153500.0,873,873,1.0,0.9956188210048429,1.0,True
rs-secondary-majority,154000.0,875,875,1.0,0.9956287913544376,1.0,True
rs-secondary-majority,154500.0,876,876,1.0,0.995633759531261,1.0,True
rs-secondary-majority,155000.0,877,877,1.0,0.995638716427562,1.0,True
rs-secondary-majority,155500.0,877,877,1.0,0.995638716427562,1.0,True
rs-secondary-majority,156000.0,876,876,1.0,0.995633759531261,1.0,True
rs-secondary-majority,156500.0,877,877,1.0,0.995638716427562,1.0,True
rs-secondary-majority,157000.0,875,875,1.0,0.9956287913544376,1.0,True
rs-secondary-majority,157500.0,875,875,1.0,0.9956287913544376,1.0,True
rs-secondary-majority,158000.0,878,878,1.0,0.9956436620817164,1.0,True
rs-secondary-majority,158500.0,877,877,1.0,0.995638716427562,1.0,True
rs-secondary-majority,159000.0,875,875,1.0,0.9956287913544376,1.0,True
rs-secondary-majority,159500.0,872,872,1.0,0.9956138187544413,0.9999999999999999,True
rs-secondary-majority,160000.0,874,874,1.0,0.9956238118585403,1.0,True
rs-secondary-majority,160500.0,875,875,1.0,0.9956287913544376,1.0,True
rs-secondary-majority,161000.0,873,873,1.0,0.9956188210048429,1.0,True
rs-secondary-majority,161500.0,874,874,1.0,0.9956238118585403,1.0,True
rs-secondary-majority,162000.0,874,874,1.0,0.9956238118585403,1.0,True
rs-secondary-majority,162500.0,874,874,1.0,0.9956238118585403,1.0,True
rs-secondary-majority,163000.0,874,874,1.0,0.9956238118585403,1.0,True
rs-secondary-majority,163500.0,874,874,1.0,0.9956238118585403,1.0,True
rs-secondary-majority,164000.0,874,874,1.0,0.9956238118585403,1.0,True
rs-secondary-majority,164500.0,874,874,1.0,0.9956238118585403,1.0,True
rs-secondary-majority,165000.0,875,875,1.0,0.9956287913544376,1.0,True
rs-secondary-majority,165500.0,878,878,1.0,0.9956436620817164,1.0,True
rs-secondary-majority,166000.0,877,877,1.0,0.995638716427562,1.0,True
rs-secondary-majority,166500.0,878,878,1.0,0.9956436620817164,1.0,True
rs-secondary-majority,167000.0,878,878,1.0,0.9956436620817164,1.0,True
rs-secondary-majority,167500.0,878,878,1.0,0.9956436620817164,1.0,True
rs-secondary-majority,168000.0,879,879,1.0,0.9956485965319258,0.9999999999999999,True
rs-secondary-majority,168500.0,878,878,1.0,0.9956436620817164,1.0,True
rs-secondary-majority,169000.0,878,878,1.0,0.9956436620817164,1.0,True
rs-secondary-majority,169500.0,878,878,1.0,0.9956436620817164,1.0,True
rs-secondary-majority,170000.0,878,878,1.0,0.9956436620817164,1.0,True
rs-secondary-majority,170500.0,877,877,1.0,0.995638716427562,1.0,True
rs-secondary-majority,171000.0,878,878,1.0,0.9956436620817164,1.0,True
rs-secondary-majority,171500.0,877,877,1.0,0.995638716427562,1.0,True
rs-secondary-majority,172000.0,877,877,1.0,0.995638716427562,1.0,True
rs-secondary-majority,172500.0,877,877,1.0,0.995638716427562,1.0,True
rs-secondary-majority,173000.0,879,879,1.0,0.9956485965319258,0.9999999999999999,True
rs-secondary-majority,173500.0,879,879,1.0,0.9956485965319258,0.9999999999999999,True
rs-secondary-majority,174000.0,878,878,1.0,0.9956436620817164,1.0,True
rs-secondary-majority,174500.0,878,878,1.0,0.9956436620817164,1.0,True
rs-secondary-majority,175000.0,879,879,1.0,0.9956485965319258,0.9999999999999999,True
rs-secondary-majority,175500.0,879,879,1.0,0.9956485965319258,0.9999999999999999,True
rs-secondary-majority,176000.0,880,880,1.0,0.9956535198162204,1.0,True
rs-secondary-majority,176500.0,880,880,1.0,0.9956535198162204,1.0,True
rs-secondary-majority,177000.0,879,879,1.0,0.9956485965319258,0.9999999999999999,True
rs-secondary-majority,177500.0,880,880,1.0,0.9956535198162204,1.0,True
rs-secondary-majority,178000.0,877,877,1.0,0.995638716427562,1.0,True
rs-secondary-majority,178500.0,875,875,1.0,0.9956287913544376,1.0,True
rs-secondary-majority,179000.0,876,876,1.0,0.995633759531261,1.0,True
rs-secondary-majority,179500.0,875,875,1.0,0.9956287913544376,1.0,True
rs-secondary-majority,180000.0,873,873,1.0,0.9956188210048429,1.0,True
rs-secondary-majority,180500.0,872,872,1.0,0.9956138187544413,0.9999999999999999,True
rs-secondary-majority,181000.0,871,871,1.0,0.9956088050682548,1.0,True
rs-secondary-majority,181500.0,869,869,1.0,0.9955987432313033,0.9999999999999999,True
rs-secondary-majority,182000.0,867,867,1.0,0.9955886351777409,1.0,True
rs-secondary-majority,182500.0,860,860,1.0,0.9955528883999102,0.9999999999999999,True
rs-secondary-majority,183000.0,845,845,1.0,0.9954743028616881,1.0,True
rs-secondary-majority,183500.0,835,835,1.0,0.9954203511127725,0.9999999999999999,True
rs-secondary-majority,184000.0,825,825,1.0,0.9953650975047583,0.9999999999999998,True
rs-secondary-majority,184500.0,816,816,1.0,0.9953142167950493,1.0,True
rs-secondary-majority,185000.0,780,780,1.0,0.9950990097999394,1.0,True
rs-secondary-majority,185500.0,743,743,1.0,0.9948562051176582,1.0,True
rs-secondary-majority,186000.0,711,711,1.0,0.9946259423066593,1.0,True
rs-secondary-majority,186500.0,681,681,1.0,0.994390527678225,0.9999999999999998,True
rs-secondary-majority,187000.0,588,588,1.0,0.9935090740495431,1.0,True
rs-secondary-majority,187500.0,551,551,1.0,0.9930762221145639,1.0,True
rs-secondary-majority,188000.0,524,524,1.0,0.992722059041955,1.0,True
rs-secondary-majority,188500.0,496,496,1.0,0.9923143651908927,1.0,True
rs-secondary-majority,189000.0,454,454,1.0,0.9916093251465135,1.0,True
rs-secondary-majority,189500.0,439,439,1.0,0.9913251148943548,0.9999999999999999,True
rs-secondary-majority,190000.0,402,402,1.0,0.9905342379884173,1.0,True
rs-secondary-majority,190500.0,373,373,1.0,0.98980579638766,1.0,True
rs-secondary-majority,191000.0,150,150,1.0,0.9750288608542812,1.0,True
rs-secondary-majority,191500.0,125,125,1.0,0.9701835432034374,1.0,True
rs-secondary-majority,192000.0,93,93,1.0,0.9603310973796383,0.9999999999999999,True
rs-secondary-majority,192500.0,84,84,1.0,0.9562667346678565,0.9999999999999999,True
rs-secondary-majority,193000.0,67,67,1.0,0.9457719757882374,0.9999999999999999,True
rs-secondary-majority,193500.0,53,53,1.0,0.9324156955469234,1.0,True
rs-secondary-majority,194000.0,30,30,1.0,0.8864829086095221,1.0,True
rs-secondary-majority,194500.0,7,7,1.0,0.6456611570247934,1.0,False
