target,bucket_us,n_fresh,n,p_fresh,ci_low,ci_high,adequate
direct-27017,0,1847,2091,0.8833094213295074,0.8688400524474206,0.8963729354940065,True
direct-27017,500,1760,1761,0.9994321408290744,0.9967902601026266,0.9998997544573205,True
direct-27017,1000,1765,1765,1.0,0.9978281831453988,1.0,True
direct-27017,1500,1764,1764,1.0,0.9978269546321344,0.9999999999999999,True
direct-27017,2000,1763,1763,1.0,0.9978257247282382,0.9999999999999999,True
direct-27017,2500,1768,1768,1.0,0.9978318603649445,1.0,True
direct-27017,3000,1766,1766,1.0,0.9978294102703881,1.0,True
direct-27017,3500,1765,1765,1.0,0.9978281831453988,1.0,True
direct-27017,4000,1764,1764,1.0,0.9978269546321344,0.9999999999999999,True
direct-27017,4500,1767,1767,1.0,0.9978306360094543,0.9999999999999999,True
direct-27017,5000,1765,1765,1.0,0.9978281831453988,1.0,True
direct-27017,5500,1767,1767,1.0,0.9978306360094543,0.9999999999999999,True
direct-27017,6000,1766,1766,1.0,0.9978294102703881,1.0,True
direct-27017,6500,1764,1764,1.0,0.9978269546321344,0.9999999999999999,True
direct-27017,7000,1762,1762,1.0,0.9978244934313475,1.0,True
direct-27017,7500,1768,1768,1.0,0.9978318603649445,1.0,True
direct-27017,8000,1763,1763,1.0,0.9978257247282382,0.9999999999999999,True
direct-27017,8500,1759,1759,1.0,0.9978207911590014,0.9999999999999998,True
direct-27017,9000,1758,1758,1.0,0.9978195542663996,1.0,True
direct-27017,9500,1761,1761,1.0,0.9978232607390941,1.0,True
direct-27017,10000,1758,1758,1.0,0.9978195542663996,1.0,True
direct-27017,10500,1761,1761,1.0,0.9978232607390941,1.0,True
direct-27017,11000,1759,1759,1.0,0.9978207911590014,0.9999999999999998,True
direct-27017,11500,1758,1758,1.0,0.9978195542663996,1.0,True
direct-27017,12000,1755,1755,1.0,0.9978158351496802,0.9999999999999998,True
direct-27017,12500,1757,1757,1.0,0.9978183159689094,1.0,True
direct-27017,13000,1758,1758,1.0,0.9978195542663996,1.0,True
direct-27017,13500,1759,1759,1.0,0.9978207911590014,0.9999999999999998,True
direct-27017,14000,1758,1758,1.0,0.9978195542663996,1.0,True
direct-27017,14500,1760,1760,1.0,0.9978220266491049,1.0,True
direct-27017,15000,1757,1757,1.0,0.9978183159689094,1.0,True
direct-27017,15500,1757,1757,1.0,0.9978183159689094,1.0,True
direct-27017,16000,1753,1753,1.0,0.9978133486820894,0.9999999999999999,True
direct-27017,16500,1753,1753,1.0,0.9978133486820894,0.9999999999999999,True
direct-27017,17000,1749,1749,1.0,0.9978083587244848,1.0,True
direct-27017,17500,1749,1749,1.0,0.9978083587244848,1.0,True
direct-27017,18000,1752,1752,1.0,0.9978121033241266,0.9999999999999999,True
direct-27017,18500,1748,1748,1.0,0.9978071076745751,1.0,True
direct-27017,19000,1752,1752,1.0,0.9978121033241266,0.9999999999999999,True
direct-27017,19500,1752,1752,1.0,0.9978121033241266,0.9999999999999999,True
direct-27017,20000,1750,1750,1.0,0.997809608347755,1.0,True
direct-27017,20500,1752,1752,1.0,0.9978121033241266,0.9999999999999999,True
direct-27017,21000,1751,1751,1.0,0.9978108565468244,1.0,True
direct-27017,21500,1752,1752,1.0,0.9978121033241266,0.9999999999999999,True
direct-27017,22000,1749,1749,1.0,0.9978083587244848,1.0,True
direct-27017,22500,1751,1751,1.0,0.9978108565468244,1.0,True
direct-27017,23000,1749,1749,1.0,0.9978083587244848,1.0,True
direct-27017,23500,1749,1749,1.0,0.9978083587244848,1.0,True
direct-27017,24000,1748,1748,1.0,0.9978071076745751,1.0,True
direct-27017,24500,1749,1749,1.0,0.9978083587244848,1.0,True
direct-27017,25000,1748,1748,1.0,0.9978071076745751,1.0,True
direct-27017,25500,1749,1749,1.0,0.9978083587244848,1.0,True
direct-27017,26000,1750,1750,1.0,0.997809608347755,1.0,True
direct-27017,26500,1748,1748,1.0,0.9978071076745751,1.0,True
direct-27017,27000,1753,1753,1.0,0.9978133486820894,0.9999999999999999,True
direct-27017,27500,1748,1748,1.0,0.9978071076745751,1.0,True
direct-27017,28000,1754,1754,1.0,0.997814592623135,0.9999999999999998,True
direct-27017,28500,1753,1753,1.0,0.9978133486820894,0.9999999999999999,True
direct-27017,29000,1753,1753,1.0,0.9978133486820894,0.9999999999999999,True
direct-27017,29500,1751,1751,1.0,0.9978108565468244,1.0,True
direct-27017,30000,1751,1751,1.0,0.9978108565468244,1.0,True
direct-27017,30500,1748,1748,1.0,0.9978071076745751,1.0,True
direct-27017,31000,1748,1748,1.0,0.9978071076745751,1.0,True
direct-27017,31500,1747,1747,1.0,0.9978058551955814,1.0,True
direct-27017,32000,1750,1750,1.0,0.997809608347755,1.0,True
direct-27017,32500,1748,1748,1.0,0.9978071076745751,1.0,True
direct-27017,33000,1751,1751,1.0,0.9978108565468244,1.0,True
direct-27017,33500,1749,1749,1.0,0.9978083587244848,1.0,True
direct-27017,34000,1753,1753,1.0,0.9978133486820894,0.9999999999999999,True
direct-27017,34500,1750,1750,1.0,0.997809608347755,1.0,True
direct-27017,35000,1753,1753,1.0,0.9978133486820894,0.9999999999999999,True
direct-27017,35500,1751,1751,1.0,0.9978108565468244,1.0,True
direct-27017,36000,1752,1752,1.0,0.9978121033241266,0.9999999999999999,True
direct-27017,36500,1751,1751,1.0,0.9978108565468244,1.0,True
direct-27017,37000,1746,1746,1.0,0.9978046012850535,1.0,True
direct-27017,37500,1754,1754,1.0,0.997814592623135,0.9999999999999998,True
direct-27017,38000,1755,1755,1.0,0.9978158351496802,0.9999999999999998,True
direct-27017,38500,1753,1753,1.0,0.9978133486820894,0.9999999999999999,True
direct-27017,39000,1752,1752,1.0,0.9978121033241266,0.9999999999999999,True
direct-27017,39500,1758,1758,1.0,0.9978195542663996,1.0,True
direct-27017,40000,1756,1756,1.0,0.9978170762641365,1.0,True
direct-27017,40500,1755,1755,1.0,0.9978158351496802,0.9999999999999998,True
direct-27017,41000,1760,1760,1.0,0.9978220266491049,1.0,True
direct-27017,41500,1756,1756,1.0,0.9978170762641365,1.0,True
direct-27017,42000,1760,1760,1.0,0.9978220266491049,1.0,True
direct-27017,42500,1759,1759,1.0,0.9978207911590014,0.9999999999999998,True
direct-27017,43000,1758,1758,1.0,0.9978195542663996,1.0,True
direct-27017,43500,1757,1757,1.0,0.9978183159689094,1.0,True
direct-27017,44000,1753,1753,1.0,0.9978133486820894,0.9999999999999999,True
direct-27017,44500,1751,1751,1.0,0.9978108565468244,1.0,True
direct-27017,45000,1752,1752,1.0,0.9978121033241266,0.9999999999999999,True
direct-27017,45500,1753,1753,1.0,0.9978133486820894,0.9999999999999999,True
direct-27017,46000,1755,1755,1.0,0.9978158351496802,0.9999999999999998,True
direct-27017,46500,1753,1753,1.0,0.9978133486820894,0.9999999999999999,True
direct-27017,47000,1756,1756,1.0,0.9978170762641365,1.0,True
direct-27017,47500,1753,1753,1.0,0.9978133486820894,0.9999999999999999,True
direct-27017,48000,1753,1753,1.0,0.9978133486820894,0.9999999999999999,True
direct-27017,48500,1753,1753,1.0,0.9978133486820894,0.9999999999999999,True
direct-27017,49000,1755,1755,1.0,0.9978158351496802,0.9999999999999998,True
direct-27017,49500,1757,1757,1.0,0.9978183159689094,1.0,True
direct-27017,50000,1756,1756,1.0,0.9978170762641365,1.0,True
direct-27017,50500,1757,1757,1.0,0.9978183159689094,1.0,True
direct-27017,51000,1758,1758,1.0,0.9978195542663996,1.0,True
direct-27017,51500,1755,1755,1.0,0.9978158351496802,0.9999999999999998,True
direct-27017,52000,1756,1756,1.0,0.9978170762641365,1.0,True
direct-27017,52500,1756,1756,1.0,0.9978170762641365,1.0,True
direct-27017,53000,1754,1754,1.0,0.997814592623135,0.9999999999999998,True
direct-27017,53500,1756,1756,1.0,0.9978170762641365,1.0,True
direct-27017,54000,1762,1762,1.0,0.9978244934313475,1.0,True
direct-27017,54500,1760,1760,1.0,0.9978220266491049,1.0,True
direct-27017,55000,1756,1756,1.0,0.9978170762641365,1.0,True
direct-27017,55500,1755,1755,1.0,0.9978158351496802,0.9999999999999998,True
direct-27017,56000,1754,1754,1.0,0.997814592623135,0.9999999999999998,True
direct-27017,56500,1757,1757,1.0,0.9978183159689094,1.0,True
direct-27017,57000,1752,1752,1.0,0.9978121033241266,0.9999999999999999,True
direct-27017,57500,1758,1758,1.0,0.9978195542663996,1.0,True
direct-27017,58000,1755,1755,1.0,0.9978158351496802,0.9999999999999998,True
direct-27017,58500,1752,1752,1.0,0.9978121033241266,0.9999999999999999,True
direct-27017,59000,1752,1752,1.0,0.9978121033241266,0.9999999999999999,True
direct-27017,59500,1746,1746,1.0,0.9978046012850535,1.0,True
direct-27017,60000,1751,1751,1.0,0.9978108565468244,1.0,True
direct-27017,60500,1753,1753,1.0,0.9978133486820894,0.9999999999999999,True
direct-27017,61000,1754,1754,1.0,0.997814592623135,0.9999999999999998,True
direct-27017,61500,1753,1753,1.0,0.9978133486820894,0.9999999999999999,True
direct-27017,62000,1754,1754,1.0,0.997814592623135,0.9999999999999998,True
direct-27017,62500,1754,1754,1.0,0.997814592623135,0.9999999999999998,True
direct-27017,63000,1753,1753,1.0,0.9978133486820894,0.9999999999999999,True
direct-27017,63500,1751,1751,1.0,0.9978108565468244,1.0,True
direct-27017,64000,1748,1748,1.0,0.9978071076745751,1.0,True
direct-27017,64500,1749,1749,1.0,0.9978083587244848,1.0,True
direct-27017,65000,1750,1750,1.0,0.997809608347755,1.0,True
direct-27017,65500,1746,1746,1.0,0.9978046012850535,1.0,True
direct-27017,66000,1749,1749,1.0,0.9978083587244848,1.0,True
direct-27017,66500,1746,1746,1.0,0.9978046012850535,1.0,True
direct-27017,67000,1748,1748,1.0,0.9978071076745751,1.0,True
direct-27017,67500,1747,1747,1.0,0.9978058551955814,1.0,True
direct-27017,68000,1747,1747,1.0,0.9978058551955814,1.0,True
direct-27017,68500,1751,1751,1.0,0.9978108565468244,1.0,True
direct-27017,69000,1753,1753,1.0,0.9978133486820894,0.9999999999999999,True
direct-27017,69500,1753,1753,1.0,0.9978133486820894,0.9999999999999999,True
direct-27017,70000,1753,1753,1.0,0.9978133486820894,0.9999999999999999,True
direct-27017,70500,1755,1755,1.0,0.9978158351496802,0.9999999999999998,True
direct-27017,71000,1759,1759,1.0,0.9978207911590014,0.9999999999999998,True
direct-27017,71500,1756,1756,1.0,0.9978170762641365,1.0,True
direct-27017,72000,1758,1758,1.0,0.9978195542663996,1.0,True
direct-27017,72500,1758,1758,1.0,0.9978195542663996,1.0,True
direct-27017,73000,1760,1760,1.0,0.9978220266491049,1.0,True
direct-27017,73500,1761,1761,1.0,0.9978232607390941,1.0,True
direct-27017,74000,1760,1760,1.0,0.9978220266491049,1.0,True
direct-27017,74500,1760,1760,1.0,0.9978220266491049,1.0,True
direct-27017,75000,1761,1761,1.0,0.9978232607390941,1.0,True
direct-27017,75500,1757,1757,1.0,0.9978183159689094,1.0,True
direct-27017,76000,1756,1756,1.0,0.9978170762641365,1.0,True
direct-27017,76500,1756,1756,1.0,0.9978170762641365,1.0,True
direct-27017,77000,1757,1757,1.0,0.9978183159689094,1.0,True
direct-27017,77500,1757,1757,1.0,0.9978183159689094,1.0,True
direct-27017,78000,1760,1760,1.0,0.9978220266491049,1.0,True
direct-27017,78500,1760,1760,1.0,0.9978220266491049,1.0,True
direct-27017,79000,1757,1757,1.0,0.9978183159689094,1.0,True
direct-27017,79500,1762,1762,1.0,0.9978244934313475,1.0,True
direct-27017,80000,1760,1760,1.0,0.9978220266491049,1.0,True
direct-27017,80500,1759,1759,1.0,0.9978207911590014,0.9999999999999998,True
direct-27017,81000,1758,1758,1.0,0.9978195542663996,1.0,True
direct-27017,81500,1755,1756,0.9994305239179955,0.9967811413458018,0.9998994690000383,True
direct-27017,82000,1762,1762,1.0,0.9978244934313475,1.0,True
direct-27017,82500,1760,1760,1.0,0.9978220266491049,1.0,True
direct-27017,83000,1760,1760,1.0,0.9978220266491049,1.0,True
direct-27017,83500,1755,1755,1.0,0.9978158351496802,0.9999999999999998,True
direct-27017,84000,1756,1756,1.0,0.9978170762641365,1.0,True
direct-27017,84500,1756,1756,1.0,0.9978170762641365,1.0,True
direct-27017,85000,1754,1754,1.0,0.997814592623135,0.9999999999999998,True
direct-27017,85500,1754,1754,1.0,0.997814592623135,0.9999999999999998,True
direct-27017,86000,1750,1750,1.0,0.997809608347755,1.0,True
direct-27017,86500,1753,1753,1.0,0.9978133486820894,0.9999999999999999,True
direct-27017,87000,1755,1755,1.0,0.9978158351496802,0.9999999999999998,True
direct-27017,87500,1750,1750,1.0,0.997809608347755,1.0,True
direct-27017,88000,1753,1753,1.0,0.9978133486820894,0.9999999999999999,True
direct-27017,88500,1749,1749,1.0,0.9978083587244848,1.0,True
direct-27017,89000,1758,1758,1.0,0.9978195542663996,1.0,True
direct-27017,89500,1758,1758,1.0,0.9978195542663996,1.0,True
direct-27017,90000,1753,1753,1.0,0.9978133486820894,0.9999999999999999,True
direct-27017,90500,1755,1755,1.0,0.9978158351496802,0.9999999999999998,True
direct-27017,91000,1759,1759,1.0,0.9978207911590014,0.9999999999999998,True
direct-27017,91500,1763,1763,1.0,0.9978257247282382,0.9999999999999999,True
direct-27017,92000,1757,1757,1.0,0.9978183159689094,1.0,True
direct-27017,92500,1759,1759,1.0,0.9978207911590014,0.9999999999999998,True
direct-27017,93000,1755,1755,1.0,0.9978158351496802,0.9999999999999998,True
direct-27017,93500,1753,1753,1.0,0.9978133486820894,0.9999999999999999,True
direct-27017,94000,1754,1754,1.0,0.997814592623135,0.9999999999999998,True
direct-27017,94500,1757,1757,1.0,0.9978183159689094,1.0,True
direct-27017,95000,1737,1737,1.0,0.9977932512642161,1.0,True
direct-27017,95500,1604,1604,1.0,0.9976107099107276,1.0,True
direct-27017,96000,1517,1517,1.0,0.9974740301685594,1.0,True
direct-27017,96500,1455,1455,1.0,0.9973666777805076,1.0,True
direct-27017,97000,1398,1398,1.0,0.9972596047941509,1.0,True
direct-27017,97500,1321,1321,1.0,0.9971003325982516,0.9999999999999999,True
direct-27017,98000,1234,1234,1.0,0.9968965334498373,1.0,True
direct-27017,98500,1171,1171,1.0,0.99673011238281,1.0,True
direct-27017,99000,1087,1087,1.0,0.9964783154584497,0.9999999999999999,True
direct-27017,99500,1003,1003,1.0,0.9961845040967717,1.0,True
direct-27017,100000,715,715,1.0,0.9946558462949278,1.0,True
direct-27017,100500,665,665,1.0,0.9942563381225092,1.0,True
direct-27017,101000,587,587,1.0,0.993498088150868,0.9999999999999999,True
direct-27017,101500,519,519,1.0,0.9926524591769287,1.0,True
direct-27017,102000,402,402,1.0,0.9905342379884173,1.0,True
direct-27017,102500,339,339,1.0,0.9887948253654166,1.0,True
direct-27017,103000,261,261,1.0,0.9854947259040876,1.0,True
direct-27017,103500,206,206,1.0,0.9816928578508741,1.0,True
direct-27017,106000,1,1,1.0,0.20654329147389294,1.0,False
direct-27018,0,102,2547,0.04004711425206125,0.03309939090628102,0.048380227428310975,True
direct-27018,500,1480,1786,0.8286674132138858,0.8104911661844928,0.8454327993775995,True
direct-27018,1000,1757,1765,0.9954674220963173,0.9910811875851171,0.9977015276110883,True
direct-27018,1500,1765,1766,0.9994337485843715,0.996799327340062,0.9999000382980835,True
direct-27018,2000,1771,1771,1.0,0.9978355251533434,1.0,True
direct-27018,2500,1769,1770,0.9994350282485875,0.9968065443287923,0.9999002642160066,True
direct-27018,3000,1769,1769,1.0,0.9978330833391995,1.0,True
direct-27018,3500,1762,1762,1.0,0.9978244934313475,1.0,True
direct-27018,4000,1765,1765,1.0,0.9978281831453988,1.0,True
direct-27018,4500,1764,1765,0.9994334277620397,0.9967975179931567,0.999899981658593,True
direct-27018,5000,1765,1768,0.9983031674208145,0.9950227829922713,0.9994227701542402,True
direct-27018,5500,1768,1769,0.9994347088750707,0.9968047431345399,0.9999002078323145,True
direct-27018,6000,1765,1765,1.0,0.9978281831453988,1.0,True
direct-27018,6500,1770,1770,1.0,0.9978343049345556,1.0,True
direct-27018,7000,1768,1768,1.0,0.9978318603649445,1.0,True
direct-27018,7500,1764,1764,1.0,0.9978269546321344,0.9999999999999999,True
direct-27018,8000,1764,1764,1.0,0.9978269546321344,0.9999999999999999,True
direct-27018,8500,1762,1762,1.0,0.9978244934313475,1.0,True
direct-27018,9000,1762,1762,1.0,0.9978244934313475,1.0,True
direct-27018,9500,1761,1761,1.0,0.9978232607390941,1.0,True
direct-27018,10000,1759,1759,1.0,0.9978207911590014,0.9999999999999998,True
direct-27018,10500,1761,1761,1.0,0.9978232607390941,1.0,True
direct-27018,11000,1761,1761,1.0,0.9978232607390941,1.0,True
direct-27018,11500,1762,1762,1.0,0.9978244934313475,1.0,True
direct-27018,12000,1760,1760,1.0,0.9978220266491049,1.0,True
direct-27018,12500,1762,1762,1.0,0.9978244934313475,1.0,True
direct-27018,13000,1760,1760,1.0,0.9978220266491049,1.0,True
direct-27018,13500,1761,1761,1.0,0.9978232607390941,1.0,True
direct-27018,14000,1760,1760,1.0,0.9978220266491049,1.0,True
direct-27018,14500,1759,1759,1.0,0.9978207911590014,0.9999999999999998,True
direct-27018,15000,1761,1761,1.0,0.9978232607390941,1.0,True
direct-27018,15500,1763,1763,1.0,0.9978257247282382,0.9999999999999999,True
direct-27018,16000,1761,1761,1.0,0.9978232607390941,1.0,True
direct-27018,16500,1762,1762,1.0,0.9978244934313475,1.0,True
direct-27018,17000,1761,1761,1.0,0.9978232607390941,1.0,True
direct-27018,17500,1759,1759,1.0,0.9978207911590014,0.9999999999999998,True
direct-27018,18000,1758,1758,1.0,0.9978195542663996,1.0,True
direct-27018,18500,1757,1757,1.0,0.9978183159689094,1.0,True
direct-27018,19000,1759,1759,1.0,0.9978207911590014,0.9999999999999998,True
direct-27018,19500,1758,1758,1.0,0.9978195542663996,1.0,True
direct-27018,20000,1757,1757,1.0,0.9978183159689094,1.0,True
direct-27018,20500,1757,1757,1.0,0.9978183159689094,1.0,True
direct-27018,21000,1758,1758,1.0,0.9978195542663996,1.0,True
direct-27018,21500,1757,1757,1.0,0.9978183159689094,1.0,True
direct-27018,22000,1756,1756,1.0,0.9978170762641365,1.0,True
direct-27018,22500,1754,1754,1.0,0.997814592623135,0.9999999999999998,True
direct-27018,23000,1753,1753,1.0,0.9978133486820894,0.9999999999999999,True
direct-27018,23500,1755,1755,1.0,0.9978158351496802,0.9999999999999998,True
direct-27018,24000,1754,1754,1.0,0.997814592623135,0.9999999999999998,True
direct-27018,24500,1752,1752,1.0,0.9978121033241266,0.9999999999999999,True
direct-27018,25000,1755,1755,1.0,0.9978158351496802,0.9999999999999998,True
direct-27018,25500,1753,1753,1.0,0.9978133486820894,0.9999999999999999,True
direct-27018,26000,1755,1755,1.0,0.9978158351496802,0.9999999999999998,True
direct-27018,26500,1755,1755,1.0,0.9978158351496802,0.9999999999999998,True
direct-27018,27000,1756,1756,1.0,0.9978170762641365,1.0,True
direct-27018,27500,1755,1755,1.0,0.9978158351496802,0.9999999999999998,True
direct-27018,28000,1755,1755,1.0,0.9978158351496802,0.9999999999999998,True
direct-27018,28500,1755,1755,1.0,0.9978158351496802,0.9999999999999998,True
direct-27018,29000,1755,1755,1.0,0.9978158351496802,0.9999999999999998,True
direct-27018,29500,1753,1753,1.0,0.9978133486820894,0.9999999999999999,True
direct-27018,30000,1757,1757,1.0,0.9978183159689094,1.0,True
direct-27018,30500,1757,1757,1.0,0.9978183159689094,1.0,True
direct-27018,31000,1753,1753,1.0,0.9978133486820894,0.9999999999999999,True
direct-27018,31500,1754,1754,1.0,0.997814592623135,0.9999999999999998,True
direct-27018,32000,1752,1752,1.0,0.9978121033241266,0.9999999999999999,True
direct-27018,32500,1753,1753,1.0,0.9978133486820894,0.9999999999999999,True
direct-27018,33000,1748,1748,1.0,0.9978071076745751,1.0,True
direct-27018,33500,1756,1756,1.0,0.9978170762641365,1.0,True
direct-27018,34000,1752,1752,1.0,0.9978121033241266,0.9999999999999999,True
direct-27018,34500,1757,1757,1.0,0.9978183159689094,1.0,True
direct-27018,35000,1753,1753,1.0,0.9978133486820894,0.9999999999999999,True
direct-27018,35500,1754,1754,1.0,0.997814592623135,0.9999999999999998,True
direct-27018,36000,1750,1750,1.0,0.997809608347755,1.0,True
direct-27018,36500,1755,1755,1.0,0.9978158351496802,0.9999999999999998,True
direct-27018,37000,1757,1757,1.0,0.9978183159689094,1.0,True
direct-27018,37500,1756,1756,1.0,0.9978170762641365,1.0,True
direct-27018,38000,1753,1753,1.0,0.9978133486820894,0.9999999999999999,True
direct-27018,38500,1756,1756,1.0,0.9978170762641365,1.0,True
direct-27018,39000,1752,1752,1.0,0.9978121033241266,0.9999999999999999,True
direct-27018,39500,1755,1755,1.0,0.9978158351496802,0.9999999999999998,True
direct-27018,40000,1754,1754,1.0,0.997814592623135,0.9999999999999998,True
direct-27018,40500,1754,1754,1.0,0.997814592623135,0.9999999999999998,True
direct-27018,41000,1754,1754,1.0,0.997814592623135,0.9999999999999998,True
direct-27018,41500,1753,1753,1.0,0.9978133486820894,0.9999999999999999,True
direct-27018,42000,1753,1753,1.0,0.9978133486820894,0.9999999999999999,True
direct-27018,42500,1752,1752,1.0,0.9978121033241266,0.9999999999999999,True
direct-27018,43000,1753,1753,1.0,0.9978133486820894,0.9999999999999999,True
direct-27018,43500,1753,1753,1.0,0.9978133486820894,0.9999999999999999,True
direct-27018,44000,1753,1753,1.0,0.9978133486820894,0.9999999999999999,True
direct-27018,44500,1751,1751,1.0,0.9978108565468244,1.0,True
direct-27018,45000,1752,1752,1.0,0.9978121033241266,0.9999999999999999,True
direct-27018,45500,1751,1751,1.0,0.9978108565468244,1.0,True
direct-27018,46000,1749,1749,1.0,0.9978083587244848,1.0,True
direct-27018,46500,1750,1750,1.0,0.997809608347755,1.0,True
direct-27018,47000,1748,1748,1.0,0.9978071076745751,1.0,True
direct-27018,47500,1749,1749,1.0,0.9978083587244848,1.0,True
direct-27018,48000,1751,1751,1.0,0.9978108565468244,1.0,True
direct-27018,48500,1751,1751,1.0,0.9978108565468244,1.0,True
direct-27018,49000,1753,1753,1.0,0.9978133486820894,0.9999999999999999,True
direct-27018,49500,1754,1754,1.0,0.997814592623135,0.9999999999999998,True
direct-27018,50000,1752,1752,1.0,0.9978121033241266,0.9999999999999999,True
direct-27018,50500,1754,1754,1.0,0.997814592623135,0.9999999999999998,True
direct-27018,51000,1753,1753,1.0,0.9978133486820894,0.9999999999999999,True
direct-27018,51500,1756,1756,1.0,0.9978170762641365,1.0,True
direct-27018,52000,1753,1753,1.0,0.9978133486820894,0.9999999999999999,True
direct-27018,52500,1752,1752,1.0,0.9978121033241266,0.9999999999999999,True
direct-27018,53000,1750,1750,1.0,0.997809608347755,1.0,True
direct-27018,53500,1753,1753,1.0,0.9978133486820894,0.9999999999999999,True
direct-27018,54000,1754,1754,1.0,0.997814592623135,0.9999999999999998,True
direct-27018,54500,1757,1757,1.0,0.9978183159689094,1.0,True
direct-27018,55000,1756,1756,1.0,0.9978170762641365,1.0,True
direct-27018,55500,1757,1757,1.0,0.9978183159689094,1.0,True
direct-27018,56000,1756,1756,1.0,0.9978170762641365,1.0,True
direct-27018,56500,1756,1756,1.0,0.9978170762641365,1.0,True
direct-27018,57000,1754,1754,1.0,0.997814592623135,0.9999999999999998,True
direct-27018,57500,1757,1757,1.0,0.9978183159689094,1.0,True
direct-27018,58000,1756,1756,1.0,0.9978170762641365,1.0,True
direct-27018,58500,1755,1755,1.0,0.9978158351496802,0.9999999999999998,True
direct-27018,59000,1759,1759,1.0,0.9978207911590014,0.9999999999999998,True
direct-27018,59500,1757,1757,1.0,0.9978183159689094,1.0,True
direct-27018,60000,1757,1757,1.0,0.9978183159689094,1.0,True
direct-27018,60500,1755,1755,1.0,0.9978158351496802,0.9999999999999998,True
direct-27018,61000,1754,1754,1.0,0.997814592623135,0.9999999999999998,True
direct-27018,61500,1756,1756,1.0,0.9978170762641365,1.0,True
direct-27018,62000,1759,1759,1.0,0.9978207911590014,0.9999999999999998,True
direct-27018,62500,1758,1758,1.0,0.9978195542663996,1.0,True
direct-27018,63000,1760,1760,1.0,0.9978220266491049,1.0,True
direct-27018,63500,1760,1760,1.0,0.9978220266491049,1.0,True
direct-27018,64000,1754,1754,1.0,0.997814592623135,0.9999999999999998,True
direct-27018,64500,1756,1756,1.0,0.9978170762641365,1.0,True
direct-27018,65000,1755,1755,1.0,0.9978158351496802,0.9999999999999998,True
direct-27018,65500,1754,1754,1.0,0.997814592623135,0.9999999999999998,True
direct-27018,66000,1748,1748,1.0,0.9978071076745751,1.0,True
direct-27018,66500,1751,1751,1.0,0.9978108565468244,1.0,True
direct-27018,67000,1750,1750,1.0,0.997809608347755,1.0,True
direct-27018,67500,1748,1748,1.0,0.9978071076745751,1.0,True
direct-27018,68000,1749,1749,1.0,0.9978083587244848,1.0,True
direct-27018,68500,1748,1748,1.0,0.9978071076745751,1.0,True
direct-27018,69000,1747,1747,1.0,0.9978058551955814,1.0,True
direct-27018,69500,1748,1748,1.0,0.9978071076745751,1.0,True
direct-27018,70000,1749,1749,1.0,0.9978083587244848,1.0,True
direct-27018,70500,1749,1749,1.0,0.9978083587244848,1.0,True
direct-27018,71000,1749,1749,1.0,0.9978083587244848,1.0,True
direct-27018,71500,1748,1748,1.0,0.9978071076745751,1.0,True
direct-27018,72000,1750,1750,1.0,0.997809608347755,1.0,True
direct-27018,72500,1752,1752,1.0,0.9978121033241266,0.9999999999999999,True
direct-27018,73000,1749,1749,1.0,0.9978083587244848,1.0,True
direct-27018,73500,1749,1749,1.0,0.9978083587244848,1.0,True
direct-27018,74000,1748,1748,1.0,0.9978071076745751,1.0,True
direct-27018,74500,1749,1749,1.0,0.9978083587244848,1.0,True
direct-27018,75000,1749,1749,1.0,0.9978083587244848,1.0,True
direct-27018,75500,1749,1749,1.0,0.9978083587244848,1.0,True
direct-27018,76000,1747,1747,1.0,0.9978058551955814,1.0,True
direct-27018,76500,1753,1753,1.0,0.9978133486820894,0.9999999999999999,True
direct-27018,77000,1751,1751,1.0,0.9978108565468244,1.0,True
direct-27018,77500,1753,1753,1.0,0.9978133486820894,0.9999999999999999,True
direct-27018,78000,1753,1753,1.0,0.9978133486820894,0.9999999999999999,True
direct-27018,78500,1754,1754,1.0,0.997814592623135,0.9999999999999998,True
direct-27018,79000,1756,1756,1.0,0.9978170762641365,1.0,True
direct-27018,79500,1756,1756,1.0,0.9978170762641365,1.0,True
direct-27018,80000,1759,1759,1.0,0.9978207911590014,0.9999999999999998,True
direct-27018,80500,1758,1758,1.0,0.9978195542663996,1.0,True
direct-27018,81000,1755,1755,1.0,0.9978158351496802,0.9999999999999998,True
direct-27018,81500,1754,1754,1.0,0.997814592623135,0.9999999999999998,True
direct-27018,82000,1756,1756,1.0,0.9978170762641365,1.0,True
direct-27018,82500,1758,1758,1.0,0.9978195542663996,1.0,True
direct-27018,83000,1760,1760,1.0,0.9978220266491049,1.0,True
direct-27018,83500,1757,1757,1.0,0.9978183159689094,1.0,True
direct-27018,84000,1756,1756,1.0,0.9978170762641365,1.0,True
direct-27018,84500,1756,1756,1.0,0.9978170762641365,1.0,True
direct-27018,85000,1754,1754,1.0,0.997814592623135,0.9999999999999998,True
direct-27018,85500,1755,1755,1.0,0.9978158351496802,0.9999999999999998,True
direct-27018,86000,1754,1754,1.0,0.997814592623135,0.9999999999999998,True
direct-27018,86500,1752,1752,1.0,0.9978121033241266,0.9999999999999999,True
direct-27018,87000,1753,1753,1.0,0.9978133486820894,0.9999999999999999,True
direct-27018,87500,1753,1753,1.0,0.9978133486820894,0.9999999999999999,True
direct-27018,88000,1753,1753,1.0,0.9978133486820894,0.9999999999999999,True
direct-27018,88500,1754,1754,1.0,0.997814592623135,0.9999999999999998,True
direct-27018,89000,1754,1754,1.0,0.997814592623135,0.9999999999999998,True
direct-27018,89500,1755,1755,1.0,0.9978158351496802,0.9999999999999998,True
direct-27018,90000,1755,1755,1.0,0.9978158351496802,0.9999999999999998,True
direct-27018,90500,1750,1750,1.0,0.997809608347755,1.0,True
direct-27018,91000,1749,1749,1.0,0.9978083587244848,1.0,True
direct-27018,91500,1749,1749,1.0,0.9978083587244848,1.0,True
direct-27018,92000,1751,1751,1.0,0.9978108565468244,1.0,True
direct-27018,92500,1749,1749,1.0,0.9978083587244848,1.0,True
direct-27018,93000,1748,1748,1.0,0.9978071076745751,1.0,True
direct-27018,93500,1749,1749,1.0,0.9978083587244848,1.0,True
direct-27018,94000,1748,1748,1.0,0.9978071076745751,1.0,True
direct-27018,94500,1749,1749,1.0,0.9978083587244848,1.0,True
direct-27018,95000,1448,1448,1.0,0.9973539813158682,1.0,True
direct-27018,95500,1423,1423,1.0,0.9973076198507249,1.0,True
direct-27018,96000,1359,1359,1.0,0.9971811837854084,1.0,True
direct-27018,96500,1319,1319,1.0,0.9970959486003463,1.0,True
direct-27018,97000,1264,1264,1.0,0.9969699684881772,1.0,True
direct-27018,97500,1239,1239,1.0,0.9969090188162353,1.0,True
direct-27018,98000,1197,1197,1.0,0.9968009102949134,1.0,True
direct-27018,98500,1165,1165,1.0,0.9967133271095072,0.9999999999999998,True
direct-27018,99000,1107,1107,1.0,0.9965417211598845,0.9999999999999999,True
direct-27018,99500,1067,1067,1.0,0.9964125413132999,1.0,True
direct-27018,100000,658,658,1.0,0.9941955900021999,1.0,True
direct-27018,100500,601,601,1.0,0.9936485850179617,1.0,True
direct-27018,101000,559,559,1.0,0.9931746338579097,1.0,True
direct-27018,101500,533,533,1.0,0.9928440716963812,1.0,True
direct-27018,102000,494,494,1.0,0.9922834893668989,0.9999999999999999,True
direct-27018,102500,465,465,1.0,0.9918061878468121,0.9999999999999998,True
direct-27018,103000,403,403,1.0,0.99055750444399,1.0,True
direct-27018,103500,348,348,1.0,0.9890814502889936,0.9999999999999999,True
direct-27018,104000,1,1,1.0,0.20654329147389294,1.0,False
direct-27019,0,49,2122,0.023091423185673893,0.017510604790846485,0.03039588080996216,True
direct-27019,500,1396,1767,0.7900396151669496,0.7704303311592184,0.8083904961807311,True
direct-27019,1000,1749,1760,0.99375,0.98884269581332,0.9965065555026712,True
direct-27019,1500,1760,1766,0.9966024915062288,0.992607131626338,0.9984420108505935,True
direct-27019,2000,1771,1773,0.9988719684151156,0.9958961709921775,0.999690605004062,True
direct-27019,2500,1772,1775,0.9983098591549295,0.9950423635028692,0.999425047198567,True
direct-27019,3000,1774,1775,0.9994366197183099,0.9968155199252033,0.9999005451814369,True
direct-27019,3500,1774,1774,1.0,0.9978391775735252,1.0,True
direct-27019,4000,1773,1773,1.0,0.9978379614705105,1.0,True
direct-27019,4500,1771,1771,1.0,0.9978355251533434,1.0,True
direct-27019,5000,1767,1767,1.0,0.9978306360094543,0.9999999999999999,True
direct-27019,5500,1766,1766,1.0,0.9978294102703881,1.0,True
direct-27019,6000,1766,1766,1.0,0.9978294102703881,1.0,True
direct-27019,6500,1766,1766,1.0,0.9978294102703881,1.0,True
direct-27019,7000,1765,1765,1.0,0.9978281831453988,1.0,True
direct-27019,7500,1766,1766,1.0,0.9978294102703881,1.0,True
direct-27019,8000,1766,1766,1.0,0.9978294102703881,1.0,True
direct-27019,8500,1765,1765,1.0,0.9978281831453988,1.0,True
direct-27019,9000,1763,1763,1.0,0.9978257247282382,0.9999999999999999,True
direct-27019,9500,1763,1763,1.0,0.9978257247282382,0.9999999999999999,True
direct-27019,10000,1763,1763,1.0,0.9978257247282382,0.9999999999999999,True
direct-27019,10500,1763,1763,1.0,0.9978257247282382,0.9999999999999999,True
direct-27019,11000,1761,1761,1.0,0.9978232607390941,1.0,True
direct-27019,11500,1762,1762,1.0,0.9978244934313475,1.0,True
direct-27019,12000,1761,1761,1.0,0.9978232607390941,1.0,True
direct-27019,12500,1762,1762,1.0,0.9978244934313475,1.0,True
direct-27019,13000,1764,1764,1.0,0.9978269546321344,0.9999999999999999,True
direct-27019,13500,1766,1766,1.0,0.9978294102703881,1.0,True
direct-27019,14000,1768,1768,1.0,0.9978318603649445,1.0,True
direct-27019,14500,1761,1761,1.0,0.9978232607390941,1.0,True
direct-27019,15000,1759,1759,1.0,0.9978207911590014,0.9999999999999998,True
direct-27019,15500,1762,1762,1.0,0.9978244934313475,1.0,True
direct-27019,16000,1760,1760,1.0,0.9978220266491049,1.0,True
direct-27019,16500,1760,1760,1.0,0.9978220266491049,1.0,True
direct-27019,17000,1758,1758,1.0,0.9978195542663996,1.0,True
direct-27019,17500,1760,1760,1.0,0.9978220266491049,1.0,True
direct-27019,18000,1759,1759,1.0,0.9978207911590014,0.9999999999999998,True
direct-27019,18500,1760,1760,1.0,0.9978220266491049,1.0,True
direct-27019,19000,1760,1760,1.0,0.9978220266491049,1.0,True
direct-27019,19500,1759,1759,1.0,0.9978207911590014,0.9999999999999998,True
direct-27019,20000,1762,1762,1.0,0.9978244934313475,1.0,True
direct-27019,20500,1760,1760,1.0,0.9978220266491049,1.0,True
direct-27019,21000,1756,1756,1.0,0.9978170762641365,1.0,True
direct-27019,21500,1754,1754,1.0,0.997814592623135,0.9999999999999998,True
direct-27019,22000,1754,1754,1.0,0.997814592623135,0.9999999999999998,True
direct-27019,22500,1753,1753,1.0,0.9978133486820894,0.9999999999999999,True
direct-27019,23000,1754,1754,1.0,0.997814592623135,0.9999999999999998,True
direct-27019,23500,1754,1754,1.0,0.997814592623135,0.9999999999999998,True
direct-27019,24000,1753,1753,1.0,0.9978133486820894,0.9999999999999999,True
direct-27019,24500,1756,1756,1.0,0.9978170762641365,1.0,True
direct-27019,25000,1753,1753,1.0,0.9978133486820894,0.9999999999999999,True
direct-27019,25500,1754,1754,1.0,0.997814592623135,0.9999999999999998,True
direct-27019,26000,1752,1752,1.0,0.9978121033241266,0.9999999999999999,True
direct-27019,26500,1752,1752,1.0,0.9978121033241266,0.9999999999999999,True
direct-27019,27000,1753,1753,1.0,0.9978133486820894,0.9999999999999999,True
direct-27019,27500,1751,1751,1.0,0.9978108565468244,1.0,True
direct-27019,28000,1752,1752,1.0,0.9978121033241266,0.9999999999999999,True
direct-27019,28500,1750,1750,1.0,0.997809608347755,1.0,True
direct-27019,29000,1752,1752,1.0,0.9978121033241266,0.9999999999999999,True
direct-27019,29500,1753,1753,1.0,0.9978133486820894,0.9999999999999999,True
direct-27019,30000,1753,1753,1.0,0.9978133486820894,0.9999999999999999,True
direct-27019,30500,1752,1752,1.0,0.9978121033241266,0.9999999999999999,True
direct-27019,31000,1750,1750,1.0,0.997809608347755,1.0,True
direct-27019,31500,1753,1753,1.0,0.9978133486820894,0.9999999999999999,True
direct-27019,32000,1751,1751,1.0,0.9978108565468244,1.0,True
direct-27019,32500,1753,1753,1.0,0.9978133486820894,0.9999999999999999,True
direct-27019,33000,1754,1754,1.0,0.997814592623135,0.9999999999999998,True
direct-27019,33500,1753,1753,1.0,0.9978133486820894,0.9999999999999999,True
direct-27019,34000,1753,1753,1.0,0.9978133486820894,0.9999999999999999,True
direct-27019,34500,1756,1756,1.0,0.9978170762641365,1.0,True
direct-27019,35000,1758,1758,1.0,0.9978195542663996,1.0,True
direct-27019,35500,1759,1759,1.0,0.9978207911590014,0.9999999999999998,True
direct-27019,36000,1757,1757,1.0,0.9978183159689094,1.0,True
direct-27019,36500,1759,1759,1.0,0.9978207911590014,0.9999999999999998,True
direct-27019,37000,1759,1759,1.0,0.9978207911590014,0.9999999999999998,True
direct-27019,37500,1756,1756,1.0,0.9978170762641365,1.0,True
direct-27019,38000,1757,1757,1.0,0.9978183159689094,1.0,True
direct-27019,38500,1757,1757,1.0,0.9978183159689094,1.0,True
direct-27019,39000,1756,1756,1.0,0.9978170762641365,1.0,True
direct-27019,39500,1756,1756,1.0,0.9978170762641365,1.0,True
direct-27019,40000,1757,1757,1.0,0.9978183159689094,1.0,True
direct-27019,40500,1757,1757,1.0,0.9978183159689094,1.0,True
direct-27019,41000,1755,1755,1.0,0.9978158351496802,0.9999999999999998,True
direct-27019,41500,1759,1759,1.0,0.9978207911590014,0.9999999999999998,True
direct-27019,42000,1755,1755,1.0,0.9978158351496802,0.9999999999999998,True
direct-27019,42500,1754,1754,1.0,0.997814592623135,0.9999999999999998,True
direct-27019,43000,1756,1756,1.0,0.9978170762641365,1.0,True
direct-27019,43500,1755,1755,1.0,0.9978158351496802,0.9999999999999998,True
direct-27019,44000,1752,1752,1.0,0.9978121033241266,0.9999999999999999,True
direct-27019,44500,1752,1752,1.0,0.9978121033241266,0.9999999999999999,True
direct-27019,45000,1750,1750,1.0,0.997809608347755,1.0,True
direct-27019,45500,1751,1751,1.0,0.9978108565468244,1.0,True
direct-27019,46000,1750,1750,1.0,0.997809608347755,1.0,True
direct-27019,46500,1750,1750,1.0,0.997809608347755,1.0,True
direct-27019,47000,1753,1753,1.0,0.9978133486820894,0.9999999999999999,True
direct-27019,47500,1748,1748,1.0,0.9978071076745751,1.0,True
direct-27019,48000,1753,1753,1.0,0.9978133486820894,0.9999999999999999,True
direct-27019,48500,1752,1752,1.0,0.9978121033241266,0.9999999999999999,True
direct-27019,49000,1758,1758,1.0,0.9978195542663996,1.0,True
direct-27019,49500,1754,1754,1.0,0.997814592623135,0.9999999999999998,True
direct-27019,50000,1751,1751,1.0,0.9978108565468244,1.0,True
direct-27019,50500,1748,1748,1.0,0.9978071076745751,1.0,True
direct-27019,51000,1749,1749,1.0,0.9978083587244848,1.0,True
direct-27019,51500,1749,1749,1.0,0.9978083587244848,1.0,True
direct-27019,52000,1747,1747,1.0,0.9978058551955814,1.0,True
direct-27019,52500,1748,1748,1.0,0.9978071076745751,1.0,True
direct-27019,53000,1753,1753,1.0,0.9978133486820894,0.9999999999999999,True
direct-27019,53500,1753,1753,1.0,0.9978133486820894,0.9999999999999999,True
direct-27019,54000,1748,1748,1.0,0.9978071076745751,1.0,True
direct-27019,54500,1748,1748,1.0,0.9978071076745751,1.0,True
direct-27019,55000,1749,1749,1.0,0.9978083587244848,1.0,True
direct-27019,55500,1750,1750,1.0,0.997809608347755,1.0,True
direct-27019,56000,1749,1749,1.0,0.9978083587244848,1.0,True
direct-27019,56500,1749,1749,1.0,0.9978083587244848,1.0,True
direct-27019,57000,1748,1748,1.0,0.9978071076745751,1.0,True
direct-27019,57500,1749,1749,1.0,0.9978083587244848,1.0,True
direct-27019,58000,1747,1747,1.0,0.9978058551955814,1.0,True
direct-27019,58500,1747,1747,1.0,0.9978058551955814,1.0,True
direct-27019,59000,1747,1747,1.0,0.9978058551955814,1.0,True
direct-27019,59500,1753,1753,1.0,0.9978133486820894,0.9999999999999999,True
direct-27019,60000,1749,1749,1.0,0.9978083587244848,1.0,True
direct-27019,60500,1752,1752,1.0,0.9978121033241266,0.9999999999999999,True
direct-27019,61000,1751,1751,1.0,0.9978108565468244,1.0,True
direct-27019,61500,1750,1750,1.0,0.997809608347755,1.0,True
direct-27019,62000,1750,1750,1.0,0.997809608347755,1.0,True
direct-27019,62500,1748,1748,1.0,0.9978071076745751,1.0,True
direct-27019,63000,1746,1746,1.0,0.9978046012850535,1.0,True
direct-27019,63500,1749,1749,1.0,0.9978083587244848,1.0,True
direct-27019,64000,1748,1748,1.0,0.9978071076745751,1.0,True
direct-27019,64500,1747,1747,1.0,0.9978058551955814,1.0,True
direct-27019,65000,1749,1749,1.0,0.9978083587244848,1.0,True
direct-27019,65500,1747,1747,1.0,0.9978058551955814,1.0,True
direct-27019,66000,1748,1748,1.0,0.9978071076745751,1.0,True
direct-27019,66500,1748,1748,1.0,0.9978071076745751,1.0,True
direct-27019,67000,1748,1748,1.0,0.9978071076745751,1.0,True
direct-27019,67500,1753,1753,1.0,0.9978133486820894,0.9999999999999999,True
direct-27019,68000,1750,1750,1.0,0.997809608347755,1.0,True
direct-27019,68500,1752,1752,1.0,0.9978121033241266,0.9999999999999999,True
direct-27019,69000,1751,1751,1.0,0.9978108565468244,1.0,True
direct-27019,69500,1751,1751,1.0,0.9978108565468244,1.0,True
direct-27019,70000,1755,1755,1.0,0.9978158351496802,0.9999999999999998,True
direct-27019,70500,1758,1758,1.0,0.9978195542663996,1.0,True
direct-27019,71000,1758,1758,1.0,0.9978195542663996,1.0,True
direct-27019,71500,1756,1756,1.0,0.9978170762641365,1.0,True
direct-27019,72000,1758,1758,1.0,0.9978195542663996,1.0,True
direct-27019,72500,1755,1755,1.0,0.9978158351496802,0.9999999999999998,True
direct-27019,73000,1754,1754,1.0,0.997814592623135,0.9999999999999998,True
direct-27019,73500,1757,1757,1.0,0.9978183159689094,1.0,True
direct-27019,74000,1757,1757,1.0,0.9978183159689094,1.0,True
direct-27019,74500,1757,1757,1.0,0.9978183159689094,1.0,True
direct-27019,75000,1755,1755,1.0,0.9978158351496802,0.9999999999999998,True
direct-27019,75500,1755,1755,1.0,0.9978158351496802,0.9999999999999998,True
direct-27019,76000,1756,1756,1.0,0.9978170762641365,1.0,True
direct-27019,76500,1756,1756,1.0,0.9978170762641365,1.0,True
direct-27019,77000,1756,1756,1.0,0.9978170762641365,1.0,True
direct-27019,77500,1760,1760,1.0,0.9978220266491049,1.0,True
direct-27019,78000,1758,1758,1.0,0.9978195542663996,1.0,True
direct-27019,78500,1757,1757,1.0,0.9978183159689094,1.0,True
direct-27019,79000,1752,1752,1.0,0.9978121033241266,0.9999999999999999,True
direct-27019,79500,1753,1753,1.0,0.9978133486820894,0.9999999999999999,True
direct-27019,80000,1754,1754,1.0,0.997814592623135,0.9999999999999998,True
direct-27019,80500,1754,1754,1.0,0.997814592623135,0.9999999999999998,True
direct-27019,81000,1755,1755,1.0,0.9978158351496802,0.9999999999999998,True
direct-27019,81500,1757,1757,1.0,0.9978183159689094,1.0,True
direct-27019,82000,1750,1750,1.0,0.997809608347755,1.0,True
direct-27019,82500,1750,1750,1.0,0.997809608347755,1.0,True
direct-27019,83000,1751,1751,1.0,0.9978108565468244,1.0,True
direct-27019,83500,1745,1745,1.0,0.9978033459405357,0.9999999999999999,True
direct-27019,84000,1752,1752,1.0,0.9978121033241266,0.9999999999999999,True
direct-27019,84500,1752,1752,1.0,0.9978121033241266,0.9999999999999999,True
direct-27019,85000,1751,1751,1.0,0.9978108565468244,1.0,True
direct-27019,85500,1754,1754,1.0,0.997814592623135,0.9999999999999998,True
direct-27019,86000,1752,1752,1.0,0.9978121033241266,0.9999999999999999,True
direct-27019,86500,1752,1752,1.0,0.9978121033241266,0.9999999999999999,True
direct-27019,87000,1752,1752,1.0,0.9978121033241266,0.9999999999999999,True
direct-27019,87500,1753,1753,1.0,0.9978133486820894,0.9999999999999999,True
direct-27019,88000,1753,1753,1.0,0.9978133486820894,0.9999999999999999,True
direct-27019,88500,1753,1753,1.0,0.9978133486820894,0.9999999999999999,True
direct-27019,89000,1755,1755,1.0,0.9978158351496802,0.9999999999999998,True
direct-27019,89500,1752,1752,1.0,0.9978121033241266,0.9999999999999999,True
direct-27019,90000,1754,1754,1.0,0.997814592623135,0.9999999999999998,True
direct-27019,90500,1752,1752,1.0,0.9978121033241266,0.9999999999999999,True
direct-27019,91000,1751,1751,1.0,0.9978108565468244,1.0,True
direct-27019,91500,1754,1754,1.0,0.997814592623135,0.9999999999999998,True
direct-27019,92000,1751,1751,1.0,0.9978108565468244,1.0,True
direct-27019,92500,1750,1750,1.0,0.997809608347755,1.0,True
direct-27019,93000,1751,1751,1.0,0.9978108565468244,1.0,True
direct-27019,93500,1754,1754,1.0,0.997814592623135,0.9999999999999998,True
direct-27019,94000,1751,1751,1.0,0.9978108565468244,1.0,True
direct-27019,94500,1748,1748,1.0,0.9978071076745751,1.0,True
direct-27019,95000,1752,1752,1.0,0.9978121033241266,0.9999999999999999,True
direct-27019,95500,1511,1511,1.0,0.9974640252815871,0.9999999999999999,True
direct-27019,96000,1475,1475,1.0,0.9974022910905399,0.9999999999999999,True
direct-27019,96500,1431,1431,1.0,0.9973226312925411,0.9999999999999999,True
direct-27019,97000,1392,1392,1.0,0.9972478252546709,1.0,True
direct-27019,97500,1310,1310,1.0,0.9970760554392554,0.9999999999999999,True
direct-27019,98000,1274,1274,1.0,0.9969936805939014,0.9999999999999999,True
direct-27019,98500,1209,1209,1.0,0.996832562471472,1.0,True
direct-27019,99000,1157,1157,1.0,0.996690676833084,1.0,True
direct-27019,99500,1082,1082,1.0,0.9964620990759608,0.9999999999999999,True
direct-27019,100000,661,661,1.0,0.9942217815491691,1.0,True
direct-27019,100500,611,611,1.0,0.993751886664793,1.0,True
direct-27019,101000,560,560,1.0,0.9931867389706612,1.0,True
direct-27019,101500,475,475,1.0,0.991977305229955,1.0,True
direct-27019,102000,420,420,1.0,0.9909362365562984,1.0,True
direct-27019,102500,322,322,1.0,0.9882102223902656,0.9999999999999998,True
direct-27019,103000,298,298,1.0,0.9872727947373723,1.0,True
direct-27019,103500,235,235,1.0,0.983915699777593,0.9999999999999999,True
direct-27019,106000,1,1,1.0,0.20654329147389294,1.0,False
direct-27020,0,1229,2498,0.4919935948759007,0.47241561206554283,0.5115961654986323,True
direct-27020,500,1752,1774,0.9875986471251409,0.9812938518798519,0.9917962141867763,True
direct-27020,1000,1759,1761,0.9988642816581488,0.9958682720643782,0.9996884963164215,True
direct-27020,1500,1764,1764,1.0,0.9978269546321344,0.9999999999999999,True
direct-27020,2000,1764,1764,1.0,0.9978269546321344,0.9999999999999999,True
direct-27020,2500,1769,1769,1.0,0.9978330833391995,1.0,True
direct-27020,3000,1765,1765,1.0,0.9978281831453988,1.0,True
direct-27020,3500,1767,1767,1.0,0.9978306360094543,0.9999999999999999,True
direct-27020,4000,1764,1764,1.0,0.9978269546321344,0.9999999999999999,True
direct-27020,4500,1766,1766,1.0,0.9978294102703881,1.0,True
direct-27020,5000,1769,1769,1.0,0.9978330833391995,1.0,True
direct-27020,5500,1768,1768,1.0,0.9978318603649445,1.0,True
direct-27020,6000,1771,1771,1.0,0.9978355251533434,1.0,True
direct-27020,6500,1765,1765,1.0,0.9978281831453988,1.0,True
direct-27020,7000,1764,1764,1.0,0.9978269546321344,0.9999999999999999,True
direct-27020,7500,1761,1761,1.0,0.9978232607390941,1.0,True
direct-27020,8000,1762,1762,1.0,0.9978244934313475,1.0,True
direct-27020,8500,1760,1760,1.0,0.9978220266491049,1.0,True
direct-27020,9000,1761,1761,1.0,0.9978232607390941,1.0,True
direct-27020,9500,1765,1765,1.0,0.9978281831453988,1.0,True
direct-27020,10000,1763,1763,1.0,0.9978257247282382,0.9999999999999999,True
direct-27020,10500,1765,1765,1.0,0.9978281831453988,1.0,True
direct-27020,11000,1764,1764,1.0,0.9978269546321344,0.9999999999999999,True
direct-27020,11500,1766,1766,1.0,0.9978294102703881,1.0,True
direct-27020,12000,1764,1764,1.0,0.9978269546321344,0.9999999999999999,True
direct-27020,12500,1762,1762,1.0,0.9978244934313475,1.0,True
direct-27020,13000,1762,1762,1.0,0.9978244934313475,1.0,True
direct-27020,13500,1759,1759,1.0,0.9978207911590014,0.9999999999999998,True
direct-27020,14000,1763,1763,1.0,0.9978257247282382,0.9999999999999999,True
direct-27020,14500,1762,1762,1.0,0.9978244934313475,1.0,True
direct-27020,15000,1762,1762,1.0,0.9978244934313475,1.0,True
direct-27020,15500,1762,1762,1.0,0.9978244934313475,1.0,True
direct-27020,16000,1761,1761,1.0,0.9978232607390941,1.0,True
direct-27020,16500,1763,1763,1.0,0.9978257247282382,0.9999999999999999,True
direct-27020,17000,1761,1761,1.0,0.9978232607390941,1.0,True
direct-27020,17500,1760,1760,1.0,0.9978220266491049,1.0,True
direct-27020,18000,1758,1758,1.0,0.9978195542663996,1.0,True
direct-27020,18500,1760,1760,1.0,0.9978220266491049,1.0,True
direct-27020,19000,1758,1758,1.0,0.9978195542663996,1.0,True
direct-27020,19500,1759,1759,1.0,0.9978207911590014,0.9999999999999998,True
direct-27020,20000,1757,1757,1.0,0.9978183159689094,1.0,True
direct-27020,20500,1759,1759,1.0,0.9978207911590014,0.9999999999999998,True
direct-27020,21000,1758,1758,1.0,0.9978195542663996,1.0,True
direct-27020,21500,1758,1758,1.0,0.9978195542663996,1.0,True
direct-27020,22000,1757,1757,1.0,0.9978183159689094,1.0,True
direct-27020,22500,1759,1759,1.0,0.9978207911590014,0.9999999999999998,True
direct-27020,23000,1757,1757,1.0,0.9978183159689094,1.0,True
direct-27020,23500,1760,1760,1.0,0.9978220266491049,1.0,True
direct-27020,24000,1756,1756,1.0,0.9978170762641365,1.0,True
direct-27020,24500,1754,1754,1.0,0.997814592623135,0.9999999999999998,True
direct-27020,25000,1751,1751,1.0,0.9978108565468244,1.0,True
direct-27020,25500,1754,1754,1.0,0.997814592623135,0.9999999999999998,True
direct-27020,26000,1754,1754,1.0,0.997814592623135,0.9999999999999998,True
direct-27020,26500,1752,1752,1.0,0.9978121033241266,0.9999999999999999,True
direct-27020,27000,1752,1752,1.0,0.9978121033241266,0.9999999999999999,True
direct-27020,27500,1753,1753,1.0,0.9978133486820894,0.9999999999999999,True
direct-27020,28000,1752,1752,1.0,0.9978121033241266,0.9999999999999999,True
direct-27020,28500,1752,1752,1.0,0.9978121033241266,0.9999999999999999,True
direct-27020,29000,1752,1752,1.0,0.9978121033241266,0.9999999999999999,True
direct-27020,29500,1753,1753,1.0,0.9978133486820894,0.9999999999999999,True
direct-27020,30000,1752,1752,1.0,0.9978121033241266,0.9999999999999999,True
direct-27020,30500,1751,1751,1.0,0.9978108565468244,1.0,True
direct-27020,31000,1754,1754,1.0,0.997814592623135,0.9999999999999998,True
direct-27020,31500,1752,1752,1.0,0.9978121033241266,0.9999999999999999,True
direct-27020,32000,1754,1754,1.0,0.997814592623135,0.9999999999999998,True
direct-27020,32500,1753,1753,1.0,0.9978133486820894,0.9999999999999999,True
direct-27020,33000,1753,1753,1.0,0.9978133486820894,0.9999999999999999,True
direct-27020,33500,1754,1754,1.0,0.997814592623135,0.9999999999999998,True
direct-27020,34000,1751,1751,1.0,0.9978108565468244,1.0,True
direct-27020,34500,1753,1753,1.0,0.9978133486820894,0.9999999999999999,True
direct-27020,35000,1753,1753,1.0,0.9978133486820894,0.9999999999999999,True
direct-27020,35500,1752,1752,1.0,0.9978121033241266,0.9999999999999999,True
direct-27020,36000,1751,1751,1.0,0.9978108565468244,1.0,True
direct-27020,36500,1752,1752,1.0,0.9978121033241266,0.9999999999999999,True
direct-27020,37000,1751,1751,1.0,0.9978108565468244,1.0,True
direct-27020,37500,1750,1750,1.0,0.997809608347755,1.0,True
direct-27020,38000,1751,1751,1.0,0.9978108565468244,1.0,True
direct-27020,38500,1752,1752,1.0,0.9978121033241266,0.9999999999999999,True
direct-27020,39000,1753,1753,1.0,0.9978133486820894,0.9999999999999999,True
direct-27020,39500,1752,1752,1.0,0.9978121033241266,0.9999999999999999,True
direct-27020,40000,1754,1754,1.0,0.997814592623135,0.9999999999999998,True
direct-27020,40500,1752,1752,1.0,0.9978121033241266,0.9999999999999999,True
direct-27020,41000,1753,1753,1.0,0.9978133486820894,0.9999999999999999,True
direct-27020,41500,1749,1749,1.0,0.9978083587244848,1.0,True
direct-27020,42000,1750,1750,1.0,0.997809608347755,1.0,True
direct-27020,42500,1750,1750,1.0,0.997809608347755,1.0,True
direct-27020,43000,1750,1750,1.0,0.997809608347755,1.0,True
direct-27020,43500,1751,1751,1.0,0.9978108565468244,1.0,True
direct-27020,44000,1750,1750,1.0,0.997809608347755,1.0,True
direct-27020,44500,1749,1749,1.0,0.9978083587244848,1.0,True
direct-27020,45000,1749,1749,1.0,0.9978083587244848,1.0,True
direct-27020,45500,1749,1749,1.0,0.9978083587244848,1.0,True
direct-27020,46000,1748,1748,1.0,0.9978071076745751,1.0,True
direct-27020,46500,1749,1749,1.0,0.9978083587244848,1.0,True
direct-27020,47000,1748,1748,1.0,0.9978071076745751,1.0,True
direct-27020,47500,1749,1749,1.0,0.9978083587244848,1.0,True
direct-27020,48000,1750,1750,1.0,0.997809608347755,1.0,True
direct-27020,48500,1750,1750,1.0,0.997809608347755,1.0,True
direct-27020,49000,1749,1749,1.0,0.9978083587244848,1.0,True
direct-27020,49500,1749,1749,1.0,0.9978083587244848,1.0,True
direct-27020,50000,1749,1749,1.0,0.9978083587244848,1.0,True
direct-27020,50500,1749,1749,1.0,0.9978083587244848,1.0,True
direct-27020,51000,1747,1747,1.0,0.9978058551955814,1.0,True
direct-27020,51500,1747,1747,1.0,0.9978058551955814,1.0,True
direct-27020,52000,1749,1749,1.0,0.9978083587244848,1.0,True
direct-27020,52500,1754,1754,1.0,0.997814592623135,0.9999999999999998,True
direct-27020,53000,1756,1756,1.0,0.9978170762641365,1.0,True
direct-27020,53500,1755,1755,1.0,0.9978158351496802,0.9999999999999998,True
direct-27020,54000,1754,1754,1.0,0.997814592623135,0.9999999999999998,True
direct-27020,54500,1755,1755,1.0,0.9978158351496802,0.9999999999999998,True
direct-27020,55000,1755,1755,1.0,0.9978158351496802,0.9999999999999998,True
direct-27020,55500,1754,1754,1.0,0.997814592623135,0.9999999999999998,True
direct-27020,56000,1755,1755,1.0,0.9978158351496802,0.9999999999999998,True
direct-27020,56500,1758,1758,1.0,0.9978195542663996,1.0,True
direct-27020,57000,1753,1753,1.0,0.9978133486820894,0.9999999999999999,True
direct-27020,57500,1753,1753,1.0,0.9978133486820894,0.9999999999999999,True
direct-27020,58000,1747,1747,1.0,0.9978058551955814,1.0,True
direct-27020,58500,1758,1758,1.0,0.9978195542663996,1.0,True
direct-27020,59000,1759,1759,1.0,0.9978207911590014,0.9999999999999998,True
direct-27020,59500,1763,1763,1.0,0.9978257247282382,0.9999999999999999,True
direct-27020,60000,1762,1762,1.0,0.9978244934313475,1.0,True
direct-27020,60500,1758,1758,1.0,0.9978195542663996,1.0,True
direct-27020,61000,1751,1751,1.0,0.9978108565468244,1.0,True
direct-27020,61500,1755,1755,1.0,0.9978158351496802,0.9999999999999998,True
direct-27020,62000,1751,1751,1.0,0.9978108565468244,1.0,True
direct-27020,62500,1751,1751,1.0,0.9978108565468244,1.0,True
direct-27020,63000,1751,1751,1.0,0.9978108565468244,1.0,True
direct-27020,63500,1750,1750,1.0,0.997809608347755,1.0,True
direct-27020,64000,1749,1749,1.0,0.9978083587244848,1.0,True
direct-27020,64500,1750,1750,1.0,0.997809608347755,1.0,True
direct-27020,65000,1751,1751,1.0,0.9978108565468244,1.0,True
direct-27020,65500,1749,1749,1.0,0.9978083587244848,1.0,True
direct-27020,66000,1750,1750,1.0,0.997809608347755,1.0,True
direct-27020,66500,1749,1749,1.0,0.9978083587244848,1.0,True
direct-27020,67000,1752,1752,1.0,0.9978121033241266,0.9999999999999999,True
direct-27020,67500,1749,1749,1.0,0.9978083587244848,1.0,True
direct-27020,68000,1748,1748,1.0,0.9978071076745751,1.0,True
direct-27020,68500,1748,1748,1.0,0.9978071076745751,1.0,True
direct-27020,69000,1748,1748,1.0,0.9978071076745751,1.0,True
direct-27020,69500,1747,1747,1.0,0.9978058551955814,1.0,True
direct-27020,70000,1748,1748,1.0,0.9978071076745751,1.0,True
direct-27020,70500,1749,1749,1.0,0.9978083587244848,1.0,True
direct-27020,71000,1750,1750,1.0,0.997809608347755,1.0,True
direct-27020,71500,1749,1749,1.0,0.9978083587244848,1.0,True
direct-27020,72000,1750,1750,1.0,0.997809608347755,1.0,True
direct-27020,72500,1748,1748,1.0,0.9978071076745751,1.0,True
direct-27020,73000,1748,1748,1.0,0.9978071076745751,1.0,True
direct-27020,73500,1749,1749,1.0,0.9978083587244848,1.0,True
direct-27020,74000,1748,1748,1.0,0.9978071076745751,1.0,True
direct-27020,74500,1749,1749,1.0,0.9978083587244848,1.0,True
direct-27020,75000,1749,1749,1.0,0.9978083587244848,1.0,True
direct-27020,75500,1750,1750,1.0,0.997809608347755,1.0,True
direct-27020,76000,1749,1749,1.0,0.9978083587244848,1.0,True
direct-27020,76500,1752,1752,1.0,0.9978121033241266,0.9999999999999999,True
direct-27020,77000,1750,1750,1.0,0.997809608347755,1.0,True
direct-27020,77500,1755,1755,1.0,0.9978158351496802,0.9999999999999998,True
direct-27020,78000,1754,1754,1.0,0.997814592623135,0.9999999999999998,True
direct-27020,78500,1756,1756,1.0,0.9978170762641365,1.0,True
direct-27020,79000,1756,1756,1.0,0.9978170762641365,1.0,True
direct-27020,79500,1753,1753,1.0,0.9978133486820894,0.9999999999999999,True
direct-27020,80000,1754,1754,1.0,0.997814592623135,0.9999999999999998,True
direct-27020,80500,1756,1756,1.0,0.9978170762641365,1.0,True
direct-27020,81000,1757,1757,1.0,0.9978183159689094,1.0,True
direct-27020,81500,1756,1756,1.0,0.9978170762641365,1.0,True
direct-27020,82000,1759,1759,1.0,0.9978207911590014,0.9999999999999998,True
direct-27020,82500,1759,1759,1.0,0.9978207911590014,0.9999999999999998,True
direct-27020,83000,1761,1761,1.0,0.9978232607390941,1.0,True
direct-27020,83500,1762,1762,1.0,0.9978244934313475,1.0,True
direct-27020,84000,1763,1763,1.0,0.9978257247282382,0.9999999999999999,True
direct-27020,84500,1760,1760,1.0,0.9978220266491049,1.0,True
direct-27020,85000,1761,1761,1.0,0.9978232607390941,1.0,True
direct-27020,85500,1761,1761,1.0,0.9978232607390941,1.0,True
direct-27020,86000,1761,1761,1.0,0.9978232607390941,1.0,True
direct-27020,86500,1760,1760,1.0,0.9978220266491049,1.0,True
direct-27020,87000,1760,1760,1.0,0.9978220266491049,1.0,True
direct-27020,87500,1760,1760,1.0,0.9978220266491049,1.0,True
direct-27020,88000,1759,1759,1.0,0.9978207911590014,0.9999999999999998,True
direct-27020,88500,1757,1757,1.0,0.9978183159689094,1.0,True
direct-27020,89000,1753,1753,1.0,0.9978133486820894,0.9999999999999999,True
direct-27020,89500,1755,1755,1.0,0.9978158351496802,0.9999999999999998,True
direct-27020,90000,1754,1754,1.0,0.997814592623135,0.9999999999999998,True
direct-27020,90500,1752,1752,1.0,0.9978121033241266,0.9999999999999999,True
direct-27020,91000,1751,1751,1.0,0.9978108565468244,1.0,True
direct-27020,91500,1751,1751,1.0,0.9978108565468244,1.0,True
direct-27020,92000,1751,1751,1.0,0.9978108565468244,1.0,True
direct-27020,92500,1750,1750,1.0,0.997809608347755,1.0,True
direct-27020,93000,1756,1756,1.0,0.9978170762641365,1.0,True
direct-27020,93500,1754,1754,1.0,0.997814592623135,0.9999999999999998,True
direct-27020,94000,1754,1754,1.0,0.997814592623135,0.9999999999999998,True
direct-27020,94500,1753,1753,1.0,0.9978133486820894,0.9999999999999999,True
direct-27020,95000,1547,1547,1.0,0.9975228933760869,1.0,True
direct-27020,95500,1459,1459,1.0,0.9973738783474575,1.0,True
direct-27020,96000,1408,1408,1.0,0.9972790148696569,1.0,True
direct-27020,96500,1370,1370,1.0,0.9972037533293502,0.9999999999999999,True
direct-27020,97000,1308,1308,1.0,0.9970715976684991,1.0,True
direct-27020,97500,1271,1271,1.0,0.9969866060222697,0.9999999999999999,True
direct-27020,98000,1235,1235,1.0,0.996899038585724,1.0,True
direct-27020,98500,1200,1200,1.0,0.9968088824974979,0.9999999999999998,True
direct-27020,99000,1111,1111,1.0,0.9965541293041092,1.0,True
direct-27020,99500,1037,1037,1.0,0.9963091406031428,1.0,True
direct-27020,100000,651,651,1.0,0.9941335431347063,1.0,True
direct-27020,100500,590,590,1.0,0.9935309348486198,1.0,True
direct-27020,101000,552,552,1.0,0.9930886785012132,1.0,True
direct-27020,101500,503,503,1.0,0.9924205116549235,1.0,True
direct-27020,102000,463,463,1.0,0.9917710846676905,1.0,True
direct-27020,102500,413,413,1.0,0.9907840292331668,1.0,True
direct-27020,103000,363,363,1.0,0.989527905232122,1.0,True
direct-27020,103500,299,299,1.0,0.9873148206851372,1.0,True
rs-primary-local,0,2079,2367,0.8783269961977186,0.8645404853204417,0.8908874606039086,True
rs-primary-local,500,1779,1779,1.0,0.9978452376251487,1.0,True
rs-primary-local,1000,1770,1770,1.0,0.9978343049345556,1.0,True
rs-primary-local,1500,1781,1781,1.0,0.997847652138991,1.0,True
rs-primary-local,2000,1775,1775,1.0,0.9978403923092423,1.0,True
rs-primary-local,2500,1775,1775,1.0,0.9978403923092423,1.0,True
rs-primary-local,3000,1780,1780,1.0,0.9978464455588433,0.9999999999999999,True
rs-primary-local,3500,1779,1779,1.0,0.9978452376251487,1.0,True
rs-primary-local,4000,1779,1779,1.0,0.9978452376251487,1.0,True
rs-primary-local,4500,1779,1779,1.0,0.9978452376251487,1.0,True
rs-primary-local,5000,1774,1774,1.0,0.9978391775735252,1.0,True
rs-primary-local,5500,1776,1776,1.0,0.9978416056799662,1.0,True
rs-primary-local,6000,1773,1773,1.0,0.9978379614705105,1.0,True
rs-primary-local,6500,1774,1774,1.0,0.9978391775735252,1.0,True
rs-primary-local,7000,1771,1771,1.0,0.9978355251533434,1.0,True
rs-primary-local,7500,1770,1770,1.0,0.9978343049345556,1.0,True
rs-primary-local,8000,1770,1770,1.0,0.9978343049345556,1.0,True
rs-primary-local,8500,1769,1769,1.0,0.9978330833391995,1.0,True
rs-primary-local,9000,1765,1765,1.0,0.9978281831453988,1.0,True
rs-primary-local,9500,1767,1767,1.0,0.9978306360094543,0.9999999999999999,True
rs-primary-local,10000,1767,1767,1.0,0.9978306360094543,0.9999999999999999,True
rs-primary-local,10500,1767,1767,1.0,0.9978306360094543,0.9999999999999999,True
rs-primary-local,11000,1768,1768,1.0,0.9978318603649445,1.0,True
rs-primary-local,11500,1768,1768,1.0,0.9978318603649445,1.0,True
rs-primary-local,12000,1767,1767,1.0,0.9978306360094543,0.9999999999999999,True
rs-primary-local,12500,1763,1763,1.0,0.9978257247282382,0.9999999999999999,True
rs-primary-local,13000,1767,1767,1.0,0.9978306360094543,0.9999999999999999,True
rs-primary-local,13500,1765,1765,1.0,0.9978281831453988,1.0,True
rs-primary-local,14000,1767,1767,1.0,0.9978306360094543,0.9999999999999999,True
rs-primary-local,14500,1762,1762,1.0,0.9978244934313475,1.0,True
rs-primary-local,15000,1759,1759,1.0,0.9978207911590014,0.9999999999999998,True
rs-primary-local,15500,1763,1763,1.0,0.9978257247282382,0.9999999999999999,True
rs-primary-local,16000,1763,1763,1.0,0.9978257247282382,0.9999999999999999,True
rs-primary-local,16500,1760,1760,1.0,0.9978220266491049,1.0,True
rs-primary-local,17000,1760,1760,1.0,0.9978220266491049,1.0,True
rs-primary-local,17500,1761,1761,1.0,0.9978232607390941,1.0,True
rs-primary-local,18000,1764,1764,1.0,0.9978269546321344,0.9999999999999999,True
rs-primary-local,18500,1764,1764,1.0,0.9978269546321344,0.9999999999999999,True
rs-primary-local,19000,1761,1761,1.0,0.9978232607390941,1.0,True
rs-primary-local,19500,1765,1765,1.0,0.9978281831453988,1.0,True
rs-primary-local,20000,1761,1761,1.0,0.9978232607390941,1.0,True
rs-primary-local,20500,1757,1757,1.0,0.9978183159689094,1.0,True
rs-primary-local,21000,1756,1756,1.0,0.9978170762641365,1.0,True
rs-primary-local,21500,1757,1757,1.0,0.9978183159689094,1.0,True
rs-primary-local,22000,1756,1756,1.0,0.9978170762641365,1.0,True
rs-primary-local,22500,1757,1757,1.0,0.9978183159689094,1.0,True
rs-primary-local,23000,1756,1756,1.0,0.9978170762641365,1.0,True
rs-primary-local,23500,1755,1755,1.0,0.9978158351496802,0.9999999999999998,True
rs-primary-local,24000,1760,1760,1.0,0.9978220266491049,1.0,True
rs-primary-local,24500,1759,1759,1.0,0.9978207911590014,0.9999999999999998,True
rs-primary-local,25000,1760,1760,1.0,0.9978220266491049,1.0,True
rs-primary-local,25500,1760,1760,1.0,0.9978220266491049,1.0,True
rs-primary-local,26000,1761,1761,1.0,0.9978232607390941,1.0,True
rs-primary-local,26500,1757,1757,1.0,0.9978183159689094,1.0,True
rs-primary-local,27000,1752,1752,1.0,0.9978121033241266,0.9999999999999999,True
rs-primary-local,27500,1754,1754,1.0,0.997814592623135,0.9999999999999998,True
rs-primary-local,28000,1754,1754,1.0,0.997814592623135,0.9999999999999998,True
rs-primary-local,28500,1751,1751,1.0,0.9978108565468244,1.0,True
rs-primary-local,29000,1754,1754,1.0,0.997814592623135,0.9999999999999998,True
rs-primary-local,29500,1755,1755,1.0,0.9978158351496802,0.9999999999999998,True
rs-primary-local,30000,1752,1752,1.0,0.9978121033241266,0.9999999999999999,True
rs-primary-local,30500,1755,1755,1.0,0.9978158351496802,0.9999999999999998,True
rs-primary-local,31000,1754,1754,1.0,0.997814592623135,0.9999999999999998,True
rs-primary-local,31500,1754,1754,1.0,0.997814592623135,0.9999999999999998,True
rs-primary-local,32000,1755,1755,1.0,0.9978158351496802,0.9999999999999998,True
rs-primary-local,32500,1757,1757,1.0,0.9978183159689094,1.0,True
rs-primary-local,33000,1755,1755,1.0,0.9978158351496802,0.9999999999999998,True
rs-primary-local,33500,1754,1754,1.0,0.997814592623135,0.9999999999999998,True
rs-primary-local,34000,1755,1755,1.0,0.9978158351496802,0.9999999999999998,True
rs-primary-local,34500,1755,1755,1.0,0.9978158351496802,0.9999999999999998,True
rs-primary-local,35000,1755,1755,1.0,0.9978158351496802,0.9999999999999998,True
rs-primary-local,35500,1754,1754,1.0,0.997814592623135,0.9999999999999998,True
rs-primary-local,36000,1753,1753,1.0,0.9978133486820894,0.9999999999999999,True
rs-primary-local,36500,1755,1755,1.0,0.9978158351496802,0.9999999999999998,True
rs-primary-local,37000,1755,1755,1.0,0.9978158351496802,0.9999999999999998,True
rs-primary-local,37500,1753,1753,1.0,0.9978133486820894,0.9999999999999999,True
rs-primary-local,38000,1753,1753,1.0,0.9978133486820894,0.9999999999999999,True
rs-primary-local,38500,1753,1753,1.0,0.9978133486820894,0.9999999999999999,True
rs-primary-local,39000,1754,1754,1.0,0.997814592623135,0.9999999999999998,True
rs-primary-local,39500,1754,1754,1.0,0.997814592623135,0.9999999999999998,True
rs-primary-local,40000,1753,1753,1.0,0.9978133486820894,0.9999999999999999,True
rs-primary-local,40500,1753,1753,1.0,0.9978133486820894,0.9999999999999999,True
rs-primary-local,41000,1753,1753,1.0,0.9978133486820894,0.9999999999999999,True
rs-primary-local,41500,1753,1753,1.0,0.9978133486820894,0.9999999999999999,True
rs-primary-local,42000,1753,1753,1.0,0.9978133486820894,0.9999999999999999,True
rs-primary-local,42500,1752,1752,1.0,0.9978121033241266,0.9999999999999999,True
rs-primary-local,43000,1752,1752,1.0,0.9978121033241266,0.9999999999999999,True
rs-primary-local,43500,1750,1750,1.0,0.997809608347755,1.0,True
rs-primary-local,44000,1751,1751,1.0,0.9978108565468244,1.0,True
rs-primary-local,44500,1752,1752,1.0,0.9978121033241266,0.9999999999999999,True
rs-primary-local,45000,1751,1751,1.0,0.9978108565468244,1.0,True
rs-primary-local,45500,1753,1753,1.0,0.9978133486820894,0.9999999999999999,True
rs-primary-local,46000,1751,1751,1.0,0.9978108565468244,1.0,True
rs-primary-local,46500,1749,1749,1.0,0.9978083587244848,1.0,True
rs-primary-local,47000,1754,1754,1.0,0.997814592623135,0.9999999999999998,True
rs-primary-local,47500,1750,1750,1.0,0.997809608347755,1.0,True
rs-primary-local,48000,1751,1751,1.0,0.9978108565468244,1.0,True
rs-primary-local,48500,1749,1749,1.0,0.9978083587244848,1.0,True
rs-primary-local,49000,1752,1752,1.0,0.9978121033241266,0.9999999999999999,True
rs-primary-local,49500,1750,1750,1.0,0.997809608347755,1.0,True
rs-primary-local,50000,1753,1753,1.0,0.9978133486820894,0.9999999999999999,True
rs-primary-local,50500,1752,1752,1.0,0.9978121033241266,0.9999999999999999,True
rs-primary-local,51000,1752,1752,1.0,0.9978121033241266,0.9999999999999999,True
rs-primary-local,51500,1752,1752,1.0,0.9978121033241266,0.9999999999999999,True
rs-primary-local,52000,1751,1751,1.0,0.9978108565468244,1.0,True
rs-primary-local,52500,1754,1754,1.0,0.997814592623135,0.9999999999999998,True
rs-primary-local,53000,1752,1752,1.0,0.9978121033241266,0.9999999999999999,True
rs-primary-local,53500,1749,1749,1.0,0.9978083587244848,1.0,True
rs-primary-local,54000,1749,1749,1.0,0.9978083587244848,1.0,True
rs-primary-local,54500,1751,1751,1.0,0.9978108565468244,1.0,True
rs-primary-local,55000,1751,1751,1.0,0.9978108565468244,1.0,True
rs-primary-local,55500,1750,1750,1.0,0.997809608347755,1.0,True
rs-primary-local,56000,1751,1751,1.0,0.9978108565468244,1.0,True
rs-primary-local,56500,1750,1750,1.0,0.997809608347755,1.0,True
rs-primary-local,57000,1750,1750,1.0,0.997809608347755,1.0,True
rs-primary-local,57500,1751,1751,1.0,0.9978108565468244,1.0,True
rs-primary-local,58000,1754,1754,1.0,0.997814592623135,0.9999999999999998,True
rs-primary-local,58500,1752,1752,1.0,0.9978121033241266,0.9999999999999999,True
rs-primary-local,59000,1750,1750,1.0,0.997809608347755,1.0,True
rs-primary-local,59500,1755,1755,1.0,0.9978158351496802,0.9999999999999998,True
rs-primary-local,60000,1753,1753,1.0,0.9978133486820894,0.9999999999999999,True
rs-primary-local,60500,1753,1753,1.0,0.9978133486820894,0.9999999999999999,True
rs-primary-local,61000,1751,1751,1.0,0.9978108565468244,1.0,True
rs-primary-local,61500,1751,1751,1.0,0.9978108565468244,1.0,True
rs-primary-local,62000,1755,1755,1.0,0.9978158351496802,0.9999999999999998,True
rs-primary-local,62500,1753,1753,1.0,0.9978133486820894,0.9999999999999999,True
rs-primary-local,63000,1753,1753,1.0,0.9978133486820894,0.9999999999999999,True
rs-primary-local,63500,1755,1755,1.0,0.9978158351496802,0.9999999999999998,True
rs-primary-local,64000,1751,1751,1.0,0.9978108565468244,1.0,True
rs-primary-local,64500,1751,1751,1.0,0.9978108565468244,1.0,True
rs-primary-local,65000,1751,1751,1.0,0.9978108565468244,1.0,True
rs-primary-local,65500,1750,1750,1.0,0.997809608347755,1.0,True
rs-primary-local,66000,1754,1754,1.0,0.997814592623135,0.9999999999999998,True
rs-primary-local,66500,1753,1753,1.0,0.9978133486820894,0.9999999999999999,True
rs-primary-local,67000,1756,1756,1.0,0.9978170762641365,1.0,True
rs-primary-local,67500,1752,1752,1.0,0.9978121033241266,0.9999999999999999,True
rs-primary-local,68000,1751,1751,1.0,0.9978108565468244,1.0,True
rs-primary-local,68500,1753,1753,1.0,0.9978133486820894,0.9999999999999999,True
rs-primary-local,69000,1751,1751,1.0,0.9978108565468244,1.0,True
rs-primary-local,69500,1752,1752,1.0,0.9978121033241266,0.9999999999999999,True
rs-primary-local,70000,1754,1754,1.0,0.997814592623135,0.9999999999999998,True
rs-primary-local,70500,1752,1752,1.0,0.9978121033241266,0.9999999999999999,True
rs-primary-local,71000,1750,1750,1.0,0.997809608347755,1.0,True
rs-primary-local,71500,1750,1750,1.0,0.997809608347755,1.0,True
rs-primary-local,72000,1749,1749,1.0,0.9978083587244848,1.0,True
rs-primary-local,72500,1749,1749,1.0,0.9978083587244848,1.0,True
rs-primary-local,73000,1751,1751,1.0,0.9978108565468244,1.0,True
rs-primary-local,73500,1754,1754,1.0,0.997814592623135,0.9999999999999998,True
rs-primary-local,74000,1756,1756,1.0,0.9978170762641365,1.0,True
rs-primary-local,74500,1754,1754,1.0,0.997814592623135,0.9999999999999998,True
rs-primary-local,75000,1757,1757,1.0,0.9978183159689094,1.0,True
rs-primary-local,75500,1755,1755,1.0,0.9978158351496802,0.9999999999999998,True
rs-primary-local,76000,1750,1750,1.0,0.997809608347755,1.0,True
rs-primary-local,76500,1751,1751,1.0,0.9978108565468244,1.0,True
rs-primary-local,77000,1751,1751,1.0,0.9978108565468244,1.0,True
rs-primary-local,77500,1756,1756,1.0,0.9978170762641365,1.0,True
rs-primary-local,78000,1754,1754,1.0,0.997814592623135,0.9999999999999998,True
rs-primary-local,78500,1755,1755,1.0,0.9978158351496802,0.9999999999999998,True
rs-primary-local,79000,1756,1756,1.0,0.9978170762641365,1.0,True
rs-primary-local,79500,1754,1754,1.0,0.997814592623135,0.9999999999999998,True
rs-primary-local,80000,1752,1752,1.0,0.9978121033241266,0.9999999999999999,True
rs-primary-local,80500,1752,1752,1.0,0.9978121033241266,0.9999999999999999,True
rs-primary-local,81000,1753,1753,1.0,0.9978133486820894,0.9999999999999999,True
rs-primary-local,81500,1750,1750,1.0,0.997809608347755,1.0,True
rs-primary-local,82000,1751,1751,1.0,0.9978108565468244,1.0,True
rs-primary-local,82500,1749,1749,1.0,0.9978083587244848,1.0,True
rs-primary-local,83000,1747,1747,1.0,0.9978058551955814,1.0,True
rs-primary-local,83500,1749,1749,1.0,0.9978083587244848,1.0,True
rs-primary-local,84000,1749,1749,1.0,0.9978083587244848,1.0,True
rs-primary-local,84500,1747,1747,1.0,0.9978058551955814,1.0,True
rs-primary-local,85000,1750,1750,1.0,0.997809608347755,1.0,True
rs-primary-local,85500,1748,1748,1.0,0.9978071076745751,1.0,True
rs-primary-local,86000,1748,1748,1.0,0.9978071076745751,1.0,True
rs-primary-local,86500,1748,1748,1.0,0.9978071076745751,1.0,True
rs-primary-local,87000,1747,1747,1.0,0.9978058551955814,1.0,True
rs-primary-local,87500,1745,1745,1.0,0.9978033459405357,0.9999999999999999,True
rs-primary-local,88000,1748,1748,1.0,0.9978071076745751,1.0,True
rs-primary-local,88500,1747,1747,1.0,0.9978058551955814,1.0,True
rs-primary-local,89000,1746,1746,1.0,0.9978046012850535,1.0,True
rs-primary-local,89500,1746,1746,1.0,0.9978046012850535,1.0,True
rs-primary-local,90000,1746,1746,1.0,0.9978046012850535,1.0,True
rs-primary-local,90500,1746,1746,1.0,0.9978046012850535,1.0,True
rs-primary-local,91000,1746,1746,1.0,0.9978046012850535,1.0,True
rs-primary-local,91500,1746,1746,1.0,0.9978046012850535,1.0,True
rs-primary-local,92000,1745,1745,1.0,0.9978033459405357,0.9999999999999999,True
rs-primary-local,92500,1745,1745,1.0,0.9978033459405357,0.9999999999999999,True
rs-primary-local,93000,1744,1744,1.0,0.997802089159567,1.0,True
rs-primary-local,93500,1743,1743,1.0,0.9978008309396798,0.9999999999999998,True
rs-primary-local,94000,1742,1742,1.0,0.9977995712784021,0.9999999999999999,True
rs-primary-local,94500,1742,1742,1.0,0.9977995712784021,0.9999999999999999,True
rs-primary-local,95000,1636,1636,1.0,0.9976573347084254,1.0,True
rs-primary-local,95500,1512,1512,1.0,0.9974656982629321,1.0,True
rs-primary-local,96000,1463,1463,1.0,0.9973810396432717,1.0,True
rs-primary-local,96500,1410,1410,1.0,0.9972828639361013,0.9999999999999998,True
rs-primary-local,97000,1356,1356,1.0,0.9971749650841687,1.0,True
rs-primary-local,97500,1292,1292,1.0,0.997035440134041,0.9999999999999999,True
rs-primary-local,98000,1231,1231,1.0,0.9968889936976532,0.9999999999999999,True
rs-primary-local,98500,1173,1173,1.0,0.9967356694392858,1.0,True
rs-primary-local,99000,1076,1076,1.0,0.9964424411876704,1.0,True
rs-primary-local,99500,968,968,1.0,0.9960470924479874,1.0,True
rs-primary-local,100000,714,714,1.0,0.99464840154151,1.0,True
rs-primary-local,100500,621,621,1.0,0.9938518818209289,1.0,True
rs-primary-local,101000,566,566,1.0,0.9932584774435562,1.0,True
rs-primary-local,101500,496,496,1.0,0.9923143651908927,1.0,True
rs-primary-local,102000,446,446,1.0,0.9914601050680949,0.9999999999999998,True
rs-primary-local,102500,358,359,0.9972144846796658,0.9843922812850854,0.9995081314570038,True
rs-primary-local,103000,301,301,1.0,0.9873980454111251,1.0,True
rs-primary-local,103500,222,222,1.0,0.9829898477516985,1.0,True
rs-primary-local,106500,1,1,1.0,0.20654329147389294,1.0,False
rs-secondary-causal-local,0,1104,2015,0.5478908188585608,0.5260888075731793,0.5695105698123473,True
rs-secondary-causal-local,500,1761,1779,0.9898819561551433,0.9840623834282429,0.9935903704675602,True
rs-secondary-causal-local,1000,1767,1767,1.0,0.9978306360094543,0.9999999999999999,True
rs-secondary-causal-local,1500,1782,1782,1.0,0.997848857367865,1.0,True
rs-secondary-causal-local,2000,1772,1772,1.0,0.9978367439978879,0.9999999999999998,True
rs-secondary-causal-local,2500,1765,1765,1.0,0.9978281831453988,1.0,True
rs-secondary-causal-local,3000,1766,1766,1.0,0.9978294102703881,1.0,True
rs-secondary-causal-local,3500,1766,1766,1.0,0.9978294102703881,1.0,True
rs-secondary-causal-local,4000,1766,1766,1.0,0.9978294102703881,1.0,True
rs-secondary-causal-local,4500,1767,1767,1.0,0.9978306360094543,0.9999999999999999,True
rs-secondary-causal-local,5000,1763,1763,1.0,0.9978257247282382,0.9999999999999999,True
rs-secondary-causal-local,5500,1765,1765,1.0,0.9978281831453988,1.0,True
rs-secondary-causal-local,6000,1766,1766,1.0,0.9978294102703881,1.0,True
rs-secondary-causal-local,6500,1765,1765,1.0,0.9978281831453988,1.0,True
rs-secondary-causal-local,7000,1766,1766,1.0,0.9978294102703881,1.0,True
rs-secondary-causal-local,7500,1764,1764,1.0,0.9978269546321344,0.9999999999999999,True
rs-secondary-causal-local,8000,1763,1763,1.0,0.9978257247282382,0.9999999999999999,True
rs-secondary-causal-local,8500,1761,1761,1.0,0.9978232607390941,1.0,True
rs-secondary-causal-local,9000,1759,1759,1.0,0.9978207911590014,0.9999999999999998,True
rs-secondary-causal-local,9500,1757,1757,1.0,0.9978183159689094,1.0,True
rs-secondary-causal-local,10000,1758,1758,1.0,0.9978195542663996,1.0,True
rs-secondary-causal-local,10500,1755,1755,1.0,0.9978158351496802,0.9999999999999998,True
rs-secondary-causal-local,11000,1755,1755,1.0,0.9978158351496802,0.9999999999999998,True
rs-secondary-causal-local,11500,1757,1757,1.0,0.9978183159689094,1.0,True
rs-secondary-causal-local,12000,1755,1755,1.0,0.9978158351496802,0.9999999999999998,True
rs-secondary-causal-local,12500,1757,1757,1.0,0.9978183159689094,1.0,True
rs-secondary-causal-local,13000,1757,1757,1.0,0.9978183159689094,1.0,True
rs-secondary-causal-local,13500,1755,1755,1.0,0.9978158351496802,0.9999999999999998,True
rs-secondary-causal-local,14000,1757,1757,1.0,0.9978183159689094,1.0,True
rs-secondary-causal-local,14500,1757,1757,1.0,0.9978183159689094,1.0,True
rs-secondary-causal-local,15000,1755,1755,1.0,0.9978158351496802,0.9999999999999998,True
rs-secondary-causal-local,15500,1754,1754,1.0,0.997814592623135,0.9999999999999998,True
rs-secondary-causal-local,16000,1755,1755,1.0,0.9978158351496802,0.9999999999999998,True
rs-secondary-causal-local,16500,1760,1760,1.0,0.9978220266491049,1.0,True
rs-secondary-causal-local,17000,1760,1760,1.0,0.9978220266491049,1.0,True
rs-secondary-causal-local,17500,1761,1761,1.0,0.9978232607390941,1.0,True
rs-secondary-causal-local,18000,1760,1760,1.0,0.9978220266491049,1.0,True
rs-secondary-causal-local,18500,1758,1758,1.0,0.9978195542663996,1.0,True
rs-secondary-causal-local,19000,1758,1758,1.0,0.9978195542663996,1.0,True
rs-secondary-causal-local,19500,1757,1757,1.0,0.9978183159689094,1.0,True
rs-secondary-causal-local,20000,1754,1754,1.0,0.997814592623135,0.9999999999999998,True
rs-secondary-causal-local,20500,1755,1755,1.0,0.9978158351496802,0.9999999999999998,True
rs-secondary-causal-local,21000,1754,1754,1.0,0.997814592623135,0.9999999999999998,True
rs-secondary-causal-local,21500,1757,1757,1.0,0.9978183159689094,1.0,True
rs-secondary-causal-local,22000,1757,1757,1.0,0.9978183159689094,1.0,True
rs-secondary-causal-local,22500,1759,1759,1.0,0.9978207911590014,0.9999999999999998,True
rs-secondary-causal-local,23000,1757,1757,1.0,0.9978183159689094,1.0,True
rs-secondary-causal-local,23500,1754,1754,1.0,0.997814592623135,0.9999999999999998,True
rs-secondary-causal-local,24000,1760,1760,1.0,0.9978220266491049,1.0,True
rs-secondary-causal-local,24500,1756,1756,1.0,0.9978170762641365,1.0,True
rs-secondary-causal-local,25000,1756,1756,1.0,0.9978170762641365,1.0,True
rs-secondary-causal-local,25500,1755,1755,1.0,0.9978158351496802,0.9999999999999998,True
rs-secondary-causal-local,26000,1756,1756,1.0,0.9978170762641365,1.0,True
rs-secondary-causal-local,26500,1754,1754,1.0,0.997814592623135,0.9999999999999998,True
rs-secondary-causal-local,27000,1752,1752,1.0,0.9978121033241266,0.9999999999999999,True
rs-secondary-causal-local,27500,1752,1752,1.0,0.9978121033241266,0.9999999999999999,True
rs-secondary-causal-local,28000,1752,1752,1.0,0.9978121033241266,0.9999999999999999,True
rs-secondary-causal-local,28500,1752,1752,1.0,0.9978121033241266,0.9999999999999999,True
rs-secondary-causal-local,29000,1751,1751,1.0,0.9978108565468244,1.0,True
rs-secondary-causal-local,29500,1753,1753,1.0,0.9978133486820894,0.9999999999999999,True
rs-secondary-causal-local,30000,1752,1752,1.0,0.9978121033241266,0.9999999999999999,True
rs-secondary-causal-local,30500,1752,1752,1.0,0.9978121033241266,0.9999999999999999,True
rs-secondary-causal-local,31000,1752,1752,1.0,0.9978121033241266,0.9999999999999999,True
rs-secondary-causal-local,31500,1752,1752,1.0,0.9978121033241266,0.9999999999999999,True
rs-secondary-causal-local,32000,1752,1752,1.0,0.9978121033241266,0.9999999999999999,True
rs-secondary-causal-local,32500,1752,1752,1.0,0.9978121033241266,0.9999999999999999,True
rs-secondary-causal-local,33000,1751,1751,1.0,0.9978108565468244,1.0,True
rs-secondary-causal-local,33500,1753,1753,1.0,0.9978133486820894,0.9999999999999999,True
rs-secondary-causal-local,34000,1751,1751,1.0,0.9978108565468244,1.0,True
rs-secondary-causal-local,34500,1753,1753,1.0,0.9978133486820894,0.9999999999999999,True
rs-secondary-causal-local,35000,1752,1752,1.0,0.9978121033241266,0.9999999999999999,True
rs-secondary-causal-local,35500,1752,1752,1.0,0.9978121033241266,0.9999999999999999,True
rs-secondary-causal-local,36000,1752,1752,1.0,0.9978121033241266,0.9999999999999999,True
rs-secondary-causal-local,36500,1751,1751,1.0,0.9978108565468244,1.0,True
rs-secondary-causal-local,37000,1753,1753,1.0,0.9978133486820894,0.9999999999999999,True
rs-secondary-causal-local,37500,1752,1752,1.0,0.9978121033241266,0.9999999999999999,True
rs-secondary-causal-local,38000,1752,1752,1.0,0.9978121033241266,0.9999999999999999,True
rs-secondary-causal-local,38500,1750,1750,1.0,0.997809608347755,1.0,True
rs-secondary-causal-local,39000,1754,1754,1.0,0.997814592623135,0.9999999999999998,True
rs-secondary-causal-local,39500,1752,1752,1.0,0.9978121033241266,0.9999999999999999,True
rs-secondary-causal-local,40000,1752,1752,1.0,0.9978121033241266,0.9999999999999999,True
rs-secondary-causal-local,40500,1752,1752,1.0,0.9978121033241266,0.9999999999999999,True
rs-secondary-causal-local,41000,1753,1753,1.0,0.9978133486820894,0.9999999999999999,True
rs-secondary-causal-local,41500,1753,1753,1.0,0.9978133486820894,0.9999999999999999,True
rs-secondary-causal-local,42000,1755,1755,1.0,0.9978158351496802,0.9999999999999998,True
rs-secondary-causal-local,42500,1756,1756,1.0,0.9978170762641365,1.0,True
rs-secondary-causal-local,43000,1755,1755,1.0,0.9978158351496802,0.9999999999999998,True
rs-secondary-causal-local,43500,1756,1756,1.0,0.9978170762641365,1.0,True
rs-secondary-causal-local,44000,1755,1755,1.0,0.9978158351496802,0.9999999999999998,True
rs-secondary-causal-local,44500,1755,1755,1.0,0.9978158351496802,0.9999999999999998,True
rs-secondary-causal-local,45000,1756,1756,1.0,0.9978170762641365,1.0,True
rs-secondary-causal-local,45500,1756,1756,1.0,0.9978170762641365,1.0,True
rs-secondary-causal-local,46000,1755,1755,1.0,0.9978158351496802,0.9999999999999998,True
rs-secondary-causal-local,46500,1756,1756,1.0,0.9978170762641365,1.0,True
rs-secondary-causal-local,47000,1754,1754,1.0,0.997814592623135,0.9999999999999998,True
rs-secondary-causal-local,47500,1754,1754,1.0,0.997814592623135,0.9999999999999998,True
rs-secondary-causal-local,48000,1752,1752,1.0,0.9978121033241266,0.9999999999999999,True
rs-secondary-causal-local,48500,1752,1752,1.0,0.9978121033241266,0.9999999999999999,True
rs-secondary-causal-local,49000,1752,1752,1.0,0.9978121033241266,0.9999999999999999,True
rs-secondary-causal-local,49500,1752,1752,1.0,0.9978121033241266,0.9999999999999999,True
rs-secondary-causal-local,50000,1752,1752,1.0,0.9978121033241266,0.9999999999999999,True
rs-secondary-causal-local,50500,1752,1752,1.0,0.9978121033241266,0.9999999999999999,True
rs-secondary-causal-local,51000,1751,1751,1.0,0.9978108565468244,1.0,True
rs-secondary-causal-local,51500,1751,1751,1.0,0.9978108565468244,1.0,True
rs-secondary-causal-local,52000,1751,1751,1.0,0.9978108565468244,1.0,True
rs-secondary-causal-local,52500,1752,1752,1.0,0.9978121033241266,0.9999999999999999,True
rs-secondary-causal-local,53000,1754,1754,1.0,0.997814592623135,0.9999999999999998,True
rs-secondary-causal-local,53500,1754,1754,1.0,0.997814592623135,0.9999999999999998,True
rs-secondary-causal-local,54000,1754,1754,1.0,0.997814592623135,0.9999999999999998,True
rs-secondary-causal-local,54500,1754,1754,1.0,0.997814592623135,0.9999999999999998,True
rs-secondary-causal-local,55000,1754,1754,1.0,0.997814592623135,0.9999999999999998,True
rs-secondary-causal-local,55500,1754,1754,1.0,0.997814592623135,0.9999999999999998,True
rs-secondary-causal-local,56000,1754,1754,1.0,0.997814592623135,0.9999999999999998,True
rs-secondary-causal-local,56500,1756,1756,1.0,0.9978170762641365,1.0,True
rs-secondary-causal-local,57000,1756,1756,1.0,0.9978170762641365,1.0,True
rs-secondary-causal-local,57500,1754,1754,1.0,0.997814592623135,0.9999999999999998,True
rs-secondary-causal-local,58000,1755,1755,1.0,0.9978158351496802,0.9999999999999998,True
rs-secondary-causal-local,58500,1754,1754,1.0,0.997814592623135,0.9999999999999998,True
rs-secondary-causal-local,59000,1755,1755,1.0,0.9978158351496802,0.9999999999999998,True
rs-secondary-causal-local,59500,1754,1754,1.0,0.997814592623135,0.9999999999999998,True
rs-secondary-causal-local,60000,1755,1755,1.0,0.9978158351496802,0.9999999999999998,True
rs-secondary-causal-local,60500,1755,1755,1.0,0.9978158351496802,0.9999999999999998,True
rs-secondary-causal-local,61000,1754,1754,1.0,0.997814592623135,0.9999999999999998,True
rs-secondary-causal-local,61500,1755,1755,1.0,0.9978158351496802,0.9999999999999998,True
rs-secondary-causal-local,62000,1754,1754,1.0,0.997814592623135,0.9999999999999998,True
rs-secondary-causal-local,62500,1755,1755,1.0,0.9978158351496802,0.9999999999999998,True
rs-secondary-causal-local,63000,1755,1755,1.0,0.9978158351496802,0.9999999999999998,True
rs-secondary-causal-local,63500,1754,1754,1.0,0.997814592623135,0.9999999999999998,True
rs-secondary-causal-local,64000,1755,1755,1.0,0.9978158351496802,0.9999999999999998,True
rs-secondary-causal-local,64500,1754,1754,1.0,0.997814592623135,0.9999999999999998,True
rs-secondary-causal-local,65000,1755,1755,1.0,0.9978158351496802,0.9999999999999998,True
rs-secondary-causal-local,65500,1754,1754,1.0,0.997814592623135,0.9999999999999998,True
rs-secondary-causal-local,66000,1755,1755,1.0,0.9978158351496802,0.9999999999999998,True
rs-secondary-causal-local,66500,1755,1755,1.0,0.9978158351496802,0.9999999999999998,True
rs-secondary-causal-local,67000,1754,1754,1.0,0.997814592623135,0.9999999999999998,True
rs-secondary-causal-local,67500,1755,1755,1.0,0.9978158351496802,0.9999999999999998,True
rs-secondary-causal-local,68000,1754,1754,1.0,0.997814592623135,0.9999999999999998,True
rs-secondary-causal-local,68500,1755,1755,1.0,0.9978158351496802,0.9999999999999998,True
rs-secondary-causal-local,69000,1754,1754,1.0,0.997814592623135,0.9999999999999998,True
rs-secondary-causal-local,69500,1755,1755,1.0,0.9978158351496802,0.9999999999999998,True
rs-secondary-causal-local,70000,1754,1754,1.0,0.997814592623135,0.9999999999999998,True
rs-secondary-causal-local,70500,1755,1755,1.0,0.9978158351496802,0.9999999999999998,True
rs-secondary-causal-local,71000,1754,1754,1.0,0.997814592623135,0.9999999999999998,True
rs-secondary-causal-local,71500,1754,1754,1.0,0.997814592623135,0.9999999999999998,True
rs-secondary-causal-local,72000,1752,1752,1.0,0.9978121033241266,0.9999999999999999,True
rs-secondary-causal-local,72500,1752,1752,1.0,0.9978121033241266,0.9999999999999999,True
rs-secondary-causal-local,73000,1752,1752,1.0,0.9978121033241266,0.9999999999999999,True
rs-secondary-causal-local,73500,1752,1752,1.0,0.9978121033241266,0.9999999999999999,True
rs-secondary-causal-local,74000,1752,1752,1.0,0.9978121033241266,0.9999999999999999,True
rs-secondary-causal-local,74500,1752,1752,1.0,0.9978121033241266,0.9999999999999999,True
rs-secondary-causal-local,75000,1752,1752,1.0,0.9978121033241266,0.9999999999999999,True
rs-secondary-causal-local,75500,1752,1752,1.0,0.9978121033241266,0.9999999999999999,True
rs-secondary-causal-local,76000,1752,1752,1.0,0.9978121033241266,0.9999999999999999,True
rs-secondary-causal-local,76500,1752,1752,1.0,0.9978121033241266,0.9999999999999999,True
rs-secondary-causal-local,77000,1753,1753,1.0,0.9978133486820894,0.9999999999999999,True
rs-secondary-causal-local,77500,1754,1754,1.0,0.997814592623135,0.9999999999999998,True
rs-secondary-causal-local,78000,1755,1755,1.0,0.9978158351496802,0.9999999999999998,True
rs-secondary-causal-local,78500,1755,1755,1.0,0.9978158351496802,0.9999999999999998,True
rs-secondary-causal-local,79000,1755,1755,1.0,0.9978158351496802,0.9999999999999998,True
rs-secondary-causal-local,79500,1755,1755,1.0,0.9978158351496802,0.9999999999999998,True
rs-secondary-causal-local,80000,1756,1756,1.0,0.9978170762641365,1.0,True
rs-secondary-causal-local,80500,1755,1755,1.0,0.9978158351496802,0.9999999999999998,True
rs-secondary-causal-local,81000,1755,1755,1.0,0.9978158351496802,0.9999999999999998,True
rs-secondary-causal-local,81500,1754,1754,1.0,0.997814592623135,0.9999999999999998,True
rs-secondary-causal-local,82000,1753,1753,1.0,0.9978133486820894,0.9999999999999999,True
rs-secondary-causal-local,82500,1754,1754,1.0,0.997814592623135,0.9999999999999998,True
rs-secondary-causal-local,83000,1752,1752,1.0,0.9978121033241266,0.9999999999999999,True
rs-secondary-causal-local,83500,1753,1753,1.0,0.9978133486820894,0.9999999999999999,True
rs-secondary-causal-local,84000,1752,1752,1.0,0.9978121033241266,0.9999999999999999,True
rs-secondary-causal-local,84500,1752,1752,1.0,0.9978121033241266,0.9999999999999999,True
rs-secondary-causal-local,85000,1753,1753,1.0,0.9978133486820894,0.9999999999999999,True
rs-secondary-causal-local,85500,1752,1752,1.0,0.9978121033241266,0.9999999999999999,True
rs-secondary-causal-local,86000,1753,1753,1.0,0.9978133486820894,0.9999999999999999,True
rs-secondary-causal-local,86500,1750,1750,1.0,0.997809608347755,1.0,True
rs-secondary-causal-local,87000,1752,1752,1.0,0.9978121033241266,0.9999999999999999,True
rs-secondary-causal-local,87500,1751,1751,1.0,0.9978108565468244,1.0,True
rs-secondary-causal-local,88000,1752,1752,1.0,0.9978121033241266,0.9999999999999999,True
rs-secondary-causal-local,88500,1751,1751,1.0,0.9978108565468244,1.0,True
rs-secondary-causal-local,89000,1752,1752,1.0,0.9978121033241266,0.9999999999999999,True
rs-secondary-causal-local,89500,1752,1752,1.0,0.9978121033241266,0.9999999999999999,True
rs-secondary-causal-local,90000,1751,1751,1.0,0.9978108565468244,1.0,True
rs-secondary-causal-local,90500,1749,1749,1.0,0.9978083587244848,1.0,True
rs-secondary-causal-local,91000,1749,1749,1.0,0.9978083587244848,1.0,True
rs-secondary-causal-local,91500,1748,1748,1.0,0.9978071076745751,1.0,True
rs-secondary-causal-local,92000,1748,1748,1.0,0.9978071076745751,1.0,True
rs-secondary-causal-local,92500,1748,1748,1.0,0.9978071076745751,1.0,True
rs-secondary-causal-local,93000,1748,1748,1.0,0.9978071076745751,1.0,True
rs-secondary-causal-local,93500,1747,1747,1.0,0.9978058551955814,1.0,True
rs-secondary-causal-local,94000,1747,1747,1.0,0.9978058551955814,1.0,True
rs-secondary-causal-local,94500,1745,1745,1.0,0.9978033459405357,0.9999999999999999,True
rs-secondary-causal-local,95000,1744,1744,1.0,0.997802089159567,1.0,True
rs-secondary-causal-local,95500,1597,1597,1.0,0.9976002622620501,1.0,True
rs-secondary-causal-local,96000,1431,1431,1.0,0.9973226312925411,0.9999999999999999,True
rs-secondary-causal-local,96500,1382,1382,1.0,0.9972279660244,1.0,True
rs-secondary-causal-local,97000,1302,1302,1.0,0.9970581424270756,1.0,True
rs-secondary-causal-local,97500,1248,1248,1.0,0.9969312411410516,0.9999999999999998,True
rs-secondary-causal-local,98000,1184,1184,1.0,0.9967658987528302,0.9999999999999999,True
rs-secondary-causal-local,98500,1131,1131,1.0,0.9966148579678432,0.9999999999999999,True
rs-secondary-causal-local,99000,1061,1061,1.0,0.9963923272719621,0.9999999999999998,True
rs-secondary-causal-local,99500,986,986,1.0,0.9961189749955953,1.0,True
rs-secondary-causal-local,100000,722,722,1.0,0.9947073851925818,0.9999999999999998,True
rs-secondary-causal-local,100500,669,669,1.0,0.9942904838226413,1.0,True
rs-secondary-causal-local,101000,618,618,1.0,0.99382222096431,1.0,True
rs-secondary-causal-local,101500,559,559,1.0,0.9931746338579097,1.0,True
rs-secondary-causal-local,102000,482,482,1.0,0.9920928961208757,1.0,True
rs-secondary-causal-local,102500,407,407,1.0,0.9906494376421472,0.9999999999999999,True
rs-secondary-causal-local,103000,336,336,1.0,0.9886959100945851,0.9999999999999998,True
rs-secondary-causal-local,103500,284,284,1.0,0.9866537706849879,1.0,True
rs-secondary-causal-local,110500,1,1,1.0,0.20654329147389294,1.0,False
rs-secondary-causal-majority,0,403,2259,0.1783975210270031,0.16315960430749374,0.19472739936081426,True
rs-secondary-causal-majority,500,1334,1352,0.9866863905325444,0.9790526949355174,0.991562161549193,True
rs-secondary-causal-majority,1000,15,15,1.0,0.7961107336956521,1.0,False
rs-secondary-causal-majority,1500,3,3,1.0,0.43849391955098227,1.0,False
rs-secondary-causal-majority,4000,2,2,1.0,0.34237195288961925,1.0,False
rs-secondary-causal-majority,4500,45,45,1.0,0.9213457380593594,1.0,True
rs-secondary-causal-majority,5000,111,111,1.0,0.9665487070887205,1.0,True
rs-secondary-causal-majority,5500,130,130,1.0,0.9712974142568529,1.0,True
rs-secondary-causal-majority,6000,93,93,1.0,0.9603310973796383,0.9999999999999999,True
rs-secondary-causal-majority,6500,53,53,1.0,0.9324156955469234,1.0,True
rs-secondary-causal-majority,7000,43,43,1.0,0.9179874299767729,1.0,True
rs-secondary-causal-majority,7500,47,47,1.0,0.9244398288016114,1.0,True
rs-secondary-causal-majority,8000,359,359,1.0,0.9894124598722969,1.0,True
rs-secondary-causal-majority,8500,2181,2181,1.0,0.9982417031971563,1.0,True
rs-secondary-causal-majority,9000,3867,3867,1.0,0.9990075543261704,1.0,True
rs-secondary-causal-majority,9500,4010,4010,1.0,0.9990429119076348,1.0,True
rs-secondary-causal-majority,10000,4076,4076,1.0,0.9990583948161125,1.0,True
rs-secondary-causal-majority,10500,4080,4080,1.0,0.9990593170900655,1.0,True
rs-secondary-causal-majority,11000,3724,3724,1.0,0.9989694841111274,1.0,True
rs-secondary-causal-majority,11500,2822,2822,1.0,0.998640546589731,1.0,True
rs-secondary-causal-majority,12000,2009,2009,1.0,0.998091454389655,1.0,True
rs-secondary-causal-majority,12500,2627,2627,1.0,0.9985397828588389,1.0,True
rs-secondary-causal-majority,13000,3088,3088,1.0,0.998757504265419,0.9999999999999999,True
rs-secondary-causal-majority,13500,3059,3059,1.0,0.9987457399037549,1.0,True
rs-secondary-causal-majority,14000,3142,3142,1.0,0.998778832348075,0.9999999999999999,True
rs-secondary-causal-majority,14500,3200,3200,1.0,0.9988009394721638,1.0,True
rs-secondary-causal-majority,15000,3172,3172,1.0,0.9987903678823276,1.0,True
rs-secondary-causal-majority,15500,3212,3212,1.0,0.9988054137989881,1.0,True
rs-secondary-causal-majority,16000,3109,3109,1.0,0.9987658864492173,1.0,True
rs-secondary-causal-majority,16500,2920,2920,1.0,0.9986861121341185,1.0,True
rs-secondary-causal-majority,17000,2457,2457,1.0,0.9984389080548703,1.0,True
rs-secondary-causal-majority,17500,2055,2055,1.0,0.9981340963773028,1.0,True
rs-secondary-causal-majority,18000,1881,1881,1.0,0.9979618446451947,1.0,True
rs-secondary-causal-majority,18500,1844,1844,1.0,0.99792103392412,1.0,True
rs-secondary-causal-majority,19000,1812,1812,1.0,0.9978843969650214,0.9999999999999999,True
rs-secondary-causal-majority,19500,1804,1804,1.0,0.9978750350694443,1.0,True
rs-secondary-causal-majority,20000,1777,1777,1.0,0.9978428176879967,1.0,True
rs-secondary-causal-majority,20500,1771,1771,1.0,0.9978355251533434,1.0,True
rs-secondary-causal-majority,21000,1769,1769,1.0,0.9978330833391995,1.0,True
rs-secondary-causal-majority,21500,1767,1767,1.0,0.9978306360094543,0.9999999999999999,True
rs-secondary-causal-majority,22000,1762,1762,1.0,0.9978244934313475,1.0,True
rs-secondary-causal-majority,22500,1759,1759,1.0,0.9978207911590014,0.9999999999999998,True
rs-secondary-causal-majority,23000,1759,1759,1.0,0.9978207911590014,0.9999999999999998,True
rs-secondary-causal-majority,23500,1757,1757,1.0,0.9978183159689094,1.0,True
rs-secondary-causal-majority,24000,1757,1757,1.0,0.9978183159689094,1.0,True
rs-secondary-causal-majority,24500,1757,1757,1.0,0.9978183159689094,1.0,True
rs-secondary-causal-majority,25000,1757,1757,1.0,0.9978183159689094,1.0,True
rs-secondary-causal-majority,25500,1753,1753,1.0,0.9978133486820894,0.9999999999999999,True
rs-secondary-causal-majority,26000,1754,1754,1.0,0.997814592623135,0.9999999999999998,True
rs-secondary-causal-majority,26500,1747,1747,1.0,0.9978058551955814,1.0,True
rs-secondary-causal-majority,27000,1756,1756,1.0,0.9978170762641365,1.0,True
rs-secondary-causal-majority,27500,1756,1756,1.0,0.9978170762641365,1.0,True
rs-secondary-causal-majority,28000,1757,1757,1.0,0.9978183159689094,1.0,True
rs-secondary-causal-majority,28500,1751,1751,1.0,0.9978108565468244,1.0,True
rs-secondary-causal-majority,29000,1752,1752,1.0,0.9978121033241266,0.9999999999999999,True
rs-secondary-causal-majority,29500,1751,1751,1.0,0.9978108565468244,1.0,True
rs-secondary-causal-majority,30000,1749,1749,1.0,0.9978083587244848,1.0,True
rs-secondary-causal-majority,30500,1752,1752,1.0,0.9978121033241266,0.9999999999999999,True
rs-secondary-causal-majority,31000,1752,1752,1.0,0.9978121033241266,0.9999999999999999,True
rs-secondary-causal-majority,31500,1755,1755,1.0,0.9978158351496802,0.9999999999999998,True
rs-secondary-causal-majority,32000,1755,1755,1.0,0.9978158351496802,0.9999999999999998,True
rs-secondary-causal-majority,32500,1755,1755,1.0,0.9978158351496802,0.9999999999999998,True
rs-secondary-causal-majority,33000,1750,1750,1.0,0.997809608347755,1.0,True
rs-secondary-causal-majority,33500,1754,1754,1.0,0.997814592623135,0.9999999999999998,True
rs-secondary-causal-majority,34000,1754,1754,1.0,0.997814592623135,0.9999999999999998,True
rs-secondary-causal-majority,34500,1754,1754,1.0,0.997814592623135,0.9999999999999998,True
rs-secondary-causal-majority,35000,1757,1757,1.0,0.9978183159689094,1.0,True
rs-secondary-causal-majority,35500,1755,1755,1.0,0.9978158351496802,0.9999999999999998,True
rs-secondary-causal-majority,36000,1754,1754,1.0,0.997814592623135,0.9999999999999998,True
rs-secondary-causal-majority,36500,1754,1754,1.0,0.997814592623135,0.9999999999999998,True
rs-secondary-causal-majority,37000,1754,1754,1.0,0.997814592623135,0.9999999999999998,True
rs-secondary-causal-majority,37500,1753,1753,1.0,0.9978133486820894,0.9999999999999999,True
rs-secondary-causal-majority,38000,1754,1754,1.0,0.997814592623135,0.9999999999999998,True
rs-secondary-causal-majority,38500,1752,1752,1.0,0.9978121033241266,0.9999999999999999,True
rs-secondary-causal-majority,39000,1751,1751,1.0,0.9978108565468244,1.0,True
rs-secondary-causal-majority,39500,1751,1751,1.0,0.9978108565468244,1.0,True
rs-secondary-causal-majority,40000,1751,1751,1.0,0.9978108565468244,1.0,True
rs-secondary-causal-majority,40500,1751,1751,1.0,0.9978108565468244,1.0,True
rs-secondary-causal-majority,41000,1751,1751,1.0,0.9978108565468244,1.0,True
rs-secondary-causal-majority,41500,1751,1751,1.0,0.9978108565468244,1.0,True
rs-secondary-causal-majority,42000,1751,1751,1.0,0.9978108565468244,1.0,True
rs-secondary-causal-majority,42500,1751,1751,1.0,0.9978108565468244,1.0,True
rs-secondary-causal-majority,43000,1751,1751,1.0,0.9978108565468244,1.0,True
rs-secondary-causal-majority,43500,1751,1751,1.0,0.9978108565468244,1.0,True
rs-secondary-causal-majority,44000,1751,1751,1.0,0.9978108565468244,1.0,True
rs-secondary-causal-majority,44500,1751,1751,1.0,0.9978108565468244,1.0,True
rs-secondary-causal-majority,45000,1751,1751,1.0,0.9978108565468244,1.0,True
rs-secondary-causal-majority,45500,1751,1751,1.0,0.9978108565468244,1.0,True
rs-secondary-causal-majority,46000,1751,1751,1.0,0.9978108565468244,1.0,True
rs-secondary-causal-majority,46500,1751,1751,1.0,0.9978108565468244,1.0,True
rs-secondary-causal-majority,47000,1751,1751,1.0,0.9978108565468244,1.0,True
rs-secondary-causal-majority,47500,1751,1751,1.0,0.9978108565468244,1.0,True
rs-secondary-causal-majority,48000,1751,1751,1.0,0.9978108565468244,1.0,True
rs-secondary-causal-majority,48500,1751,1751,1.0,0.9978108565468244,1.0,True
rs-secondary-causal-majority,49000,1751,1751,1.0,0.9978108565468244,1.0,True
rs-secondary-causal-majority,49500,1751,1751,1.0,0.9978108565468244,1.0,True
rs-secondary-causal-majority,50000,1751,1751,1.0,0.9978108565468244,1.0,True
rs-secondary-causal-majority,50500,1751,1751,1.0,0.9978108565468244,1.0,True
rs-secondary-causal-majority,51000,1751,1751,1.0,0.9978108565468244,1.0,True
rs-secondary-causal-majority,51500,1751,1751,1.0,0.9978108565468244,1.0,True
rs-secondary-causal-majority,52000,1751,1751,1.0,0.9978108565468244,1.0,True
rs-secondary-causal-majority,52500,1750,1750,1.0,0.997809608347755,1.0,True
rs-secondary-causal-majority,53000,1752,1752,1.0,0.9978121033241266,0.9999999999999999,True
rs-secondary-causal-majority,53500,1750,1750,1.0,0.997809608347755,1.0,True
rs-secondary-causal-majority,54000,1750,1750,1.0,0.997809608347755,1.0,True
rs-secondary-causal-majority,54500,1750,1750,1.0,0.997809608347755,1.0,True
rs-secondary-causal-majority,55000,1750,1750,1.0,0.997809608347755,1.0,True
rs-secondary-causal-majority,55500,1750,1750,1.0,0.997809608347755,1.0,True
rs-secondary-causal-majority,56000,1750,1750,1.0,0.997809608347755,1.0,True
rs-secondary-causal-majority,56500,1750,1750,1.0,0.997809608347755,1.0,True
rs-secondary-causal-majority,57000,1751,1751,1.0,0.9978108565468244,1.0,True
rs-secondary-causal-majority,57500,1752,1752,1.0,0.9978121033241266,0.9999999999999999,True
rs-secondary-causal-majority,58000,1753,1753,1.0,0.9978133486820894,0.9999999999999999,True
rs-secondary-causal-majority,58500,1754,1754,1.0,0.997814592623135,0.9999999999999998,True
rs-secondary-causal-majority,59000,1754,1754,1.0,0.997814592623135,0.9999999999999998,True
rs-secondary-causal-majority,59500,1754,1754,1.0,0.997814592623135,0.9999999999999998,True
rs-secondary-causal-majority,60000,1754,1754,1.0,0.997814592623135,0.9999999999999998,True
rs-secondary-causal-majority,60500,1754,1754,1.0,0.997814592623135,0.9999999999999998,True
rs-secondary-causal-majority,61000,1754,1754,1.0,0.997814592623135,0.9999999999999998,True
rs-secondary-causal-majority,61500,1754,1754,1.0,0.997814592623135,0.9999999999999998,True
rs-secondary-causal-majority,62000,1754,1754,1.0,0.997814592623135,0.9999999999999998,True
rs-secondary-causal-majority,62500,1754,1754,1.0,0.997814592623135,0.9999999999999998,True
rs-secondary-causal-majority,63000,1754,1754,1.0,0.997814592623135,0.9999999999999998,True
rs-secondary-causal-majority,63500,1754,1754,1.0,0.997814592623135,0.9999999999999998,True
rs-secondary-causal-majority,64000,1754,1754,1.0,0.997814592623135,0.9999999999999998,True
rs-secondary-causal-majority,64500,1755,1755,1.0,0.9978158351496802,0.9999999999999998,True
rs-secondary-causal-majority,65000,1757,1757,1.0,0.9978183159689094,1.0,True
rs-secondary-causal-majority,65500,1757,1757,1.0,0.9978183159689094,1.0,True
rs-secondary-causal-majority,66000,1757,1757,1.0,0.9978183159689094,1.0,True
rs-secondary-causal-majority,66500,1757,1757,1.0,0.9978183159689094,1.0,True
rs-secondary-causal-majority,67000,1757,1757,1.0,0.9978183159689094,1.0,True
rs-secondary-causal-majority,67500,1757,1757,1.0,0.9978183159689094,1.0,True
rs-secondary-causal-majority,68000,1757,1757,1.0,0.9978183159689094,1.0,True
rs-secondary-causal-majority,68500,1754,1754,1.0,0.997814592623135,0.9999999999999998,True
rs-secondary-causal-majority,69000,1754,1754,1.0,0.997814592623135,0.9999999999999998,True
rs-secondary-causal-majority,69500,1753,1753,1.0,0.9978133486820894,0.9999999999999999,True
rs-secondary-causal-majority,70000,1753,1753,1.0,0.9978133486820894,0.9999999999999999,True
rs-secondary-causal-majority,70500,1754,1754,1.0,0.997814592623135,0.9999999999999998,True
rs-secondary-causal-majority,71000,1753,1753,1.0,0.9978133486820894,0.9999999999999999,True
rs-secondary-causal-majority,71500,1755,1755,1.0,0.9978158351496802,0.9999999999999998,True
rs-secondary-causal-majority,72000,1755,1755,1.0,0.9978158351496802,0.9999999999999998,True
rs-secondary-causal-majority,72500,1757,1757,1.0,0.9978183159689094,1.0,True
rs-secondary-causal-majority,73000,1756,1756,1.0,0.9978170762641365,1.0,True
rs-secondary-causal-majority,73500,1758,1758,1.0,0.9978195542663996,1.0,True
rs-secondary-causal-majority,74000,1756,1756,1.0,0.9978170762641365,1.0,True
rs-secondary-causal-majority,74500,1757,1757,1.0,0.9978183159689094,1.0,True
rs-secondary-causal-majority,75000,1757,1757,1.0,0.9978183159689094,1.0,True
rs-secondary-causal-majority,75500,1755,1755,1.0,0.9978158351496802,0.9999999999999998,True
rs-secondary-causal-majority,76000,1756,1756,1.0,0.9978170762641365,1.0,True
rs-secondary-causal-majority,76500,1756,1756,1.0,0.9978170762641365,1.0,True
rs-secondary-causal-majority,77000,1756,1756,1.0,0.9978170762641365,1.0,True
rs-secondary-causal-majority,77500,1756,1756,1.0,0.9978170762641365,1.0,True
rs-secondary-causal-majority,78000,1756,1756,1.0,0.9978170762641365,1.0,True
rs-secondary-causal-majority,78500,1756,1756,1.0,0.9978170762641365,1.0,True
rs-secondary-causal-majority,79000,1756,1756,1.0,0.9978170762641365,1.0,True
rs-secondary-causal-majority,79500,1756,1756,1.0,0.9978170762641365,1.0,True
rs-secondary-causal-majority,80000,1756,1756,1.0,0.9978170762641365,1.0,True
rs-secondary-causal-majority,80500,1756,1756,1.0,0.9978170762641365,1.0,True
rs-secondary-causal-majority,81000,1758,1758,1.0,0.9978195542663996,1.0,True
rs-secondary-causal-majority,81500,1759,1759,1.0,0.9978207911590014,0.9999999999999998,True
rs-secondary-causal-majority,82000,1758,1758,1.0,0.9978195542663996,1.0,True
rs-secondary-causal-majority,82500,1759,1759,1.0,0.9978207911590014,0.9999999999999998,True
rs-secondary-causal-majority,83000,1761,1761,1.0,0.9978232607390941,1.0,True
rs-secondary-causal-majority,83500,1760,1760,1.0,0.9978220266491049,1.0,True
rs-secondary-causal-majority,84000,1760,1760,1.0,0.9978220266491049,1.0,True
rs-secondary-causal-majority,84500,1762,1762,1.0,0.9978244934313475,1.0,True
rs-secondary-causal-majority,85000,1757,1757,1.0,0.9978183159689094,1.0,True
rs-secondary-causal-majority,85500,1759,1759,1.0,0.9978207911590014,0.9999999999999998,True
rs-secondary-causal-majority,86000,1758,1758,1.0,0.9978195542663996,1.0,True
rs-secondary-causal-majority,86500,1757,1757,1.0,0.9978183159689094,1.0,True
rs-secondary-causal-majority,87000,1755,1755,1.0,0.9978158351496802,0.9999999999999998,True
rs-secondary-causal-majority,87500,1757,1757,1.0,0.9978183159689094,1.0,True
rs-secondary-causal-majority,88000,1756,1756,1.0,0.9978170762641365,1.0,True
rs-secondary-causal-majority,88500,1755,1755,1.0,0.9978158351496802,0.9999999999999998,True
rs-secondary-causal-majority,89000,1754,1754,1.0,0.997814592623135,0.9999999999999998,True
rs-secondary-causal-majority,89500,1753,1753,1.0,0.9978133486820894,0.9999999999999999,True
rs-secondary-causal-majority,90000,1756,1756,1.0,0.9978170762641365,1.0,True
rs-secondary-causal-majority,90500,1757,1757,1.0,0.9978183159689094,1.0,True
rs-secondary-causal-majority,91000,1760,1760,1.0,0.9978220266491049,1.0,True
rs-secondary-causal-majority,91500,1760,1760,1.0,0.9978220266491049,1.0,True
rs-secondary-causal-majority,92000,1761,1761,1.0,0.9978232607390941,1.0,True
rs-secondary-causal-majority,92500,1759,1759,1.0,0.9978207911590014,0.9999999999999998,True
rs-secondary-causal-majority,93000,1761,1761,1.0,0.9978232607390941,1.0,True
rs-secondary-causal-majority,93500,1757,1757,1.0,0.9978183159689094,1.0,True
rs-secondary-causal-majority,94000,1757,1757,1.0,0.9978183159689094,1.0,True
rs-secondary-causal-majority,94500,1756,1756,1.0,0.9978170762641365,1.0,True
rs-secondary-causal-majority,95000,1750,1750,1.0,0.997809608347755,1.0,True
rs-secondary-causal-majority,95500,1438,1438,1.0,0.9973356296558513,1.0,True
rs-secondary-causal-majority,96000,1407,1407,1.0,0.9972770862441256,1.0,True
rs-secondary-causal-majority,96500,1327,1327,1.0,0.9971134055322586,1.0,True
rs-secondary-causal-majority,97000,1288,1288,1.0,0.9970262608047303,1.0,True
rs-secondary-causal-majority,97500,1220,1220,1.0,0.9968610316890681,0.9999999999999999,True
rs-secondary-causal-majority,98000,1180,1180,1.0,0.9967549712731837,0.9999999999999999,True
rs-secondary-causal-majority,98500,1144,1144,1.0,0.9966531967477046,1.0,True
rs-secondary-causal-majority,99000,1099,1099,1.0,0.9965166348458384,1.0,True
rs-secondary-causal-majority,99500,975,975,1.0,0.9960753609164139,1.0,True
rs-secondary-causal-majority,100000,714,714,1.0,0.99464840154151,1.0,True
rs-secondary-causal-majority,100500,659,659,1.0,0.994204346860547,1.0,True
rs-secondary-causal-majority,101000,622,622,1.0,0.9938617055817318,1.0,True
rs-secondary-causal-majority,101500,560,560,1.0,0.9931867389706612,1.0,True
rs-secondary-causal-majority,102000,521,521,1.0,0.9926804582563578,1.0,True
rs-secondary-causal-majority,102500,431,431,1.0,0.9911655186624281,1.0,True
rs-secondary-causal-majority,103000,394,394,1.0,0.9903438956609868,1.0,True
rs-secondary-causal-majority,103500,295,295,1.0,0.9871450293399581,1.0,True
rs-secondary-local,0,353,1838,0.19205658324265507,0.17469725161702804,0.2107004937699803,True
rs-secondary-local,500,1530,1762,0.8683314415437003,0.8517386173604252,0.8833216507859364,True
rs-secondary-local,1000,1751,1756,0.9971526195899773,0.9933515538477037,0.9987831928249514,True
rs-secondary-local,1500,1760,1762,0.9988649262202043,0.9958706114550693,0.9996886731376144,True
rs-secondary-local,2000,1762,1764,0.9988662131519275,0.9958752822980451,0.9996890261784609,True
rs-secondary-local,2500,1763,1764,0.9994331065759637,0.9967957065994395,0.9998999249548806,True
rs-secondary-local,3000,1763,1763,1.0,0.9978257247282382,0.9999999999999999,True
rs-secondary-local,3500,1764,1764,1.0,0.9978269546321344,0.9999999999999999,True
rs-secondary-local,4000,1764,1764,1.0,0.9978269546321344,0.9999999999999999,True
rs-secondary-local,4500,1762,1762,1.0,0.9978244934313475,1.0,True
rs-secondary-local,5000,1762,1762,1.0,0.9978244934313475,1.0,True
rs-secondary-local,5500,1762,1762,1.0,0.9978244934313475,1.0,True
rs-secondary-local,6000,1764,1764,1.0,0.9978269546321344,0.9999999999999999,True
rs-secondary-local,6500,1763,1763,1.0,0.9978257247282382,0.9999999999999999,True
rs-secondary-local,7000,1764,1764,1.0,0.9978269546321344,0.9999999999999999,True
rs-secondary-local,7500,1764,1764,1.0,0.9978269546321344,0.9999999999999999,True
rs-secondary-local,8000,1766,1766,1.0,0.9978294102703881,1.0,True
rs-secondary-local,8500,1761,1761,1.0,0.9978232607390941,1.0,True
rs-secondary-local,9000,1759,1759,1.0,0.9978207911590014,0.9999999999999998,True
rs-secondary-local,9500,1761,1761,1.0,0.9978232607390941,1.0,True
rs-secondary-local,10000,1759,1759,1.0,0.9978207911590014,0.9999999999999998,True
rs-secondary-local,10500,1758,1758,1.0,0.9978195542663996,1.0,True
rs-secondary-local,11000,1759,1759,1.0,0.9978207911590014,0.9999999999999998,True
rs-secondary-local,11500,1759,1759,1.0,0.9978207911590014,0.9999999999999998,True
rs-secondary-local,12000,1759,1759,1.0,0.9978207911590014,0.9999999999999998,True
rs-secondary-local,12500,1757,1757,1.0,0.9978183159689094,1.0,True
rs-secondary-local,13000,1757,1757,1.0,0.9978183159689094,1.0,True
rs-secondary-local,13500,1759,1759,1.0,0.9978207911590014,0.9999999999999998,True
rs-secondary-local,14000,1759,1759,1.0,0.9978207911590014,0.9999999999999998,True
rs-secondary-local,14500,1758,1758,1.0,0.9978195542663996,1.0,True
rs-secondary-local,15000,1761,1761,1.0,0.9978232607390941,1.0,True
rs-secondary-local,15500,1762,1762,1.0,0.9978244934313475,1.0,True
rs-secondary-local,16000,1763,1763,1.0,0.9978257247282382,0.9999999999999999,True
rs-secondary-local,16500,1762,1762,1.0,0.9978244934313475,1.0,True
rs-secondary-local,17000,1761,1761,1.0,0.9978232607390941,1.0,True
rs-secondary-local,17500,1762,1762,1.0,0.9978244934313475,1.0,True
rs-secondary-local,18000,1763,1763,1.0,0.9978257247282382,0.9999999999999999,True
rs-secondary-local,18500,1762,1762,1.0,0.9978244934313475,1.0,True
rs-secondary-local,19000,1759,1759,1.0,0.9978207911590014,0.9999999999999998,True
rs-secondary-local,19500,1761,1761,1.0,0.9978232607390941,1.0,True
rs-secondary-local,20000,1762,1762,1.0,0.9978244934313475,1.0,True
rs-secondary-local,20500,1761,1761,1.0,0.9978232607390941,1.0,True
rs-secondary-local,21000,1762,1762,1.0,0.9978244934313475,1.0,True
rs-secondary-local,21500,1761,1761,1.0,0.9978232607390941,1.0,True
rs-secondary-local,22000,1762,1762,1.0,0.9978244934313475,1.0,True
rs-secondary-local,22500,1763,1763,1.0,0.9978257247282382,0.9999999999999999,True
rs-secondary-local,23000,1761,1761,1.0,0.9978232607390941,1.0,True
rs-secondary-local,23500,1761,1761,1.0,0.9978232607390941,1.0,True
rs-secondary-local,24000,1760,1760,1.0,0.9978220266491049,1.0,True
rs-secondary-local,24500,1760,1760,1.0,0.9978220266491049,1.0,True
rs-secondary-local,25000,1759,1759,1.0,0.9978207911590014,0.9999999999999998,True
rs-secondary-local,25500,1757,1757,1.0,0.9978183159689094,1.0,True
rs-secondary-local,26000,1756,1756,1.0,0.9978170762641365,1.0,True
rs-secondary-local,26500,1756,1756,1.0,0.9978170762641365,1.0,True
rs-secondary-local,27000,1754,1754,1.0,0.997814592623135,0.9999999999999998,True
rs-secondary-local,27500,1756,1756,1.0,0.9978170762641365,1.0,True
rs-secondary-local,28000,1755,1755,1.0,0.9978158351496802,0.9999999999999998,True
rs-secondary-local,28500,1752,1752,1.0,0.9978121033241266,0.9999999999999999,True
rs-secondary-local,29000,1752,1752,1.0,0.9978121033241266,0.9999999999999999,True
rs-secondary-local,29500,1751,1751,1.0,0.9978108565468244,1.0,True
rs-secondary-local,30000,1751,1751,1.0,0.9978108565468244,1.0,True
rs-secondary-local,30500,1752,1752,1.0,0.9978121033241266,0.9999999999999999,True
rs-secondary-local,31000,1751,1751,1.0,0.9978108565468244,1.0,True
rs-secondary-local,31500,1752,1752,1.0,0.9978121033241266,0.9999999999999999,True
rs-secondary-local,32000,1751,1751,1.0,0.9978108565468244,1.0,True
rs-secondary-local,32500,1751,1751,1.0,0.9978108565468244,1.0,True
rs-secondary-local,33000,1751,1751,1.0,0.9978108565468244,1.0,True
rs-secondary-local,33500,1749,1749,1.0,0.9978083587244848,1.0,True
rs-secondary-local,34000,1750,1750,1.0,0.997809608347755,1.0,True
rs-secondary-local,34500,1749,1749,1.0,0.9978083587244848,1.0,True
rs-secondary-local,35000,1750,1750,1.0,0.997809608347755,1.0,True
rs-secondary-local,35500,1749,1749,1.0,0.9978083587244848,1.0,True
rs-secondary-local,36000,1750,1750,1.0,0.997809608347755,1.0,True
rs-secondary-local,36500,1749,1749,1.0,0.9978083587244848,1.0,True
rs-secondary-local,37000,1752,1752,1.0,0.9978121033241266,0.9999999999999999,True
rs-secondary-local,37500,1751,1751,1.0,0.9978108565468244,1.0,True
rs-secondary-local,38000,1749,1749,1.0,0.9978083587244848,1.0,True
rs-secondary-local,38500,1750,1750,1.0,0.997809608347755,1.0,True
rs-secondary-local,39000,1753,1753,1.0,0.9978133486820894,0.9999999999999999,True
rs-secondary-local,39500,1752,1752,1.0,0.9978121033241266,0.9999999999999999,True
rs-secondary-local,40000,1745,1745,1.0,0.9978033459405357,0.9999999999999999,True
rs-secondary-local,40500,1751,1751,1.0,0.9978108565468244,1.0,True
rs-secondary-local,41000,1755,1755,1.0,0.9978158351496802,0.9999999999999998,True
rs-secondary-local,41500,1751,1751,1.0,0.9978108565468244,1.0,True
rs-secondary-local,42000,1752,1752,1.0,0.9978121033241266,0.9999999999999999,True
rs-secondary-local,42500,1746,1746,1.0,0.9978046012850535,1.0,True
rs-secondary-local,43000,1750,1750,1.0,0.997809608347755,1.0,True
rs-secondary-local,43500,1747,1747,1.0,0.9978058551955814,1.0,True
rs-secondary-local,44000,1748,1748,1.0,0.9978071076745751,1.0,True
rs-secondary-local,44500,1754,1754,1.0,0.997814592623135,0.9999999999999998,True
rs-secondary-local,45000,1751,1751,1.0,0.9978108565468244,1.0,True
rs-secondary-local,45500,1747,1747,1.0,0.9978058551955814,1.0,True
rs-secondary-local,46000,1748,1748,1.0,0.9978071076745751,1.0,True
rs-secondary-local,46500,1751,1751,1.0,0.9978108565468244,1.0,True
rs-secondary-local,47000,1750,1750,1.0,0.997809608347755,1.0,True
rs-secondary-local,47500,1749,1749,1.0,0.9978083587244848,1.0,True
rs-secondary-local,48000,1752,1752,1.0,0.9978121033241266,0.9999999999999999,True
rs-secondary-local,48500,1752,1752,1.0,0.9978121033241266,0.9999999999999999,True
rs-secondary-local,49000,1756,1756,1.0,0.9978170762641365,1.0,True
rs-secondary-local,49500,1756,1756,1.0,0.9978170762641365,1.0,True
rs-secondary-local,50000,1754,1754,1.0,0.997814592623135,0.9999999999999998,True
rs-secondary-local,50500,1756,1756,1.0,0.9978170762641365,1.0,True
rs-secondary-local,51000,1753,1753,1.0,0.9978133486820894,0.9999999999999999,True
rs-secondary-local,51500,1754,1754,1.0,0.997814592623135,0.9999999999999998,True
rs-secondary-local,52000,1753,1753,1.0,0.9978133486820894,0.9999999999999999,True
rs-secondary-local,52500,1756,1756,1.0,0.9978170762641365,1.0,True
rs-secondary-local,53000,1760,1760,1.0,0.9978220266491049,1.0,True
rs-secondary-local,53500,1755,1755,1.0,0.9978158351496802,0.9999999999999998,True
rs-secondary-local,54000,1759,1759,1.0,0.9978207911590014,0.9999999999999998,True
rs-secondary-local,54500,1755,1755,1.0,0.9978158351496802,0.9999999999999998,True
rs-secondary-local,55000,1757,1757,1.0,0.9978183159689094,1.0,True
rs-secondary-local,55500,1756,1756,1.0,0.9978170762641365,1.0,True
rs-secondary-local,56000,1758,1758,1.0,0.9978195542663996,1.0,True
rs-secondary-local,56500,1757,1757,1.0,0.9978183159689094,1.0,True
rs-secondary-local,57000,1758,1758,1.0,0.9978195542663996,1.0,True
rs-secondary-local,57500,1755,1755,1.0,0.9978158351496802,0.9999999999999998,True
rs-secondary-local,58000,1753,1753,1.0,0.9978133486820894,0.9999999999999999,True
rs-secondary-local,58500,1755,1755,1.0,0.9978158351496802,0.9999999999999998,True
rs-secondary-local,59000,1756,1756,1.0,0.9978170762641365,1.0,True
rs-secondary-local,59500,1751,1751,1.0,0.9978108565468244,1.0,True
rs-secondary-local,60000,1753,1753,1.0,0.9978133486820894,0.9999999999999999,True
rs-secondary-local,60500,1752,1752,1.0,0.9978121033241266,0.9999999999999999,True
rs-secondary-local,61000,1753,1753,1.0,0.9978133486820894,0.9999999999999999,True
rs-secondary-local,61500,1749,1749,1.0,0.9978083587244848,1.0,True
rs-secondary-local,62000,1750,1750,1.0,0.997809608347755,1.0,True
rs-secondary-local,62500,1747,1747,1.0,0.9978058551955814,1.0,True
rs-secondary-local,63000,1748,1748,1.0,0.9978071076745751,1.0,True
rs-secondary-local,63500,1749,1749,1.0,0.9978083587244848,1.0,True
rs-secondary-local,64000,1749,1749,1.0,0.9978083587244848,1.0,True
rs-secondary-local,64500,1753,1753,1.0,0.9978133486820894,0.9999999999999999,True
rs-secondary-local,65000,1751,1751,1.0,0.9978108565468244,1.0,True
rs-secondary-local,65500,1753,1753,1.0,0.9978133486820894,0.9999999999999999,True
rs-secondary-local,66000,1750,1750,1.0,0.997809608347755,1.0,True
rs-secondary-local,66500,1749,1749,1.0,0.9978083587244848,1.0,True
rs-secondary-local,67000,1749,1749,1.0,0.9978083587244848,1.0,True
rs-secondary-local,67500,1749,1749,1.0,0.9978083587244848,1.0,True
rs-secondary-local,68000,1749,1749,1.0,0.9978083587244848,1.0,True
rs-secondary-local,68500,1749,1749,1.0,0.9978083587244848,1.0,True
rs-secondary-local,69000,1750,1750,1.0,0.997809608347755,1.0,True
rs-secondary-local,69500,1752,1752,1.0,0.9978121033241266,0.9999999999999999,True
rs-secondary-local,70000,1752,1752,1.0,0.9978121033241266,0.9999999999999999,True
rs-secondary-local,70500,1752,1752,1.0,0.9978121033241266,0.9999999999999999,True
rs-secondary-local,71000,1753,1753,1.0,0.9978133486820894,0.9999999999999999,True
rs-secondary-local,71500,1753,1753,1.0,0.9978133486820894,0.9999999999999999,True
rs-secondary-local,72000,1753,1753,1.0,0.9978133486820894,0.9999999999999999,True
rs-secondary-local,72500,1753,1753,1.0,0.9978133486820894,0.9999999999999999,True
rs-secondary-local,73000,1755,1755,1.0,0.9978158351496802,0.9999999999999998,True
rs-secondary-local,73500,1758,1758,1.0,0.9978195542663996,1.0,True
rs-secondary-local,74000,1755,1755,1.0,0.9978158351496802,0.9999999999999998,True
rs-secondary-local,74500,1757,1757,1.0,0.9978183159689094,1.0,True
rs-secondary-local,75000,1756,1756,1.0,0.9978170762641365,1.0,True
rs-secondary-local,75500,1756,1756,1.0,0.9978170762641365,1.0,True
rs-secondary-local,76000,1756,1756,1.0,0.9978170762641365,1.0,True
rs-secondary-local,76500,1755,1755,1.0,0.9978158351496802,0.9999999999999998,True
rs-secondary-local,77000,1758,1758,1.0,0.9978195542663996,1.0,True
rs-secondary-local,77500,1758,1758,1.0,0.9978195542663996,1.0,True
rs-secondary-local,78000,1760,1760,1.0,0.9978220266491049,1.0,True
rs-secondary-local,78500,1759,1759,1.0,0.9978207911590014,0.9999999999999998,True
rs-secondary-local,79000,1759,1759,1.0,0.9978207911590014,0.9999999999999998,True
rs-secondary-local,79500,1759,1759,1.0,0.9978207911590014,0.9999999999999998,True
rs-secondary-local,80000,1758,1758,1.0,0.9978195542663996,1.0,True
rs-secondary-local,80500,1760,1760,1.0,0.9978220266491049,1.0,True
rs-secondary-local,81000,1760,1760,1.0,0.9978220266491049,1.0,True
rs-secondary-local,81500,1756,1756,1.0,0.9978170762641365,1.0,True
rs-secondary-local,82000,1758,1758,1.0,0.9978195542663996,1.0,True
rs-secondary-local,82500,1762,1762,1.0,0.9978244934313475,1.0,True
rs-secondary-local,83000,1759,1759,1.0,0.9978207911590014,0.9999999999999998,True
rs-secondary-local,83500,1759,1759,1.0,0.9978207911590014,0.9999999999999998,True
rs-secondary-local,84000,1760,1760,1.0,0.9978220266491049,1.0,True
rs-secondary-local,84500,1756,1756,1.0,0.9978170762641365,1.0,True
rs-secondary-local,85000,1758,1758,1.0,0.9978195542663996,1.0,True
rs-secondary-local,85500,1757,1757,1.0,0.9978183159689094,1.0,True
rs-secondary-local,86000,1756,1756,1.0,0.9978170762641365,1.0,True
rs-secondary-local,86500,1755,1755,1.0,0.9978158351496802,0.9999999999999998,True
rs-secondary-local,87000,1755,1755,1.0,0.9978158351496802,0.9999999999999998,True
rs-secondary-local,87500,1755,1755,1.0,0.9978158351496802,0.9999999999999998,True
rs-secondary-local,88000,1755,1755,1.0,0.9978158351496802,0.9999999999999998,True
rs-secondary-local,88500,1755,1755,1.0,0.9978158351496802,0.9999999999999998,True
rs-secondary-local,89000,1753,1753,1.0,0.9978133486820894,0.9999999999999999,True
rs-secondary-local,89500,1749,1749,1.0,0.9978083587244848,1.0,True
rs-secondary-local,90000,1750,1750,1.0,0.997809608347755,1.0,True
rs-secondary-local,90500,1752,1752,1.0,0.9978121033241266,0.9999999999999999,True
rs-secondary-local,91000,1749,1749,1.0,0.9978083587244848,1.0,True
rs-secondary-local,91500,1748,1748,1.0,0.9978071076745751,1.0,True
rs-secondary-local,92000,1749,1749,1.0,0.9978083587244848,1.0,True
rs-secondary-local,92500,1749,1749,1.0,0.9978083587244848,1.0,True
rs-secondary-local,93000,1748,1748,1.0,0.9978071076745751,1.0,True
rs-secondary-local,93500,1748,1748,1.0,0.9978071076745751,1.0,True
rs-secondary-local,94000,1748,1748,1.0,0.9978071076745751,1.0,True
rs-secondary-local,94500,1751,1751,1.0,0.9978108565468244,1.0,True
rs-secondary-local,95000,1737,1737,1.0,0.9977932512642161,1.0,True
rs-secondary-local,95500,1723,1723,1.0,0.9977753605194591,0.9999999999999999,True
rs-secondary-local,96000,1495,1495,1.0,0.9974369539783257,1.0,True
rs-secondary-local,96500,1477,1477,1.0,0.9974057995129255,1.0,True
rs-secondary-local,97000,1380,1380,1.0,0.9972239597364323,1.0,True
rs-secondary-local,97500,1357,1357,1.0,0.9971770410310797,1.0,True
rs-secondary-local,98000,1262,1262,1.0,0.9969651811095479,1.0,True
rs-secondary-local,98500,1234,1234,1.0,0.9968965334498373,1.0,True
rs-secondary-local,99000,1127,1127,1.0,0.9966028840820853,1.0,True
rs-secondary-local,99500,1085,1085,1.0,0.9964718467773458,1.0,True
rs-secondary-local,100000,680,680,1.0,0.9943823247956837,0.9999999999999999,True
rs-secondary-local,100500,645,645,1.0,0.994079294545849,0.9999999999999998,True
rs-secondary-local,101000,524,524,1.0,0.992722059041955,1.0,True
rs-secondary-local,101500,493,493,1.0,0.9922679582386016,1.0,True
rs-secondary-local,102000,385,385,1.0,0.9901203986404745,0.9999999999999998,True
rs-secondary-local,102500,354,354,1.0,0.9892645237445842,0.9999999999999999,True
rs-secondary-local,103000,245,245,1.0,0.9845620667926908,1.0,True
rs-secondary-local,103500,226,226,1.0,0.9832858803628236,0.9999999999999999,True
rs-secondary-majority,0,0,1863,0.0,2.168404344971009e-19,0.002057807154072418,True
rs-secondary-majority,500,0,1765,0.0,0.0,0.0021718168546013394,True
rs-secondary-majority,1000,0,1759,0.0,0.0,0.002179208840998533,True
rs-secondary-majority,1500,0,1764,0.0,0.0,0.002173045367865537,True
rs-secondary-majority,2000,0,1764,0.0,0.0,0.002173045367865537,True
rs-secondary-majority,2500,0,1768,0.0,2.168404344971009e-19,0.002168139635055413,True
rs-secondary-majority,3000,0,1768,0.0,2.168404344971009e-19,0.002168139635055413,True
rs-secondary-majority,3500,0,1767,0.0,0.0,0.002169363990545512,True
rs-secondary-majority,4000,0,1763,0.0,0.0,0.0021742752717617696,True
rs-secondary-majority,4500,2,1764,0.0011337868480725624,0.0003109738215390603,0.0041247177019549,True
rs-secondary-majority,5000,8,1762,0.004540295119182747,0.002302388748338115,0.008933953174969164,True
rs-secondary-majority,5500,12,1763,0.006806579693703914,0.003897893698088877,0.011859942205254125,True
rs-secondary-majority,6000,13,1761,0.0073821692220329355,0.004319223539536745,0.012589716050282532,True
rs-secondary-majority,6500,13,1762,0.0073779795686719635,0.00431676943579077,0.012582594584175686,True
rs-secondary-majority,7000,13,1761,0.0073821692220329355,0.004319223539536745,0.012589716050282532,True
rs-secondary-majority,7500,13,1763,0.00737379466817924,0.00431431811922028,0.012575481170087825,True
rs-secondary-majority,8000,44,1764,0.024943310657596373,0.018632836049484246,0.03331842474220659,True
rs-secondary-majority,8500,297,1761,0.1686541737649063,0.15189055676776914,0.18686029769984996,True
rs-secondary-majority,9000,613,1759,0.34849346219442867,0.3265775223009394,0.37106973086122785,True
rs-secondary-majority,9500,662,1764,0.37528344671201813,0.3529815846160096,0.3981273382648638,True
rs-secondary-majority,10000,703,1764,0.39852607709750565,0.37592260130041705,0.42157056777083896,True
rs-secondary-majority,10500,731,1765,0.4141643059490085,0.3913945164648935,0.43730693424725614,True
rs-secondary-majority,11000,766,1767,0.4335031126202603,0.41056557411182826,0.4567291630346222,True
rs-secondary-majority,11500,775,1763,0.43959160521837776,0.41657879794850466,0.46286710144621174,True
rs-secondary-majority,12000,940,1762,0.5334846765039728,0.5101429086182745,0.5566807521223038,True
rs-secondary-majority,12500,1267,1756,0.7215261958997722,0.7000941057762916,0.7419911364409625,True
rs-secondary-majority,13000,1564,1756,0.8906605922551253,0.8752026827523558,0.9044129371988943,True
rs-secondary-majority,13500,1624,1756,0.9248291571753986,0.9115479508225123,0.9362556242265146,True
rs-secondary-majority,14000,1665,1755,0.9487179487179487,0.937382925419071,0.9580928240742318,True
rs-secondary-majority,14500,1704,1755,0.9709401709401709,0.9619941722706835,0.9778289476737163,True
rs-secondary-majority,15000,1749,1761,0.9931856899488927,0.9881266319143135,0.9960976746750144,True
rs-secondary-majority,15500,1757,1762,0.9971623155505108,0.9933741329926195,0.9987873383420688,True
rs-secondary-majority,16000,1756,1761,0.997160704145372,0.9933703804581269,0.9987866493852313,True
rs-secondary-majority,16500,1759,1762,0.9982973893303064,0.9950058761754913,0.9994208039978606,True
rs-secondary-majority,17000,1759,1761,0.9988642816581488,0.9958682720643782,0.9996884963164215,True
rs-secondary-majority,17500,1756,1757,0.9994308480364257,0.9967829692397822,0.9998995262214786,True
rs-secondary-majority,18000,1756,1757,0.9994308480364257,0.9967829692397822,0.9998995262214786,True
rs-secondary-majority,18500,1756,1756,1.0,0.9978170762641365,1.0,True
rs-secondary-majority,19000,1757,1757,1.0,0.9978183159689094,1.0,True
rs-secondary-majority,19500,1760,1760,1.0,0.9978220266491049,1.0,True
rs-secondary-majority,20000,1759,1759,1.0,0.9978207911590014,0.9999999999999998,True
rs-secondary-majority,20500,1759,1759,1.0,0.9978207911590014,0.9999999999999998,True
rs-secondary-majority,21000,1757,1757,1.0,0.9978183159689094,1.0,True
rs-secondary-majority,21500,1757,1757,1.0,0.9978183159689094,1.0,True
rs-secondary-majority,22000,1757,1757,1.0,0.9978183159689094,1.0,True
rs-secondary-majority,22500,1757,1757,1.0,0.9978183159689094,1.0,True
rs-secondary-majority,23000,1758,1758,1.0,0.9978195542663996,1.0,True
rs-secondary-majority,23500,1756,1756,1.0,0.9978170762641365,1.0,True
rs-secondary-majority,24000,1754,1754,1.0,0.997814592623135,0.9999999999999998,True
rs-secondary-majority,24500,1753,1753,1.0,0.9978133486820894,0.9999999999999999,True
rs-secondary-majority,25000,1755,1755,1.0,0.9978158351496802,0.9999999999999998,True
rs-secondary-majority,25500,1755,1755,1.0,0.9978158351496802,0.9999999999999998,True
rs-secondary-majority,26000,1754,1754,1.0,0.997814592623135,0.9999999999999998,True
rs-secondary-majority,26500,1750,1750,1.0,0.997809608347755,1.0,True
rs-secondary-majority,27000,1748,1748,1.0,0.9978071076745751,1.0,True
rs-secondary-majority,27500,1749,1749,1.0,0.9978083587244848,1.0,True
rs-secondary-majority,28000,1749,1749,1.0,0.9978083587244848,1.0,True
rs-secondary-majority,28500,1753,1753,1.0,0.9978133486820894,0.9999999999999999,True
rs-secondary-majority,29000,1749,1749,1.0,0.9978083587244848,1.0,True
rs-secondary-majority,29500,1750,1750,1.0,0.997809608347755,1.0,True
rs-secondary-majority,30000,1748,1748,1.0,0.9978071076745751,1.0,True
rs-secondary-majority,30500,1748,1748,1.0,0.9978071076745751,1.0,True
rs-secondary-majority,31000,1748,1748,1.0,0.9978071076745751,1.0,True
rs-secondary-majority,31500,1748,1748,1.0,0.9978071076745751,1.0,True
rs-secondary-majority,32000,1747,1747,1.0,0.9978058551955814,1.0,True
rs-secondary-majority,32500,1747,1747,1.0,0.9978058551955814,1.0,True
rs-secondary-majority,33000,1749,1749,1.0,0.9978083587244848,1.0,True
rs-secondary-majority,33500,1750,1750,1.0,0.997809608347755,1.0,True
rs-secondary-majority,34000,1749,1749,1.0,0.9978083587244848,1.0,True
rs-secondary-majority,34500,1749,1749,1.0,0.9978083587244848,1.0,True
rs-secondary-majority,35000,1751,1751,1.0,0.9978108565468244,1.0,True
rs-secondary-majority,35500,1750,1750,1.0,0.997809608347755,1.0,True
rs-secondary-majority,36000,1750,1750,1.0,0.997809608347755,1.0,True
rs-secondary-majority,36500,1746,1746,1.0,0.9978046012850535,1.0,True
rs-secondary-majority,37000,1747,1747,1.0,0.9978058551955814,1.0,True
rs-secondary-majority,37500,1749,1749,1.0,0.9978083587244848,1.0,True
rs-secondary-majority,38000,1746,1746,1.0,0.9978046012850535,1.0,True
rs-secondary-majority,38500,1746,1746,1.0,0.9978046012850535,1.0,True
rs-secondary-majority,39000,1749,1749,1.0,0.9978083587244848,1.0,True
rs-secondary-majority,39500,1749,1749,1.0,0.9978083587244848,1.0,True
rs-secondary-majority,40000,1749,1749,1.0,0.9978083587244848,1.0,True
rs-secondary-majority,40500,1750,1750,1.0,0.997809608347755,1.0,True
rs-secondary-majority,41000,1751,1751,1.0,0.9978108565468244,1.0,True
rs-secondary-majority,41500,1752,1752,1.0,0.9978121033241266,0.9999999999999999,True
rs-secondary-majority,42000,1754,1754,1.0,0.997814592623135,0.9999999999999998,True
rs-secondary-majority,42500,1757,1757,1.0,0.9978183159689094,1.0,True
rs-secondary-majority,43000,1758,1758,1.0,0.9978195542663996,1.0,True
rs-secondary-majority,43500,1757,1757,1.0,0.9978183159689094,1.0,True
rs-secondary-majority,44000,1756,1756,1.0,0.9978170762641365,1.0,True
rs-secondary-majority,44500,1756,1756,1.0,0.9978170762641365,1.0,True
rs-secondary-majority,45000,1753,1753,1.0,0.9978133486820894,0.9999999999999999,True
rs-secondary-majority,45500,1756,1756,1.0,0.9978170762641365,1.0,True
rs-secondary-majority,46000,1753,1753,1.0,0.9978133486820894,0.9999999999999999,True
rs-secondary-majority,46500,1752,1752,1.0,0.9978121033241266,0.9999999999999999,True
rs-secondary-majority,47000,1754,1754,1.0,0.997814592623135,0.9999999999999998,True
rs-secondary-majority,47500,1755,1755,1.0,0.9978158351496802,0.9999999999999998,True
rs-secondary-majority,48000,1752,1752,1.0,0.9978121033241266,0.9999999999999999,True
rs-secondary-majority,48500,1750,1750,1.0,0.997809608347755,1.0,True
rs-secondary-majority,49000,1752,1752,1.0,0.9978121033241266,0.9999999999999999,True
rs-secondary-majority,49500,1756,1756,1.0,0.9978170762641365,1.0,True
rs-secondary-majority,50000,1753,1753,1.0,0.9978133486820894,0.9999999999999999,True
rs-secondary-majority,50500,1756,1756,1.0,0.9978170762641365,1.0,True
rs-secondary-majority,51000,1753,1753,1.0,0.9978133486820894,0.9999999999999999,True
rs-secondary-majority,51500,1754,1754,1.0,0.997814592623135,0.9999999999999998,True
rs-secondary-majority,52000,1753,1753,1.0,0.9978133486820894,0.9999999999999999,True
rs-secondary-majority,52500,1752,1752,1.0,0.9978121033241266,0.9999999999999999,True
rs-secondary-majority,53000,1752,1752,1.0,0.9978121033241266,0.9999999999999999,True
rs-secondary-majority,53500,1754,1754,1.0,0.997814592623135,0.9999999999999998,True
rs-secondary-majority,54000,1751,1751,1.0,0.9978108565468244,1.0,True
rs-secondary-majority,54500,1755,1755,1.0,0.9978158351496802,0.9999999999999998,True
rs-secondary-majority,55000,1752,1752,1.0,0.9978121033241266,0.9999999999999999,True
rs-secondary-majority,55500,1751,1751,1.0,0.9978108565468244,1.0,True
rs-secondary-majority,56000,1752,1752,1.0,0.9978121033241266,0.9999999999999999,True
rs-secondary-majority,56500,1750,1750,1.0,0.997809608347755,1.0,True
rs-secondary-majority,57000,1750,1750,1.0,0.997809608347755,1.0,True
rs-secondary-majority,57500,1751,1751,1.0,0.9978108565468244,1.0,True
rs-secondary-majority,58000,1751,1751,1.0,0.9978108565468244,1.0,True
rs-secondary-majority,58500,1750,1750,1.0,0.997809608347755,1.0,True
rs-secondary-majority,59000,1750,1750,1.0,0.997809608347755,1.0,True
rs-secondary-majority,59500,1752,1752,1.0,0.9978121033241266,0.9999999999999999,True
rs-secondary-majority,60000,1753,1753,1.0,0.9978133486820894,0.9999999999999999,True
rs-secondary-majority,60500,1754,1754,1.0,0.997814592623135,0.9999999999999998,True
rs-secondary-majority,61000,1757,1757,1.0,0.9978183159689094,1.0,True
rs-secondary-majority,61500,1758,1758,1.0,0.9978195542663996,1.0,True
rs-secondary-majority,62000,1762,1762,1.0,0.9978244934313475,1.0,True
rs-secondary-majority,62500,1765,1765,1.0,0.9978281831453988,1.0,True
rs-secondary-majority,63000,1758,1758,1.0,0.9978195542663996,1.0,True
rs-secondary-majority,63500,1760,1760,1.0,0.9978220266491049,1.0,True
rs-secondary-majority,64000,1757,1757,1.0,0.9978183159689094,1.0,True
rs-secondary-majority,64500,1751,1751,1.0,0.9978108565468244,1.0,True
rs-secondary-majority,65000,1756,1756,1.0,0.9978170762641365,1.0,True
rs-secondary-majority,65500,1755,1755,1.0,0.9978158351496802,0.9999999999999998,True
rs-secondary-majority,66000,1756,1756,1.0,0.9978170762641365,1.0,True
rs-secondary-majority,66500,1754,1754,1.0,0.997814592623135,0.9999999999999998,True
rs-secondary-majority,67000,1758,1758,1.0,0.9978195542663996,1.0,True
rs-secondary-majority,67500,1757,1757,1.0,0.9978183159689094,1.0,True
rs-secondary-majority,68000,1757,1757,1.0,0.9978183159689094,1.0,True
rs-secondary-majority,68500,1757,1757,1.0,0.9978183159689094,1.0,True
rs-secondary-majority,69000,1761,1761,1.0,0.9978232607390941,1.0,True
rs-secondary-majority,69500,1756,1756,1.0,0.9978170762641365,1.0,True
rs-secondary-majority,70000,1756,1756,1.0,0.9978170762641365,1.0,True
rs-secondary-majority,70500,1755,1755,1.0,0.9978158351496802,0.9999999999999998,True
rs-secondary-majority,71000,1759,1759,1.0,0.9978207911590014,0.9999999999999998,True
rs-secondary-majority,71500,1758,1758,1.0,0.9978195542663996,1.0,True
rs-secondary-majority,72000,1758,1758,1.0,0.9978195542663996,1.0,True
rs-secondary-majority,72500,1759,1759,1.0,0.9978207911590014,0.9999999999999998,True
rs-secondary-majority,73000,1761,1761,1.0,0.9978232607390941,1.0,True
rs-secondary-majority,73500,1759,1759,1.0,0.9978207911590014,0.9999999999999998,True
rs-secondary-majority,74000,1760,1760,1.0,0.9978220266491049,1.0,True
rs-secondary-majority,74500,1758,1758,1.0,0.9978195542663996,1.0,True
rs-secondary-majority,75000,1760,1760,1.0,0.9978220266491049,1.0,True
rs-secondary-majority,75500,1760,1760,1.0,0.9978220266491049,1.0,True
rs-secondary-majority,76000,1762,1762,1.0,0.9978244934313475,1.0,True
rs-secondary-majority,76500,1761,1761,1.0,0.9978232607390941,1.0,True
rs-secondary-majority,77000,1760,1760,1.0,0.9978220266491049,1.0,True
rs-secondary-majority,77500,1756,1756,1.0,0.9978170762641365,1.0,True
rs-secondary-majority,78000,1757,1757,1.0,0.9978183159689094,1.0,True
rs-secondary-majority,78500,1755,1755,1.0,0.9978158351496802,0.9999999999999998,True
rs-secondary-majority,79000,1757,1757,1.0,0.9978183159689094,1.0,True
rs-secondary-majority,79500,1754,1754,1.0,0.997814592623135,0.9999999999999998,True
rs-secondary-majority,80000,1756,1756,1.0,0.9978170762641365,1.0,True
rs-secondary-majority,80500,1752,1752,1.0,0.9978121033241266,0.9999999999999999,True
rs-secondary-majority,81000,1753,1753,1.0,0.9978133486820894,0.9999999999999999,True
rs-secondary-majority,81500,1751,1751,1.0,0.9978108565468244,1.0,True
rs-secondary-majority,82000,1751,1751,1.0,0.9978108565468244,1.0,True
rs-secondary-majority,82500,1752,1752,1.0,0.9978121033241266,0.9999999999999999,True
rs-secondary-majority,83000,1750,1750,1.0,0.997809608347755,1.0,True
rs-secondary-majority,83500,1753,1753,1.0,0.9978133486820894,0.9999999999999999,True
rs-secondary-majority,84000,1752,1752,1.0,0.9978121033241266,0.9999999999999999,True
rs-secondary-majority,84500,1751,1751,1.0,0.9978108565468244,1.0,True
rs-secondary-majority,85000,1751,1751,1.0,0.9978108565468244,1.0,True
rs-secondary-majority,85500,1752,1752,1.0,0.9978121033241266,0.9999999999999999,True
rs-secondary-majority,86000,1751,1751,1.0,0.9978108565468244,1.0,True
rs-secondary-majority,86500,1751,1751,1.0,0.9978108565468244,1.0,True
rs-secondary-majority,87000,1751,1751,1.0,0.9978108565468244,1.0,True
rs-secondary-majority,87500,1749,1749,1.0,0.9978083587244848,1.0,True
rs-secondary-majority,88000,1752,1752,1.0,0.9978121033241266,0.9999999999999999,True
rs-secondary-majority,88500,1748,1748,1.0,0.9978071076745751,1.0,True
rs-secondary-majority,89000,1753,1753,1.0,0.9978133486820894,0.9999999999999999,True
rs-secondary-majority,89500,1751,1751,1.0,0.9978108565468244,1.0,True
rs-secondary-majority,90000,1751,1751,1.0,0.9978108565468244,1.0,True
rs-secondary-majority,90500,1750,1750,1.0,0.997809608347755,1.0,True
rs-secondary-majority,91000,1750,1750,1.0,0.997809608347755,1.0,True
rs-secondary-majority,91500,1751,1751,1.0,0.9978108565468244,1.0,True
rs-secondary-majority,92000,1752,1752,1.0,0.9978121033241266,0.9999999999999999,True
rs-secondary-majority,92500,1751,1751,1.0,0.9978108565468244,1.0,True
rs-secondary-majority,93000,1752,1752,1.0,0.9978121033241266,0.9999999999999999,True
rs-secondary-majority,93500,1750,1750,1.0,0.997809608347755,1.0,True
rs-secondary-majority,94000,1751,1751,1.0,0.9978108565468244,1.0,True
rs-secondary-majority,94500,1751,1751,1.0,0.9978108565468244,1.0,True
rs-secondary-majority,95000,1737,1737,1.0,0.9977932512642161,1.0,True
rs-secondary-majority,95500,1723,1723,1.0,0.9977753605194591,0.9999999999999999,True
rs-secondary-majority,96000,1468,1468,1.0,0.9973899365257783,1.0,True
rs-secondary-majority,96500,1442,1442,1.0,0.9973430007823815,0.9999999999999999,True
rs-secondary-majority,97000,1346,1346,1.0,0.9971540364439798,1.0,True
rs-secondary-majority,97500,1319,1319,1.0,0.9970959486003463,1.0,True
rs-secondary-majority,98000,1241,1241,1.0,0.9969139848796825,0.9999999999999999,True
rs-secondary-majority,98500,1207,1207,1.0,0.9968273306764486,1.0,True
rs-secondary-majority,99000,1123,1123,1.0,0.9965908251878527,1.0,True
rs-secondary-majority,99500,1086,1086,1.0,0.9964750840856139,1.0,True
rs-secondary-majority,100000,662,662,1.0,0.994230459616822,1.0,True
rs-secondary-majority,100500,631,631,1.0,0.9939487267375043,1.0,True
rs-secondary-majority,101000,551,551,1.0,0.9930762221145639,1.0,True
rs-secondary-majority,101500,509,509,1.0,0.9925091880221886,1.0,True
rs-secondary-majority,102000,425,425,1.0,0.9910419138441794,1.0,True
rs-secondary-majority,102500,398,398,1.0,0.9904400141747397,1.0,True
rs-secondary-majority,103000,304,304,1.0,0.9875208548812114,0.9999999999999999,True
rs-secondary-majority,103500,284,284,1.0,0.9866537706849879,1.0,True
