run_id,experiment,write_concern,seq,latency_ms
20260923T111936Z__threaded-wmaj__rs-primary-local,threaded-wmaj,"w:majority, j:None",25,9.198542
20260923T111936Z__threaded-wmaj__rs-primary-local,threaded-wmaj,"w:majority, j:None",26,9.179917
20260923T111936Z__threaded-wmaj__rs-primary-local,threaded-wmaj,"w:majority, j:None",27,9.539667
20260923T111936Z__threaded-wmaj__rs-primary-local,threaded-wmaj,"w:majority, j:None",28,9.030292
20260923T111936Z__threaded-wmaj__rs-primary-local,threaded-wmaj,"w:majority, j:None",29,9.043042
20260923T111936Z__threaded-wmaj__rs-primary-local,threaded-wmaj,"w:majority, j:None",30,9.168917
20260923T111936Z__threaded-wmaj__rs-primary-local,threaded-wmaj,"w:majority, j:None",31,10.033
20260923T111936Z__threaded-wmaj__rs-primary-local,threaded-wmaj,"w:majority, j:None",32,9.066375
20260923T111936Z__threaded-wmaj__rs-primary-local,threaded-wmaj,"w:majority, j:None",33,10.118416
20260923T111936Z__threaded-wmaj__rs-primary-local,threaded-wmaj,"w:majority, j:None",34,10.02975
20260923T111936Z__threaded-wmaj__rs-primary-local,threaded-wmaj,"w:majority, j:None",35,10.035792
20260923T111936Z__threaded-wmaj__rs-primary-local,threaded-wmaj,"w:majority, j:None",36,4.982125
20260923T111936Z__threaded-wmaj__rs-primary-local,threaded-wmaj,"w:majority, j:None",37,10.21875
20260923T111936Z__threaded-wmaj__rs-primary-local,threaded-wmaj,"w:majority, j:None",38,8.94875
20260923T111936Z__threaded-wmaj__rs-primary-local,threaded-wmaj,"w:majority, j:None",39,10.562667
20260923T111936Z__threaded-wmaj__rs-primary-local,threaded-wmaj,"w:majority, j:None",40,8.698708
20260923T111936Z__threaded-wmaj__rs-primary-local,threaded-wmaj,"w:majority, j:None",41,9.027125
20260923T111936Z__threaded-wmaj__rs-primary-local,threaded-wmaj,"w:majority, j:None",42,9.032416
20260923T111936Z__threaded-wmaj__rs-primary-local,threaded-wmaj,"w:majority, j:None",43,9.097667
20260923T111936Z__threaded-wmaj__rs-primary-local,threaded-wmaj,"w:majority, j:None",44,9.557375
20260923T111936Z__threaded-wmaj__rs-primary-local,threaded-wmaj,"w:majority, j:None",45,12.058083
20260923T111936Z__threaded-wmaj__rs-primary-local,threaded-wmaj,"w:majority, j:None",46,10.691333
20260923T111936Z__threaded-wmaj__rs-primary-local,threaded-wmaj,"w:majority, j:None",47,9.521791
20260923T111936Z__threaded-wmaj__rs-primary-local,threaded-wmaj,"w:majority, j:None",48,9.673083
20260923T111936Z__threaded-wmaj__rs-primary-local,threaded-wmaj,"w:majority, j:None",49,9.03725
20260923T111936Z__threaded-wmaj__rs-primary-local,threaded-wmaj,"w:majority, j:None",50,10.032875
20260923T111936Z__threaded-wmaj__rs-primary-local,threaded-wmaj,"w:majority, j:None",51,9.566125
20260923T111936Z__threaded-wmaj__rs-primary-local,threaded-wmaj,"w:majority, j:None",52,9.047833
20260923T111936Z__threaded-wmaj__rs-primary-local,threaded-wmaj,"w:majority, j:None",53,10.046625
20260923T111936Z__threaded-wmaj__rs-primary-local,threaded-wmaj,"w:majority, j:None",54,9.039167
20260923T111936Z__threaded-wmaj__rs-primary-local,threaded-wmaj,"w:majority, j:None",55,8.996541
20260923T111936Z__threaded-wmaj__rs-primary-local,threaded-wmaj,"w:majority, j:None",56,9.181167
20260923T111936Z__threaded-wmaj__rs-primary-local,threaded-wmaj,"w:majority, j:None",57,9.066625
20260923T111936Z__threaded-wmaj__rs-primary-local,threaded-wmaj,"w:majority, j:None",58,9.204917
20260923T111936Z__threaded-wmaj__rs-primary-local,threaded-wmaj,"w:majority, j:None",59,8.526541
20260923T111936Z__threaded-wmaj__rs-primary-local,threaded-wmaj,"w:majority, j:None",60,9.026875
20260923T111936Z__threaded-wmaj__rs-primary-local,threaded-wmaj,"w:majority, j:None",61,9.023667
20260923T111936Z__threaded-wmaj__rs-primary-local,threaded-wmaj,"w:majority, j:None",62,10.028833
20260923T111936Z__threaded-wmaj__rs-primary-local,threaded-wmaj,"w:majority, j:None",63,9.076417
20260923T111936Z__threaded-wmaj__rs-primary-local,threaded-wmaj,"w:majority, j:None",64,9.743291
20260923T111936Z__threaded-wmaj__rs-primary-local,threaded-wmaj,"w:majority, j:None",65,9.033041
20260923T111936Z__threaded-wmaj__rs-primary-local,threaded-wmaj,"w:majority, j:None",66,9.196625
20260923T111936Z__threaded-wmaj__rs-primary-local,threaded-wmaj,"w:majority, j:None",67,9.195542
20260923T111936Z__threaded-wmaj__rs-primary-local,threaded-wmaj,"w:majority, j:None",68,9.03925
20260923T111936Z__threaded-wmaj__rs-primary-local,threaded-wmaj,"w:majority, j:None",69,9.02825
20260923T111936Z__threaded-wmaj__rs-primary-local,threaded-wmaj,"w:majority, j:None",70,5.002208
20260923T111936Z__threaded-wmaj__rs-primary-local,threaded-wmaj,"w:majority, j:None",71,9.040042
20260923T111936Z__threaded-wmaj__rs-primary-local,threaded-wmaj,"w:majority, j:None",72,8.578916
20260923T111936Z__threaded-wmaj__rs-primary-local,threaded-wmaj,"w:majority, j:None",73,9.043542
20260923T111936Z__threaded-wmaj__rs-primary-local,threaded-wmaj,"w:majority, j:None",74,9.040708
20260923T111936Z__threaded-wmaj__rs-primary-local,threaded-wmaj,"w:majority, j:None",75,9.039625
20260923T111936Z__threaded-wmaj__rs-primary-local,threaded-wmaj,"w:majority, j:None",76,9.01925
20260923T111936Z__threaded-wmaj__rs-primary-local,threaded-wmaj,"w:majority, j:None",77,9.021208
20260923T111936Z__threaded-wmaj__rs-primary-local,threaded-wmaj,"w:majority, j:None",78,9.037584
20260923T111936Z__threaded-wmaj__rs-primary-local,threaded-wmaj,"w:majority, j:None",79,5.0675
20260923T111936Z__threaded-wmaj__rs-primary-local,threaded-wmaj,"w:majority, j:None",80,9.023167
20260923T111936Z__threaded-wmaj__rs-primary-local,threaded-wmaj,"w:majority, j:None",81,9.034209
20260923T111936Z__threaded-wmaj__rs-primary-local,threaded-wmaj,"w:majority, j:None",82,10.187834
20260923T111936Z__threaded-wmaj__rs-primary-local,threaded-wmaj,"w:majority, j:None",83,14.52875
20260923T111936Z__threaded-wmaj__rs-primary-local,threaded-wmaj,"w:majority, j:None",84,9.534208
20260923T111936Z__threaded-wmaj__rs-primary-local,threaded-wmaj,"w:majority, j:None",85,9.025958
20260923T111936Z__threaded-wmaj__rs-primary-local,threaded-wmaj,"w:majority, j:None",86,9.693291
20260923T111936Z__threaded-wmaj__rs-primary-local,threaded-wmaj,"w:majority, j:None",87,9.072167
20260923T111936Z__threaded-wmaj__rs-primary-local,threaded-wmaj,"w:majority, j:None",88,8.704875
20260923T111936Z__threaded-wmaj__rs-primary-local,threaded-wmaj,"w:majority, j:None",89,9.574542
20260923T111936Z__threaded-wmaj__rs-primary-local,threaded-wmaj,"w:majority, j:None",90,9.040208
20260923T111936Z__threaded-wmaj__rs-primary-local,threaded-wmaj,"w:majority, j:None",91,9.123833
20260923T111936Z__threaded-wmaj__rs-primary-local,threaded-wmaj,"w:majority, j:None",92,9.009083
20260923T111936Z__threaded-wmaj__rs-primary-local,threaded-wmaj,"w:majority, j:None",93,9.203958
20260923T111936Z__threaded-wmaj__rs-primary-local,threaded-wmaj,"w:majority, j:None",94,9.188625
20260923T111936Z__threaded-wmaj__rs-primary-local,threaded-wmaj,"w:majority, j:None",95,9.036458
20260923T111936Z__threaded-wmaj__rs-primary-local,threaded-wmaj,"w:majority, j:None",96,5.022584
20260923T111936Z__threaded-wmaj__rs-primary-local,threaded-wmaj,"w:majority, j:None",97,8.681833
20260923T111936Z__threaded-wmaj__rs-primary-local,threaded-wmaj,"w:majority, j:None",98,9.03225
20260923T111936Z__threaded-wmaj__rs-primary-local,threaded-wmaj,"w:majority, j:None",99,5.06325
20260923T111936Z__threaded-wmaj__rs-primary-local,threaded-wmaj,"w:majority, j:None",100,11.203667
20260923T111936Z__threaded-wmaj__rs-primary-local,threaded-wmaj,"w:majority, j:None",101,9.045375
20260923T111936Z__threaded-wmaj__rs-primary-local,threaded-wmaj,"w:majority, j:None",102,9.661
20260923T111936Z__threaded-wmaj__rs-primary-local,threaded-wmaj,"w:majority, j:None",103,9.127084
20260923T111936Z__threaded-wmaj__rs-primary-local,threaded-wmaj,"w:majority, j:None",104,9.530667
20260923T111936Z__threaded-wmaj__rs-primary-local,threaded-wmaj,"w:majority, j:None",105,6.213167
20260923T111936Z__threaded-wmaj__rs-primary-local,threaded-wmaj,"w:majority, j:None",106,9.044708
20260923T111936Z__threaded-wmaj__rs-primary-local,threaded-wmaj,"w:majority, j:None",107,5.036333
20260923T111936Z__threaded-wmaj__rs-primary-local,threaded-wmaj,"w:majority, j:None",108,5.031375
20260923T111936Z__threaded-wmaj__rs-primary-local,threaded-wmaj,"w:majority, j:None",109,5.076625
20260923T111936Z__threaded-wmaj__rs-primary-local,threaded-wmaj,"w:majority, j:None",110,9.030833
20260923T111936Z__threaded-wmaj__rs-primary-local,threaded-wmaj,"w:majority, j:None",111,9.032541
20260923T111936Z__threaded-wmaj__rs-primary-local,threaded-wmaj,"w:majority, j:None",112,9.043209
20260923T111936Z__threaded-wmaj__rs-primary-local,threaded-wmaj,"w:majority, j:None",113,9.041125
20260923T111936Z__threaded-wmaj__rs-primary-local,threaded-wmaj,"w:majority, j:None",114,9.183084
20260923T111936Z__threaded-wmaj__rs-primary-local,threaded-wmaj,"w:majority, j:None",115,9.051958
20260923T111936Z__threaded-wmaj__rs-primary-local,threaded-wmaj,"w:majority, j:None",116,9.032041
20260923T111936Z__threaded-wmaj__rs-primary-local,threaded-wmaj,"w:majority, j:None",117,9.02175
20260923T111936Z__threaded-wmaj__rs-primary-local,threaded-wmaj,"w:majority, j:None",118,9.0245
20260923T111936Z__threaded-wmaj__rs-primary-local,threaded-wmaj,"w:majority, j:None",119,9.039583
20260923T111936Z__threaded-wmaj__rs-primary-local,threaded-wmaj,"w:majority, j:None",120,9.033542
20260923T111936Z__threaded-wmaj__rs-primary-local,threaded-wmaj,"w:majority, j:None",121,9.060375
20260923T111936Z__threaded-wmaj__rs-primary-local,threaded-wmaj,"w:majority, j:None",122,9.030334
20260923T111936Z__threaded-wmaj__rs-primary-local,threaded-wmaj,"w:majority, j:None",123,9.167541
20260923T111936Z__threaded-wmaj__rs-primary-local,threaded-wmaj,"w:majority, j:None",124,9.03375
20260923T111936Z__threaded-wmaj__rs-primary-local,threaded-wmaj,"w:majority, j:None",125,9.033209
20260923T111936Z__threaded-wmaj__rs-primary-local,threaded-wmaj,"w:majority, j:None",126,9.031084
20260923T111936Z__threaded-wmaj__rs-primary-local,threaded-wmaj,"w:majority, j:None",127,9.0305
20260923T111936Z__threaded-wmaj__rs-primary-local,threaded-wmaj,"w:majority, j:None",128,9.676708
20260923T111936Z__threaded-wmaj__rs-primary-local,threaded-wmaj,"w:majority, j:None",129,8.530958
20260923T111936Z__threaded-wmaj__rs-primary-local,threaded-wmaj,"w:majority, j:None",130,8.538166
20260923T111936Z__threaded-wmaj__rs-primary-local,threaded-wmaj,"w:majority, j:None",131,8.536541
20260923T111936Z__threaded-wmaj__rs-primary-local,threaded-wmaj,"w:majority, j:None",132,9.177375
20260923T111936Z__threaded-wmaj__rs-primary-local,threaded-wmaj,"w:majority, j:None",133,9.041333
20260923T111936Z__threaded-wmaj__rs-primary-local,threaded-wmaj,"w:majority, j:None",134,9.037625
20260923T111936Z__threaded-wmaj__rs-primary-local,threaded-wmaj,"w:majority, j:None",135,9.176375
20260923T111936Z__threaded-wmaj__rs-primary-local,threaded-wmaj,"w:majority, j:None",136,9.181542
20260923T111936Z__threaded-wmaj__rs-primary-local,threaded-wmaj,"w:majority, j:None",137,9.53425
20260923T111936Z__threaded-wmaj__rs-primary-local,threaded-wmaj,"w:majority, j:None",138,9.022875
20260923T111936Z__threaded-wmaj__rs-primary-local,threaded-wmaj,"w:majority, j:None",139,9.19175
20260923T111936Z__threaded-wmaj__rs-primary-local,threaded-wmaj,"w:majority, j:None",140,8.632291
20260923T111936Z__threaded-wmaj__rs-primary-local,threaded-wmaj,"w:majority, j:None",141,13.031208
20260923T111936Z__threaded-wmaj__rs-primary-local,threaded-wmaj,"w:majority, j:None",142,9.033583
20260923T111936Z__threaded-wmaj__rs-primary-local,threaded-wmaj,"w:majority, j:None",143,9.034792
20260923T111936Z__threaded-wmaj__rs-primary-local,threaded-wmaj,"w:majority, j:None",144,10.177208
20260923T111936Z__threaded-wmaj__rs-primary-local,threaded-wmaj,"w:majority, j:None",145,9.069375
20260923T111936Z__threaded-wmaj__rs-primary-local,threaded-wmaj,"w:majority, j:None",146,5.093583
20260923T111936Z__threaded-wmaj__rs-primary-local,threaded-wmaj,"w:majority, j:None",147,9.026084
20260923T111936Z__threaded-wmaj__rs-primary-local,threaded-wmaj,"w:majority, j:None",148,15.0325
20260923T111936Z__threaded-wmaj__rs-primary-local,threaded-wmaj,"w:majority, j:None",149,10.169
20260923T111936Z__threaded-wmaj__rs-primary-local,threaded-wmaj,"w:majority, j:None",150,9.034416
20260923T111936Z__threaded-wmaj__rs-primary-local,threaded-wmaj,"w:majority, j:None",151,9.03025
20260923T111936Z__threaded-wmaj__rs-primary-local,threaded-wmaj,"w:majority, j:None",152,5.037542
20260923T111936Z__threaded-wmaj__rs-primary-local,threaded-wmaj,"w:majority, j:None",153,9.036792
20260923T111936Z__threaded-wmaj__rs-primary-local,threaded-wmaj,"w:majority, j:None",154,9.03175
20260923T111936Z__threaded-wmaj__rs-primary-local,threaded-wmaj,"w:majority, j:None",155,10.08875
20260923T111936Z__threaded-wmaj__rs-primary-local,threaded-wmaj,"w:majority, j:None",156,5.038417
20260923T111936Z__threaded-wmaj__rs-primary-local,threaded-wmaj,"w:majority, j:None",157,10.951041
20260923T111936Z__threaded-wmaj__rs-primary-local,threaded-wmaj,"w:majority, j:None",158,10.503833
20260923T111936Z__threaded-wmaj__rs-primary-local,threaded-wmaj,"w:majority, j:None",159,10.040875
20260923T111936Z__threaded-wmaj__rs-primary-local,threaded-wmaj,"w:majority, j:None",160,10.198833
20260923T111936Z__threaded-wmaj__rs-primary-local,threaded-wmaj,"w:majority, j:None",161,9.074958
20260923T111936Z__threaded-wmaj__rs-primary-local,threaded-wmaj,"w:majority, j:None",162,10.027084
20260923T111936Z__threaded-wmaj__rs-primary-local,threaded-wmaj,"w:majority, j:None",163,9.929583
20260923T111936Z__threaded-wmaj__rs-primary-local,threaded-wmaj,"w:majority, j:None",164,15.113917
20260923T111936Z__threaded-wmaj__rs-primary-local,threaded-wmaj,"w:majority, j:None",165,10.52625
20260923T111936Z__threaded-wmaj__rs-primary-local,threaded-wmaj,"w:majority, j:None",166,10.163
20260923T111936Z__threaded-wmaj__rs-primary-local,threaded-wmaj,"w:majority, j:None",167,6.080458
20260923T111936Z__threaded-wmaj__rs-primary-local,threaded-wmaj,"w:majority, j:None",168,9.167375
20260923T111936Z__threaded-wmaj__rs-primary-local,threaded-wmaj,"w:majority, j:None",169,12.011834
20260923T111936Z__threaded-wmaj__rs-primary-local,threaded-wmaj,"w:majority, j:None",170,11.532708
20260923T111936Z__threaded-wmaj__rs-primary-local,threaded-wmaj,"w:majority, j:None",171,9.119542
20260923T111936Z__threaded-wmaj__rs-primary-local,threaded-wmaj,"w:majority, j:None",172,10.646333
20260923T111936Z__threaded-wmaj__rs-primary-local,threaded-wmaj,"w:majority, j:None",173,11.417209
20260923T111936Z__threaded-wmaj__rs-primary-local,threaded-wmaj,"w:majority, j:None",174,10.561125
20260923T111936Z__threaded-wmaj__rs-primary-local,threaded-wmaj,"w:majority, j:None",175,10.541667
20260923T111936Z__threaded-wmaj__rs-primary-local,threaded-wmaj,"w:majority, j:None",176,9.986542
20260923T111936Z__threaded-wmaj__rs-primary-local,threaded-wmaj,"w:majority, j:None",177,9.022625
20260923T111936Z__threaded-wmaj__rs-primary-local,threaded-wmaj,"w:majority, j:None",178,9.026833
20260923T111936Z__threaded-wmaj__rs-primary-local,threaded-wmaj,"w:majority, j:None",179,9.532625
20260923T111936Z__threaded-wmaj__rs-primary-local,threaded-wmaj,"w:majority, j:None",180,10.026542
20260923T111936Z__threaded-wmaj__rs-primary-local,threaded-wmaj,"w:majority, j:None",181,5.074958
20260923T111936Z__threaded-wmaj__rs-primary-local,threaded-wmaj,"w:majority, j:None",182,9.179
20260923T111936Z__threaded-wmaj__rs-primary-local,threaded-wmaj,"w:majority, j:None",183,10.21125
20260923T111936Z__threaded-wmaj__rs-primary-local,threaded-wmaj,"w:majority, j:None",184,5.148042
20260923T111936Z__threaded-wmaj__rs-primary-local,threaded-wmaj,"w:majority, j:None",185,9.524458
20260923T111936Z__threaded-wmaj__rs-primary-local,threaded-wmaj,"w:majority, j:None",186,9.0285
20260923T111936Z__threaded-wmaj__rs-primary-local,threaded-wmaj,"w:majority, j:None",187,9.028958
20260923T111936Z__threaded-wmaj__rs-primary-local,threaded-wmaj,"w:majority, j:None",188,9.191375
20260923T111936Z__threaded-wmaj__rs-primary-local,threaded-wmaj,"w:majority, j:None",189,17.051667
20260923T111936Z__threaded-wmaj__rs-primary-local,threaded-wmaj,"w:majority, j:None",190,10.056916
20260923T111936Z__threaded-wmaj__rs-primary-local,threaded-wmaj,"w:majority, j:None",191,9.053375
20260923T111936Z__threaded-wmaj__rs-primary-local,threaded-wmaj,"w:majority, j:None",192,10.545583
20260923T111936Z__threaded-wmaj__rs-primary-local,threaded-wmaj,"w:majority, j:None",193,10.186958
20260923T111936Z__threaded-wmaj__rs-primary-local,threaded-wmaj,"w:majority, j:None",194,22.590292
20260923T111936Z__threaded-wmaj__rs-primary-local,threaded-wmaj,"w:majority, j:None",195,10.553208
20260923T111936Z__threaded-wmaj__rs-primary-local,threaded-wmaj,"w:majority, j:None",196,10.514041
20260923T111936Z__threaded-wmaj__rs-primary-local,threaded-wmaj,"w:majority, j:None",197,10.006459
20260923T111936Z__threaded-wmaj__rs-primary-local,threaded-wmaj,"w:majority, j:None",198,9.667416
20260923T111936Z__threaded-wmaj__rs-primary-local,threaded-wmaj,"w:majority, j:None",199,9.184542
20260923T111936Z__threaded-wmaj__rs-primary-local,threaded-wmaj,"w:majority, j:None",200,10.608333
20260923T111936Z__threaded-wmaj__rs-primary-local,threaded-wmaj,"w:majority, j:None",201,9.048666
20260923T111936Z__threaded-wmaj__rs-primary-local,threaded-wmaj,"w:majority, j:None",202,9.543334
20260923T111936Z__threaded-wmaj__rs-primary-local,threaded-wmaj,"w:majority, j:None",203,10.547375
20260923T111936Z__threaded-wmaj__rs-primary-local,threaded-wmaj,"w:majority, j:None",204,10.572584
20260923T111936Z__threaded-wmaj__rs-primary-local,threaded-wmaj,"w:majority, j:None",205,10.540708
20260923T111936Z__threaded-wmaj__rs-primary-local,threaded-wmaj,"w:majority, j:None",206,9.886958
20260923T111936Z__threaded-wmaj__rs-primary-local,threaded-wmaj,"w:majority, j:None",207,10.528167
20260923T111936Z__threaded-wmaj__rs-primary-local,threaded-wmaj,"w:majority, j:None",208,5.540583
20260923T111936Z__threaded-wmaj__rs-primary-local,threaded-wmaj,"w:majority, j:None",209,9.5205
20260923T111936Z__threaded-wmaj__rs-primary-local,threaded-wmaj,"w:majority, j:None",210,9.558375
20260923T111936Z__threaded-wmaj__rs-primary-local,threaded-wmaj,"w:majority, j:None",211,9.057667
20260923T111936Z__threaded-wmaj__rs-primary-local,threaded-wmaj,"w:majority, j:None",212,10.214583
20260923T111936Z__threaded-wmaj__rs-primary-local,threaded-wmaj,"w:majority, j:None",213,9.546334
20260923T111936Z__threaded-wmaj__rs-primary-local,threaded-wmaj,"w:majority, j:None",214,11.55875
20260923T111936Z__threaded-wmaj__rs-primary-local,threaded-wmaj,"w:majority, j:None",215,12.682584
20260923T111936Z__threaded-wmaj__rs-primary-local,threaded-wmaj,"w:majority, j:None",216,10.611208
20260923T111936Z__threaded-wmaj__rs-primary-local,threaded-wmaj,"w:majority, j:None",217,9.736084
20260923T111936Z__threaded-wmaj__rs-primary-local,threaded-wmaj,"w:majority, j:None",218,10.03075
20260923T111936Z__threaded-wmaj__rs-primary-local,threaded-wmaj,"w:majority, j:None",219,9.678666
20260923T111936Z__threaded-wmaj__rs-primary-local,threaded-wmaj,"w:majority, j:None",220,9.077083
20260923T111936Z__threaded-wmaj__rs-primary-local,threaded-wmaj,"w:majority, j:None",221,9.055
20260923T111936Z__threaded-wmaj__rs-primary-local,threaded-wmaj,"w:majority, j:None",222,11.076375
20260923T111936Z__threaded-wmaj__rs-primary-local,threaded-wmaj,"w:majority, j:None",223,10.027
20260923T111936Z__threaded-wmaj__rs-primary-local,threaded-wmaj,"w:majority, j:None",224,8.665834
20260923T111936Z__threaded-wmaj__rs-primary-local,threaded-wmaj,"w:majority, j:None",225,9.03475
20260923T111936Z__threaded-wmaj__rs-primary-local,threaded-wmaj,"w:majority, j:None",226,9.020959
20260923T111936Z__threaded-wmaj__rs-primary-local,threaded-wmaj,"w:majority, j:None",227,9.185917
20260923T111936Z__threaded-wmaj__rs-primary-local,threaded-wmaj,"w:majority, j:None",228,9.172042
20260923T111936Z__threaded-wmaj__rs-primary-local,threaded-wmaj,"w:majority, j:None",229,9.183
20260923T111936Z__threaded-wmaj__rs-primary-local,threaded-wmaj,"w:majority, j:None",230,9.046291
20260923T111936Z__threaded-wmaj__rs-primary-local,threaded-wmaj,"w:majority, j:None",231,8.630584
20260923T111936Z__threaded-wmaj__rs-primary-local,threaded-wmaj,"w:majority, j:None",232,10.198959
20260923T111936Z__threaded-wmaj__rs-primary-local,threaded-wmaj,"w:majority, j:None",233,9.043708
20260923T111936Z__threaded-wmaj__rs-primary-local,threaded-wmaj,"w:majority, j:None",234,8.627042
20260923T111936Z__threaded-wmaj__rs-primary-local,threaded-wmaj,"w:majority, j:None",235,9.520459
20260923T111936Z__threaded-wmaj__rs-primary-local,threaded-wmaj,"w:majority, j:None",236,9.518625
20260923T111936Z__threaded-wmaj__rs-primary-local,threaded-wmaj,"w:majority, j:None",237,6.164541
20260923T111936Z__threaded-wmaj__rs-primary-local,threaded-wmaj,"w:majority, j:None",238,9.083875
20260923T111936Z__threaded-wmaj__rs-primary-local,threaded-wmaj,"w:majority, j:None",239,10.048708
20260923T111936Z__threaded-wmaj__rs-primary-local,threaded-wmaj,"w:majority, j:None",240,9.198084
20260923T111936Z__threaded-wmaj__rs-primary-local,threaded-wmaj,"w:majority, j:None",241,9.013584
20260923T111936Z__threaded-wmaj__rs-primary-local,threaded-wmaj,"w:majority, j:None",242,9.008291
20260923T111936Z__threaded-wmaj__rs-primary-local,threaded-wmaj,"w:majority, j:None",243,5.178708
20260923T111936Z__threaded-wmaj__rs-primary-local,threaded-wmaj,"w:majority, j:None",244,5.022667
20260923T111936Z__threaded-wmaj__rs-primary-local,threaded-wmaj,"w:majority, j:None",245,10.034708
20260923T111936Z__threaded-wmaj__rs-primary-local,threaded-wmaj,"w:majority, j:None",246,8.673166
20260923T111936Z__threaded-wmaj__rs-primary-local,threaded-wmaj,"w:majority, j:None",247,9.556958
20260923T111936Z__threaded-wmaj__rs-primary-local,threaded-wmaj,"w:majority, j:None",248,9.536041
20260923T111936Z__threaded-wmaj__rs-primary-local,threaded-wmaj,"w:majority, j:None",249,9.018042
20260923T111936Z__threaded-wmaj__rs-primary-local,threaded-wmaj,"w:majority, j:None",250,8.804333
20260923T111936Z__threaded-wmaj__rs-primary-local,threaded-wmaj,"w:majority, j:None",251,9.442959
20260923T111936Z__threaded-wmaj__rs-primary-local,threaded-wmaj,"w:majority, j:None",252,9.067125
20260923T111936Z__threaded-wmaj__rs-primary-local,threaded-wmaj,"w:majority, j:None",253,9.023709
20260923T111936Z__threaded-wmaj__rs-primary-local,threaded-wmaj,"w:majority, j:None",254,9.157083
20260923T111936Z__threaded-wmaj__rs-primary-local,threaded-wmaj,"w:majority, j:None",255,9.514042
20260923T111936Z__threaded-wmaj__rs-primary-local,threaded-wmaj,"w:majority, j:None",256,9.163709
20260923T111936Z__threaded-wmaj__rs-primary-local,threaded-wmaj,"w:majority, j:None",257,9.541041
20260923T111936Z__threaded-wmaj__rs-primary-local,threaded-wmaj,"w:majority, j:None",258,9.678958
20260923T111936Z__threaded-wmaj__rs-primary-local,threaded-wmaj,"w:majority, j:None",259,8.628959
20260923T111936Z__threaded-wmaj__rs-primary-local,threaded-wmaj,"w:majority, j:None",260,9.05775
20260923T111936Z__threaded-wmaj__rs-primary-local,threaded-wmaj,"w:majority, j:None",261,9.018417
20260923T111936Z__threaded-wmaj__rs-primary-local,threaded-wmaj,"w:majority, j:None",262,9.081125
20260923T111936Z__threaded-wmaj__rs-primary-local,threaded-wmaj,"w:majority, j:None",263,8.518667
20260923T111936Z__threaded-wmaj__rs-primary-local,threaded-wmaj,"w:majority, j:None",264,9.554292
20260923T111936Z__threaded-wmaj__rs-primary-local,threaded-wmaj,"w:majority, j:None",265,9.531458
20260923T111936Z__threaded-wmaj__rs-primary-local,threaded-wmaj,"w:majority, j:None",266,9.52575
20260923T111936Z__threaded-wmaj__rs-primary-local,threaded-wmaj,"w:majority, j:None",267,9.527459
20260923T111936Z__threaded-wmaj__rs-primary-local,threaded-wmaj,"w:majority, j:None",268,9.028166
20260923T111936Z__threaded-wmaj__rs-primary-local,threaded-wmaj,"w:majority, j:None",269,13.023958
20260923T111936Z__threaded-wmaj__rs-primary-local,threaded-wmaj,"w:majority, j:None",270,9.291792
20260923T111936Z__threaded-wmaj__rs-primary-local,threaded-wmaj,"w:majority, j:None",271,31.51275
20260923T111936Z__threaded-wmaj__rs-primary-local,threaded-wmaj,"w:majority, j:None",272,8.55575
20260923T111936Z__threaded-wmaj__rs-primary-local,threaded-wmaj,"w:majority, j:None",273,9.537416
20260923T111936Z__threaded-wmaj__rs-primary-local,threaded-wmaj,"w:majority, j:None",274,9.091708
20260923T111936Z__threaded-wmaj__rs-primary-local,threaded-wmaj,"w:majority, j:None",275,14.032958
20260923T111936Z__threaded-wmaj__rs-primary-local,threaded-wmaj,"w:majority, j:None",276,9.151292
20260923T111936Z__threaded-wmaj__rs-primary-local,threaded-wmaj,"w:majority, j:None",277,9.518917
20260923T111936Z__threaded-wmaj__rs-primary-local,threaded-wmaj,"w:majority, j:None",278,9.173875
20260923T111936Z__threaded-wmaj__rs-primary-local,threaded-wmaj,"w:majority, j:None",279,9.253458
20260923T111936Z__threaded-wmaj__rs-primary-local,threaded-wmaj,"w:majority, j:None",280,10.075542
20260923T111936Z__threaded-wmaj__rs-primary-local,threaded-wmaj,"w:majority, j:None",281,9.265667
20260923T111936Z__threaded-wmaj__rs-primary-local,threaded-wmaj,"w:majority, j:None",282,9.487625
20260923T111936Z__threaded-wmaj__rs-primary-local,threaded-wmaj,"w:majority, j:None",283,9.042
20260923T111936Z__threaded-wmaj__rs-primary-local,threaded-wmaj,"w:majority, j:None",284,9.538667
20260923T111936Z__threaded-wmaj__rs-primary-local,threaded-wmaj,"w:majority, j:None",285,9.0885
20260923T111936Z__threaded-wmaj__rs-primary-local,threaded-wmaj,"w:majority, j:None",286,9.568666
20260923T111936Z__threaded-wmaj__rs-primary-local,threaded-wmaj,"w:majority, j:None",287,5.580542
20260923T111936Z__threaded-wmaj__rs-primary-local,threaded-wmaj,"w:majority, j:None",288,9.044334
20260923T111936Z__threaded-wmaj__rs-primary-local,threaded-wmaj,"w:majority, j:None",289,13.527958
20260923T111936Z__threaded-wmaj__rs-primary-local,threaded-wmaj,"w:majority, j:None",290,9.092125
20260923T111936Z__threaded-wmaj__rs-primary-local,threaded-wmaj,"w:majority, j:None",291,9.04225
20260923T111936Z__threaded-wmaj__rs-primary-local,threaded-wmaj,"w:majority, j:None",292,9.136792
20260923T111936Z__threaded-wmaj__rs-primary-local,threaded-wmaj,"w:majority, j:None",293,9.019166
20260923T111936Z__threaded-wmaj__rs-primary-local,threaded-wmaj,"w:majority, j:None",294,9.177666
20260923T111936Z__threaded-wmaj__rs-primary-local,threaded-wmaj,"w:majority, j:None",295,9.061125
20260923T111936Z__threaded-wmaj__rs-primary-local,threaded-wmaj,"w:majority, j:None",296,10.040042
20260923T111936Z__threaded-wmaj__rs-primary-local,threaded-wmaj,"w:majority, j:None",297,9.092833
20260923T111936Z__threaded-wmaj__rs-primary-local,threaded-wmaj,"w:majority, j:None",298,9.031083
20260923T111936Z__threaded-wmaj__rs-primary-local,threaded-wmaj,"w:majority, j:None",299,9.033292
20260923T111936Z__threaded-wmaj__rs-primary-local,threaded-wmaj,"w:majority, j:None",300,9.124625
20260923T111936Z__threaded-wmaj__rs-primary-local,threaded-wmaj,"w:majority, j:None",301,5.10225
20260923T111936Z__threaded-wmaj__rs-primary-local,threaded-wmaj,"w:majority, j:None",302,9.054542
20260923T111936Z__threaded-wmaj__rs-primary-local,threaded-wmaj,"w:majority, j:None",303,9.026167
20260923T111936Z__threaded-wmaj__rs-primary-local,threaded-wmaj,"w:majority, j:None",304,9.5515
20260923T111936Z__threaded-wmaj__rs-primary-local,threaded-wmaj,"w:majority, j:None",305,10.050208
20260923T111936Z__threaded-wmaj__rs-primary-local,threaded-wmaj,"w:majority, j:None",306,9.671583
20260923T111936Z__threaded-wmaj__rs-primary-local,threaded-wmaj,"w:majority, j:None",307,9.046417
20260923T111936Z__threaded-wmaj__rs-primary-local,threaded-wmaj,"w:majority, j:None",308,15.653083
20260923T111936Z__threaded-wmaj__rs-primary-local,threaded-wmaj,"w:majority, j:None",309,9.033875
20260923T111936Z__threaded-wmaj__rs-primary-local,threaded-wmaj,"w:majority, j:None",310,13.173875
20260923T111936Z__threaded-wmaj__rs-primary-local,threaded-wmaj,"w:majority, j:None",311,5.090291
20260923T111936Z__threaded-wmaj__rs-primary-local,threaded-wmaj,"w:majority, j:None",312,5.030958
20260923T111936Z__threaded-wmaj__rs-primary-local,threaded-wmaj,"w:majority, j:None",313,10.507417
20260923T111936Z__threaded-wmaj__rs-primary-local,threaded-wmaj,"w:majority, j:None",314,9.031792
20260923T111936Z__threaded-wmaj__rs-primary-local,threaded-wmaj,"w:majority, j:None",315,8.695875
20260923T111936Z__threaded-wmaj__rs-primary-local,threaded-wmaj,"w:majority, j:None",316,6.062458
20260923T111936Z__threaded-wmaj__rs-primary-local,threaded-wmaj,"w:majority, j:None",317,9.037375
20260923T111936Z__threaded-wmaj__rs-primary-local,threaded-wmaj,"w:majority, j:None",318,10.173917
20260923T111936Z__threaded-wmaj__rs-primary-local,threaded-wmaj,"w:majority, j:None",319,5.031166
20260923T111936Z__threaded-wmaj__rs-primary-local,threaded-wmaj,"w:majority, j:None",320,5.119417
20260923T111936Z__threaded-wmaj__rs-primary-local,threaded-wmaj,"w:majority, j:None",321,9.548292
20260923T111936Z__threaded-wmaj__rs-primary-local,threaded-wmaj,"w:majority, j:None",322,9.097
20260923T111936Z__threaded-wmaj__rs-primary-local,threaded-wmaj,"w:majority, j:None",323,9.211
20260923T111936Z__threaded-wmaj__rs-primary-local,threaded-wmaj,"w:majority, j:None",324,5.0315
20260923T111936Z__threaded-wmaj__rs-primary-local,threaded-wmaj,"w:majority, j:None",325,5.0865
20260923T111936Z__threaded-wmaj__rs-primary-local,threaded-wmaj,"w:majority, j:None",326,9.169542
20260923T111936Z__threaded-wmaj__rs-primary-local,threaded-wmaj,"w:majority, j:None",327,5.173792
20260923T111936Z__threaded-wmaj__rs-primary-local,threaded-wmaj,"w:majority, j:None",328,5.117833
20260923T111936Z__threaded-wmaj__rs-primary-local,threaded-wmaj,"w:majority, j:None",329,9.673542
20260923T111936Z__threaded-wmaj__rs-primary-local,threaded-wmaj,"w:majority, j:None",330,5.034375
20260923T111936Z__threaded-wmaj__rs-primary-local,threaded-wmaj,"w:majority, j:None",331,9.187333
20260923T111936Z__threaded-wmaj__rs-primary-local,threaded-wmaj,"w:majority, j:None",332,9.100917
20260923T111936Z__threaded-wmaj__rs-primary-local,threaded-wmaj,"w:majority, j:None",333,9.177291
20260923T111936Z__threaded-wmaj__rs-primary-local,threaded-wmaj,"w:majority, j:None",334,9.03225
20260923T111936Z__threaded-wmaj__rs-primary-local,threaded-wmaj,"w:majority, j:None",335,5.084167
20260923T111936Z__threaded-wmaj__rs-primary-local,threaded-wmaj,"w:majority, j:None",336,9.041209
20260923T111936Z__threaded-wmaj__rs-primary-local,threaded-wmaj,"w:majority, j:None",337,9.029666
20260923T111936Z__threaded-wmaj__rs-primary-local,threaded-wmaj,"w:majority, j:None",338,9.02725
20260923T111936Z__threaded-wmaj__rs-primary-local,threaded-wmaj,"w:majority, j:None",339,12.691541
20260923T111936Z__threaded-wmaj__rs-primary-local,threaded-wmaj,"w:majority, j:None",340,9.030625
20260923T111936Z__threaded-wmaj__rs-primary-local,threaded-wmaj,"w:majority, j:None",341,9.051209
20260923T111936Z__threaded-wmaj__rs-primary-local,threaded-wmaj,"w:majority, j:None",342,8.551125
20260923T111936Z__threaded-wmaj__rs-primary-local,threaded-wmaj,"w:majority, j:None",343,8.590083
20260923T111936Z__threaded-wmaj__rs-primary-local,threaded-wmaj,"w:majority, j:None",344,9.029583
20260923T111936Z__threaded-wmaj__rs-primary-local,threaded-wmaj,"w:majority, j:None",345,9.031
20260923T111936Z__threaded-wmaj__rs-primary-local,threaded-wmaj,"w:majority, j:None",346,9.045667
20260923T111936Z__threaded-wmaj__rs-primary-local,threaded-wmaj,"w:majority, j:None",347,8.168417
20260923T111936Z__threaded-wmaj__rs-primary-local,threaded-wmaj,"w:majority, j:None",348,8.53475
20260923T111936Z__threaded-wmaj__rs-primary-local,threaded-wmaj,"w:majority, j:None",349,9.189458
20260923T111936Z__threaded-wmaj__rs-primary-local,threaded-wmaj,"w:majority, j:None",350,9.017875
20260923T111936Z__threaded-wmaj__rs-primary-local,threaded-wmaj,"w:majority, j:None",351,9.171042
20260923T111936Z__threaded-wmaj__rs-primary-local,threaded-wmaj,"w:majority, j:None",352,8.533042
20260923T111936Z__threaded-wmaj__rs-primary-local,threaded-wmaj,"w:majority, j:None",353,9.0315
20260923T111936Z__threaded-wmaj__rs-primary-local,threaded-wmaj,"w:majority, j:None",354,8.962291
20260923T111936Z__threaded-wmaj__rs-primary-local,threaded-wmaj,"w:majority, j:None",355,9.957042
20260923T111936Z__threaded-wmaj__rs-primary-local,threaded-wmaj,"w:majority, j:None",356,9.031125
20260923T111936Z__threaded-wmaj__rs-primary-local,threaded-wmaj,"w:majority, j:None",357,9.032667
20260923T111936Z__threaded-wmaj__rs-primary-local,threaded-wmaj,"w:majority, j:None",358,9.057625
20260923T111936Z__threaded-wmaj__rs-primary-local,threaded-wmaj,"w:majority, j:None",359,5.032833
20260923T111936Z__threaded-wmaj__rs-primary-local,threaded-wmaj,"w:majority, j:None",360,9.04375
20260923T111936Z__threaded-wmaj__rs-primary-local,threaded-wmaj,"w:majority, j:None",361,9.029417
20260923T111936Z__threaded-wmaj__rs-primary-local,threaded-wmaj,"w:majority, j:None",362,9.034959
20260923T111936Z__threaded-wmaj__rs-primary-local,threaded-wmaj,"w:majority, j:None",363,9.028417
20260923T111936Z__threaded-wmaj__rs-primary-local,threaded-wmaj,"w:majority, j:None",364,9.02075
20260923T111936Z__threaded-wmaj__rs-primary-local,threaded-wmaj,"w:majority, j:None",365,9.026666
20260923T111936Z__threaded-wmaj__rs-primary-local,threaded-wmaj,"w:majority, j:None",366,9.057833
20260923T111936Z__threaded-wmaj__rs-primary-local,threaded-wmaj,"w:majority, j:None",367,5.025416
20260923T111936Z__threaded-wmaj__rs-primary-local,threaded-wmaj,"w:majority, j:None",368,9.033042
20260923T111936Z__threaded-wmaj__rs-primary-local,threaded-wmaj,"w:majority, j:None",369,5.030792
20260923T111936Z__threaded-wmaj__rs-primary-local,threaded-wmaj,"w:majority, j:None",370,8.598333
20260923T111936Z__threaded-wmaj__rs-primary-local,threaded-wmaj,"w:majority, j:None",371,9.173291
20260923T111936Z__threaded-wmaj__rs-primary-local,threaded-wmaj,"w:majority, j:None",372,9.038375
20260923T111936Z__threaded-wmaj__rs-primary-local,threaded-wmaj,"w:majority, j:None",373,9.022459
20260923T111936Z__threaded-wmaj__rs-primary-local,threaded-wmaj,"w:majority, j:None",374,9.080042
20260923T111936Z__threaded-wmaj__rs-primary-local,threaded-wmaj,"w:majority, j:None",375,5.052458
20260923T111936Z__threaded-wmaj__rs-primary-local,threaded-wmaj,"w:majority, j:None",376,5.054291
20260923T111936Z__threaded-wmaj__rs-primary-local,threaded-wmaj,"w:majority, j:None",377,9.040917
20260923T111936Z__threaded-wmaj__rs-primary-local,threaded-wmaj,"w:majority, j:None",378,8.961875
20260923T111936Z__threaded-wmaj__rs-primary-local,threaded-wmaj,"w:majority, j:None",379,9.173792
20260923T111936Z__threaded-wmaj__rs-primary-local,threaded-wmaj,"w:majority, j:None",380,5.099375
20260923T111936Z__threaded-wmaj__rs-primary-local,threaded-wmaj,"w:majority, j:None",381,5.058625
20260923T111936Z__threaded-wmaj__rs-primary-local,threaded-wmaj,"w:majority, j:None",382,9.039875
20260923T111936Z__threaded-wmaj__rs-primary-local,threaded-wmaj,"w:majority, j:None",383,5.053375
20260923T111936Z__threaded-wmaj__rs-primary-local,threaded-wmaj,"w:majority, j:None",384,13.039208
20260923T111936Z__threaded-wmaj__rs-primary-local,threaded-wmaj,"w:majority, j:None",385,9.026208
20260923T111936Z__threaded-wmaj__rs-primary-local,threaded-wmaj,"w:majority, j:None",386,4.993417
20260923T111936Z__threaded-wmaj__rs-primary-local,threaded-wmaj,"w:majority, j:None",387,8.705667
20260923T111936Z__threaded-wmaj__rs-primary-local,threaded-wmaj,"w:majority, j:None",388,9.521167
20260923T111936Z__threaded-wmaj__rs-primary-local,threaded-wmaj,"w:majority, j:None",389,9.064083
20260923T111936Z__threaded-wmaj__rs-primary-local,threaded-wmaj,"w:majority, j:None",390,9.021958
20260923T111936Z__threaded-wmaj__rs-primary-local,threaded-wmaj,"w:majority, j:None",391,8.676458
20260923T111936Z__threaded-wmaj__rs-primary-local,threaded-wmaj,"w:majority, j:None",392,8.538792
20260923T111936Z__threaded-wmaj__rs-primary-local,threaded-wmaj,"w:majority, j:None",393,16.098125
20260923T111936Z__threaded-wmaj__rs-primary-local,threaded-wmaj,"w:majority, j:None",394,9.038666
20260923T111936Z__threaded-wmaj__rs-primary-local,threaded-wmaj,"w:majority, j:None",395,9.19175
20260923T111936Z__threaded-wmaj__rs-primary-local,threaded-wmaj,"w:majority, j:None",396,5.083167
20260923T111936Z__threaded-wmaj__rs-primary-local,threaded-wmaj,"w:majority, j:None",397,13.033334
20260923T111936Z__threaded-wmaj__rs-primary-local,threaded-wmaj,"w:majority, j:None",398,5.01525
20260923T111936Z__threaded-wmaj__rs-primary-local,threaded-wmaj,"w:majority, j:None",399,5.055334
20260923T111936Z__threaded-wmaj__rs-primary-local,threaded-wmaj,"w:majority, j:None",400,9.049208
20260923T111936Z__threaded-wmaj__rs-primary-local,threaded-wmaj,"w:majority, j:None",401,5.023875
20260923T111936Z__threaded-wmaj__rs-primary-local,threaded-wmaj,"w:majority, j:None",402,8.686625
20260923T111936Z__threaded-wmaj__rs-primary-local,threaded-wmaj,"w:majority, j:None",403,9.03025
20260923T111936Z__threaded-wmaj__rs-primary-local,threaded-wmaj,"w:majority, j:None",404,9.023875
20260923T111936Z__threaded-wmaj__rs-primary-local,threaded-wmaj,"w:majority, j:None",405,9.069375
20260923T111936Z__threaded-wmaj__rs-primary-local,threaded-wmaj,"w:majority, j:None",406,8.519958
20260923T111936Z__threaded-wmaj__rs-primary-local,threaded-wmaj,"w:majority, j:None",407,8.561541
20260923T111936Z__threaded-wmaj__rs-primary-local,threaded-wmaj,"w:majority, j:None",408,8.742167
20260923T111936Z__threaded-wmaj__rs-primary-local,threaded-wmaj,"w:majority, j:None",409,9.026583
20260923T111936Z__threaded-wmaj__rs-primary-local,threaded-wmaj,"w:majority, j:None",410,9.017084
20260923T111936Z__threaded-wmaj__rs-primary-local,threaded-wmaj,"w:majority, j:None",411,8.716916
20260923T111936Z__threaded-wmaj__rs-primary-local,threaded-wmaj,"w:majority, j:None",412,9.170083
20260923T111936Z__threaded-wmaj__rs-primary-local,threaded-wmaj,"w:majority, j:None",413,8.5635
20260923T111936Z__threaded-wmaj__rs-primary-local,threaded-wmaj,"w:majority, j:None",414,9.026375
20260923T111936Z__threaded-wmaj__rs-primary-local,threaded-wmaj,"w:majority, j:None",415,9.079917
20260923T111936Z__threaded-wmaj__rs-primary-local,threaded-wmaj,"w:majority, j:None",416,8.593625
20260923T111936Z__threaded-wmaj__rs-primary-local,threaded-wmaj,"w:majority, j:None",417,9.048291
20260923T111936Z__threaded-wmaj__rs-primary-local,threaded-wmaj,"w:majority, j:None",418,9.0525
20260923T111936Z__threaded-wmaj__rs-primary-local,threaded-wmaj,"w:majority, j:None",419,9.051959
20260923T111936Z__threaded-wmaj__rs-primary-local,threaded-wmaj,"w:majority, j:None",420,8.766542
20260923T111936Z__threaded-wmaj__rs-primary-local,threaded-wmaj,"w:majority, j:None",421,9.0685
20260923T111936Z__threaded-wmaj__rs-primary-local,threaded-wmaj,"w:majority, j:None",422,9.183625
20260923T111936Z__threaded-wmaj__rs-primary-local,threaded-wmaj,"w:majority, j:None",423,8.6335
20260923T111936Z__threaded-wmaj__rs-primary-local,threaded-wmaj,"w:majority, j:None",424,9.075875
20260923T111936Z__threaded-wmaj__rs-primary-local,threaded-wmaj,"w:majority, j:None",425,9.551
20260923T111936Z__threaded-wmaj__rs-primary-local,threaded-wmaj,"w:majority, j:None",426,9.218333
20260923T111936Z__threaded-wmaj__rs-primary-local,threaded-wmaj,"w:majority, j:None",427,8.528292
20260923T111936Z__threaded-wmaj__rs-primary-local,threaded-wmaj,"w:majority, j:None",428,8.73675
20260923T111936Z__threaded-wmaj__rs-primary-local,threaded-wmaj,"w:majority, j:None",429,8.626042
20260923T111936Z__threaded-wmaj__rs-primary-local,threaded-wmaj,"w:majority, j:None",430,8.568833
20260923T111936Z__threaded-wmaj__rs-primary-local,threaded-wmaj,"w:majority, j:None",431,9.136709
20260923T111936Z__threaded-wmaj__rs-primary-local,threaded-wmaj,"w:majority, j:None",432,9.027083
20260923T111936Z__threaded-wmaj__rs-primary-local,threaded-wmaj,"w:majority, j:None",433,8.515333
20260923T111936Z__threaded-wmaj__rs-primary-local,threaded-wmaj,"w:majority, j:None",434,8.527833
20260923T111936Z__threaded-wmaj__rs-primary-local,threaded-wmaj,"w:majority, j:None",435,8.490292
20260923T111936Z__threaded-wmaj__rs-primary-local,threaded-wmaj,"w:majority, j:None",436,9.435792
20260923T111936Z__threaded-wmaj__rs-primary-local,threaded-wmaj,"w:majority, j:None",437,9.018625
20260923T111936Z__threaded-wmaj__rs-primary-local,threaded-wmaj,"w:majority, j:None",438,9.525583
20260923T111936Z__threaded-wmaj__rs-primary-local,threaded-wmaj,"w:majority, j:None",439,8.556625
20260923T111936Z__threaded-wmaj__rs-primary-local,threaded-wmaj,"w:majority, j:None",440,13.090208
20260923T111936Z__threaded-wmaj__rs-primary-local,threaded-wmaj,"w:majority, j:None",441,9.037
20260923T111936Z__threaded-wmaj__rs-primary-local,threaded-wmaj,"w:majority, j:None",442,9.02175
20260923T111936Z__threaded-wmaj__rs-primary-local,threaded-wmaj,"w:majority, j:None",443,9.092333
20260923T111936Z__threaded-wmaj__rs-primary-local,threaded-wmaj,"w:majority, j:None",444,8.668291
20260923T111936Z__threaded-wmaj__rs-primary-local,threaded-wmaj,"w:majority, j:None",445,9.103042
20260923T111936Z__threaded-wmaj__rs-primary-local,threaded-wmaj,"w:majority, j:None",446,9.562709
20260923T111936Z__threaded-wmaj__rs-primary-local,threaded-wmaj,"w:majority, j:None",447,5.035959
20260923T111936Z__threaded-wmaj__rs-primary-local,threaded-wmaj,"w:majority, j:None",448,8.535583
20260923T111936Z__threaded-wmaj__rs-primary-local,threaded-wmaj,"w:majority, j:None",449,9.662875
20260923T111936Z__threaded-wmaj__rs-primary-local,threaded-wmaj,"w:majority, j:None",450,9.043917
20260923T111936Z__threaded-wmaj__rs-primary-local,threaded-wmaj,"w:majority, j:None",451,8.62875
20260923T111936Z__threaded-wmaj__rs-primary-local,threaded-wmaj,"w:majority, j:None",452,8.956
20260923T111936Z__threaded-wmaj__rs-primary-local,threaded-wmaj,"w:majority, j:None",453,9.039792
20260923T111936Z__threaded-wmaj__rs-primary-local,threaded-wmaj,"w:majority, j:None",454,9.682791
20260923T111936Z__threaded-wmaj__rs-primary-local,threaded-wmaj,"w:majority, j:None",455,9.032958
20260923T111936Z__threaded-wmaj__rs-primary-local,threaded-wmaj,"w:majority, j:None",456,9.171459
20260923T111936Z__threaded-wmaj__rs-primary-local,threaded-wmaj,"w:majority, j:None",457,8.593125
20260923T111936Z__threaded-wmaj__rs-primary-local,threaded-wmaj,"w:majority, j:None",458,9.171459
20260923T111936Z__threaded-wmaj__rs-primary-local,threaded-wmaj,"w:majority, j:None",459,9.535
20260923T111936Z__threaded-wmaj__rs-primary-local,threaded-wmaj,"w:majority, j:None",460,9.570666
20260923T111936Z__threaded-wmaj__rs-primary-local,threaded-wmaj,"w:majority, j:None",461,8.639041
20260923T111936Z__threaded-wmaj__rs-primary-local,threaded-wmaj,"w:majority, j:None",462,9.02575
20260923T111936Z__threaded-wmaj__rs-primary-local,threaded-wmaj,"w:majority, j:None",463,8.64975
20260923T111936Z__threaded-wmaj__rs-primary-local,threaded-wmaj,"w:majority, j:None",464,5.088333
20260923T111936Z__threaded-wmaj__rs-primary-local,threaded-wmaj,"w:majority, j:None",465,8.608417
20260923T111936Z__threaded-wmaj__rs-primary-local,threaded-wmaj,"w:majority, j:None",466,9.01725
20260923T111936Z__threaded-wmaj__rs-primary-local,threaded-wmaj,"w:majority, j:None",467,9.031208
20260923T111936Z__threaded-wmaj__rs-primary-local,threaded-wmaj,"w:majority, j:None",468,9.041834
20260923T111936Z__threaded-wmaj__rs-primary-local,threaded-wmaj,"w:majority, j:None",469,9.030416
20260923T111936Z__threaded-wmaj__rs-primary-local,threaded-wmaj,"w:majority, j:None",470,9.555375
20260923T111936Z__threaded-wmaj__rs-primary-local,threaded-wmaj,"w:majority, j:None",471,10.642667
20260923T111936Z__threaded-wmaj__rs-primary-local,threaded-wmaj,"w:majority, j:None",472,8.599375
20260923T111936Z__threaded-wmaj__rs-primary-local,threaded-wmaj,"w:majority, j:None",473,9.026708
20260923T111936Z__threaded-wmaj__rs-primary-local,threaded-wmaj,"w:majority, j:None",474,9.574708
20260923T111936Z__threaded-wmaj__rs-primary-local,threaded-wmaj,"w:majority, j:None",475,9.061916
20260923T111936Z__threaded-wmaj__rs-primary-local,threaded-wmaj,"w:majority, j:None",476,9.029042
20260923T111936Z__threaded-wmaj__rs-primary-local,threaded-wmaj,"w:majority, j:None",477,9.033666
20260923T111936Z__threaded-wmaj__rs-primary-local,threaded-wmaj,"w:majority, j:None",478,9.01525
20260923T111936Z__threaded-wmaj__rs-primary-local,threaded-wmaj,"w:majority, j:None",479,12.669625
20260923T111936Z__threaded-wmaj__rs-primary-local,threaded-wmaj,"w:majority, j:None",480,9.027958
20260923T111936Z__threaded-wmaj__rs-primary-local,threaded-wmaj,"w:majority, j:None",481,9.028125
20260923T111936Z__threaded-wmaj__rs-primary-local,threaded-wmaj,"w:majority, j:None",482,9.032625
20260923T111936Z__threaded-wmaj__rs-primary-local,threaded-wmaj,"w:majority, j:None",483,9.1685
20260923T111936Z__threaded-wmaj__rs-primary-local,threaded-wmaj,"w:majority, j:None",484,12.6695
20260923T111936Z__threaded-wmaj__rs-primary-local,threaded-wmaj,"w:majority, j:None",485,8.666875
20260923T111936Z__threaded-wmaj__rs-primary-local,threaded-wmaj,"w:majority, j:None",486,10.026208
20260923T111936Z__threaded-wmaj__rs-primary-local,threaded-wmaj,"w:majority, j:None",487,8.670334
20260923T111936Z__threaded-wmaj__rs-primary-local,threaded-wmaj,"w:majority, j:None",488,8.637292
20260923T111936Z__threaded-wmaj__rs-primary-local,threaded-wmaj,"w:majority, j:None",489,9.016291
20260923T111936Z__threaded-wmaj__rs-primary-local,threaded-wmaj,"w:majority, j:None",490,8.649666
20260923T111936Z__threaded-wmaj__rs-primary-local,threaded-wmaj,"w:majority, j:None",491,8.514958
20260923T111936Z__threaded-wmaj__rs-primary-local,threaded-wmaj,"w:majority, j:None",492,13.003208
20260923T111936Z__threaded-wmaj__rs-primary-local,threaded-wmaj,"w:majority, j:None",493,8.557667
20260923T111936Z__threaded-wmaj__rs-primary-local,threaded-wmaj,"w:majority, j:None",494,9.032625
20260923T111936Z__threaded-wmaj__rs-primary-local,threaded-wmaj,"w:majority, j:None",495,5.02875
20260923T111936Z__threaded-wmaj__rs-primary-local,threaded-wmaj,"w:majority, j:None",496,9.031459
20260923T111936Z__threaded-wmaj__rs-primary-local,threaded-wmaj,"w:majority, j:None",497,5.048334
20260923T111936Z__threaded-wmaj__rs-primary-local,threaded-wmaj,"w:majority, j:None",498,5.044584
20260923T111936Z__threaded-wmaj__rs-primary-local,threaded-wmaj,"w:majority, j:None",499,9.033458
20260923T111936Z__threaded-wmaj__rs-primary-local,threaded-wmaj,"w:majority, j:None",500,8.98425
20260923T111936Z__threaded-wmaj__rs-primary-local,threaded-wmaj,"w:majority, j:None",501,8.671916
20260923T111936Z__threaded-wmaj__rs-primary-local,threaded-wmaj,"w:majority, j:None",502,9.091167
20260923T111936Z__threaded-wmaj__rs-primary-local,threaded-wmaj,"w:majority, j:None",503,9.049417
20260923T111936Z__threaded-wmaj__rs-primary-local,threaded-wmaj,"w:majority, j:None",504,8.972125
20260923T111936Z__threaded-wmaj__rs-primary-local,threaded-wmaj,"w:majority, j:None",505,10.044959
20260923T111936Z__threaded-wmaj__rs-primary-local,threaded-wmaj,"w:majority, j:None",506,9.029792
20260923T111936Z__threaded-wmaj__rs-primary-local,threaded-wmaj,"w:majority, j:None",507,9.036
20260923T111936Z__threaded-wmaj__rs-primary-local,threaded-wmaj,"w:majority, j:None",508,8.17125
20260923T111936Z__threaded-wmaj__rs-primary-local,threaded-wmaj,"w:majority, j:None",509,9.021916
20260923T111936Z__threaded-wmaj__rs-primary-local,threaded-wmaj,"w:majority, j:None",510,9.043084
20260923T111936Z__threaded-wmaj__rs-primary-local,threaded-wmaj,"w:majority, j:None",511,5.038209
20260923T111936Z__threaded-wmaj__rs-primary-local,threaded-wmaj,"w:majority, j:None",512,9.046708
20260923T111936Z__threaded-wmaj__rs-primary-local,threaded-wmaj,"w:majority, j:None",513,9.0335
20260923T111936Z__threaded-wmaj__rs-primary-local,threaded-wmaj,"w:majority, j:None",514,8.71825
20260923T111936Z__threaded-wmaj__rs-primary-local,threaded-wmaj,"w:majority, j:None",515,9.039917
20260923T111936Z__threaded-wmaj__rs-primary-local,threaded-wmaj,"w:majority, j:None",516,10.029833
20260923T111936Z__threaded-wmaj__rs-primary-local,threaded-wmaj,"w:majority, j:None",517,9.033208
20260923T111936Z__threaded-wmaj__rs-primary-local,threaded-wmaj,"w:majority, j:None",518,9.521208
20260923T111936Z__threaded-wmaj__rs-primary-local,threaded-wmaj,"w:majority, j:None",519,13.036791
20260923T111936Z__threaded-wmaj__rs-primary-local,threaded-wmaj,"w:majority, j:None",520,9.022792
20260923T111936Z__threaded-wmaj__rs-primary-local,threaded-wmaj,"w:majority, j:None",521,8.529458
20260923T111936Z__threaded-wmaj__rs-primary-local,threaded-wmaj,"w:majority, j:None",522,9.046541
20260923T111936Z__threaded-wmaj__rs-primary-local,threaded-wmaj,"w:majority, j:None",523,9.02475
20260923T111936Z__threaded-wmaj__rs-primary-local,threaded-wmaj,"w:majority, j:None",524,9.03325
20260923T111936Z__threaded-wmaj__rs-primary-local,threaded-wmaj,"w:majority, j:None",525,9.055167
20260923T111936Z__threaded-wmaj__rs-primary-local,threaded-wmaj,"w:majority, j:None",526,9.02525
20260923T111936Z__threaded-wmaj__rs-primary-local,threaded-wmaj,"w:majority, j:None",527,9.043917
20260923T111936Z__threaded-wmaj__rs-primary-local,threaded-wmaj,"w:majority, j:None",528,8.703042
20260923T111936Z__threaded-wmaj__rs-primary-local,threaded-wmaj,"w:majority, j:None",529,9.036083
20260923T111936Z__threaded-wmaj__rs-primary-local,threaded-wmaj,"w:majority, j:None",530,9.0965
20260923T111936Z__threaded-wmaj__rs-primary-local,threaded-wmaj,"w:majority, j:None",531,9.173125
20260923T111936Z__threaded-wmaj__rs-primary-local,threaded-wmaj,"w:majority, j:None",532,9.062584
20260923T111936Z__threaded-wmaj__rs-primary-local,threaded-wmaj,"w:majority, j:None",533,9.039834
20260923T111936Z__threaded-wmaj__rs-primary-local,threaded-wmaj,"w:majority, j:None",534,9.0325
20260923T111936Z__threaded-wmaj__rs-primary-local,threaded-wmaj,"w:majority, j:None",535,8.991333
20260923T111936Z__threaded-wmaj__rs-primary-local,threaded-wmaj,"w:majority, j:None",536,9.030333
20260923T111936Z__threaded-wmaj__rs-primary-local,threaded-wmaj,"w:majority, j:None",537,8.978333
20260923T111936Z__threaded-wmaj__rs-primary-local,threaded-wmaj,"w:majority, j:None",538,9.044542
20260923T111936Z__threaded-wmaj__rs-primary-local,threaded-wmaj,"w:majority, j:None",539,9.032
20260923T111936Z__threaded-wmaj__rs-primary-local,threaded-wmaj,"w:majority, j:None",540,9.10175
20260923T111936Z__threaded-wmaj__rs-primary-local,threaded-wmaj,"w:majority, j:None",541,9.02575
20260923T111936Z__threaded-wmaj__rs-primary-local,threaded-wmaj,"w:majority, j:None",542,9.024542
20260923T111936Z__threaded-wmaj__rs-primary-local,threaded-wmaj,"w:majority, j:None",543,8.960625
20260923T111936Z__threaded-wmaj__rs-primary-local,threaded-wmaj,"w:majority, j:None",544,13.197875
20260923T111936Z__threaded-wmaj__rs-primary-local,threaded-wmaj,"w:majority, j:None",545,9.083625
20260923T111936Z__threaded-wmaj__rs-primary-local,threaded-wmaj,"w:majority, j:None",546,9.109959
20260923T111936Z__threaded-wmaj__rs-primary-local,threaded-wmaj,"w:majority, j:None",547,9.097167
20260923T111936Z__threaded-wmaj__rs-primary-local,threaded-wmaj,"w:majority, j:None",548,9.102
20260923T111936Z__threaded-wmaj__rs-primary-local,threaded-wmaj,"w:majority, j:None",549,9.081042
20260923T111936Z__threaded-wmaj__rs-primary-local,threaded-wmaj,"w:majority, j:None",550,9.035917
20260923T111936Z__threaded-wmaj__rs-primary-local,threaded-wmaj,"w:majority, j:None",551,8.971458
20260923T111936Z__threaded-wmaj__rs-primary-local,threaded-wmaj,"w:majority, j:None",552,8.953708
20260923T111936Z__threaded-wmaj__rs-primary-local,threaded-wmaj,"w:majority, j:None",553,9.030541
20260923T111936Z__threaded-wmaj__rs-primary-local,threaded-wmaj,"w:majority, j:None",554,9.050792
20260923T111936Z__threaded-wmaj__rs-primary-local,threaded-wmaj,"w:majority, j:None",555,10.028416
20260923T111936Z__threaded-wmaj__rs-primary-local,threaded-wmaj,"w:majority, j:None",556,9.042125
20260923T111936Z__threaded-wmaj__rs-primary-local,threaded-wmaj,"w:majority, j:None",557,8.515792
20260923T111936Z__threaded-wmaj__rs-primary-local,threaded-wmaj,"w:majority, j:None",558,8.936542
20260923T111936Z__threaded-wmaj__rs-primary-local,threaded-wmaj,"w:majority, j:None",559,8.516208
20260923T111936Z__threaded-wmaj__rs-primary-local,threaded-wmaj,"w:majority, j:None",560,9.521875
20260923T111936Z__threaded-wmaj__rs-primary-local,threaded-wmaj,"w:majority, j:None",561,8.588042
20260923T111936Z__threaded-wmaj__rs-primary-local,threaded-wmaj,"w:majority, j:None",562,8.52125
20260923T111936Z__threaded-wmaj__rs-primary-local,threaded-wmaj,"w:majority, j:None",563,16.541875
20260923T111936Z__threaded-wmaj__rs-primary-local,threaded-wmaj,"w:majority, j:None",564,8.531833
20260923T111936Z__threaded-wmaj__rs-primary-local,threaded-wmaj,"w:majority, j:None",565,8.707292
20260923T111936Z__threaded-wmaj__rs-primary-local,threaded-wmaj,"w:majority, j:None",566,9.079208
20260923T111936Z__threaded-wmaj__rs-primary-local,threaded-wmaj,"w:majority, j:None",567,10.058416
20260923T111936Z__threaded-wmaj__rs-primary-local,threaded-wmaj,"w:majority, j:None",568,9.044417
20260923T111936Z__threaded-wmaj__rs-primary-local,threaded-wmaj,"w:majority, j:None",569,9.043708
20260923T111936Z__threaded-wmaj__rs-primary-local,threaded-wmaj,"w:majority, j:None",570,9.550334
20260923T111936Z__threaded-wmaj__rs-primary-local,threaded-wmaj,"w:majority, j:None",571,18.937833
20260923T111936Z__threaded-wmaj__rs-primary-local,threaded-wmaj,"w:majority, j:None",572,10.539208
20260923T111936Z__threaded-wmaj__rs-primary-local,threaded-wmaj,"w:majority, j:None",573,10.047292
20260923T111936Z__threaded-wmaj__rs-primary-local,threaded-wmaj,"w:majority, j:None",574,9.545458
20260923T111936Z__threaded-wmaj__rs-primary-local,threaded-wmaj,"w:majority, j:None",575,10.239083
20260923T111936Z__threaded-wmaj__rs-primary-local,threaded-wmaj,"w:majority, j:None",576,9.132
20260923T111936Z__threaded-wmaj__rs-primary-local,threaded-wmaj,"w:majority, j:None",577,9.034209
20260923T111936Z__threaded-wmaj__rs-primary-local,threaded-wmaj,"w:majority, j:None",578,5.061708
20260923T111936Z__threaded-wmaj__rs-primary-local,threaded-wmaj,"w:majority, j:None",579,9.04525
20260923T111936Z__threaded-wmaj__rs-primary-local,threaded-wmaj,"w:majority, j:None",580,8.776334
20260923T111936Z__threaded-wmaj__rs-primary-local,threaded-wmaj,"w:majority, j:None",581,9.025833
20260923T111936Z__threaded-wmaj__rs-primary-local,threaded-wmaj,"w:majority, j:None",582,9.037334
20260923T111936Z__threaded-wmaj__rs-primary-local,threaded-wmaj,"w:majority, j:None",583,9.177958
20260923T111936Z__threaded-wmaj__rs-primary-local,threaded-wmaj,"w:majority, j:None",584,10.04925
20260923T111936Z__threaded-wmaj__rs-primary-local,threaded-wmaj,"w:majority, j:None",585,9.028
20260923T111936Z__threaded-wmaj__rs-primary-local,threaded-wmaj,"w:majority, j:None",586,9.715833
20260923T111936Z__threaded-wmaj__rs-primary-local,threaded-wmaj,"w:majority, j:None",587,10.530791
20260923T111936Z__threaded-wmaj__rs-primary-local,threaded-wmaj,"w:majority, j:None",588,9.547458
20260923T111936Z__threaded-wmaj__rs-primary-local,threaded-wmaj,"w:majority, j:None",589,9.061958
20260923T111936Z__threaded-wmaj__rs-primary-local,threaded-wmaj,"w:majority, j:None",590,12.579458
20260923T111936Z__threaded-wmaj__rs-primary-local,threaded-wmaj,"w:majority, j:None",591,12.793292
20260923T111936Z__threaded-wmaj__rs-primary-local,threaded-wmaj,"w:majority, j:None",592,9.513291
20260923T111936Z__threaded-wmaj__rs-primary-local,threaded-wmaj,"w:majority, j:None",593,8.554291
20260923T111936Z__threaded-wmaj__rs-primary-local,threaded-wmaj,"w:majority, j:None",594,9.031459
20260923T111936Z__threaded-wmaj__rs-primary-local,threaded-wmaj,"w:majority, j:None",595,9.556917
20260923T111936Z__threaded-wmaj__rs-primary-local,threaded-wmaj,"w:majority, j:None",596,9.068042
20260923T111936Z__threaded-wmaj__rs-primary-local,threaded-wmaj,"w:majority, j:None",597,9.531375
20260923T111936Z__threaded-wmaj__rs-primary-local,threaded-wmaj,"w:majority, j:None",598,10.507417
20260923T111936Z__threaded-wmaj__rs-primary-local,threaded-wmaj,"w:majority, j:None",599,10.539083
20260923T111936Z__threaded-wmaj__rs-primary-local,threaded-wmaj,"w:majority, j:None",600,9.565584
20260923T111936Z__threaded-wmaj__rs-primary-local,threaded-wmaj,"w:majority, j:None",601,9.072166
20260923T111936Z__threaded-wmaj__rs-primary-local,threaded-wmaj,"w:majority, j:None",602,10.208125
20260923T111936Z__threaded-wmaj__rs-primary-local,threaded-wmaj,"w:majority, j:None",603,12.540667
20260923T111936Z__threaded-wmaj__rs-primary-local,threaded-wmaj,"w:majority, j:None",604,9.046625
20260923T111936Z__threaded-wmaj__rs-primary-local,threaded-wmaj,"w:majority, j:None",605,9.527875
20260923T111936Z__threaded-wmaj__rs-primary-local,threaded-wmaj,"w:majority, j:None",606,9.037667
20260923T111936Z__threaded-wmaj__rs-primary-local,threaded-wmaj,"w:majority, j:None",607,9.078875
20260923T111936Z__threaded-wmaj__rs-primary-local,threaded-wmaj,"w:majority, j:None",608,9.164708
20260923T111936Z__threaded-wmaj__rs-primary-local,threaded-wmaj,"w:majority, j:None",609,8.958291
20260923T111936Z__threaded-wmaj__rs-primary-local,threaded-wmaj,"w:majority, j:None",610,9.033708
20260923T111936Z__threaded-wmaj__rs-primary-local,threaded-wmaj,"w:majority, j:None",611,9.546125
20260923T111936Z__threaded-wmaj__rs-primary-local,threaded-wmaj,"w:majority, j:None",612,9.040959
20260923T111936Z__threaded-wmaj__rs-primary-local,threaded-wmaj,"w:majority, j:None",613,9.168167
20260923T111936Z__threaded-wmaj__rs-primary-local,threaded-wmaj,"w:majority, j:None",614,9.541292
20260923T111936Z__threaded-wmaj__rs-primary-local,threaded-wmaj,"w:majority, j:None",615,9.195
20260923T111936Z__threaded-wmaj__rs-primary-local,threaded-wmaj,"w:majority, j:None",616,9.519416
20260923T111936Z__threaded-wmaj__rs-primary-local,threaded-wmaj,"w:majority, j:None",617,9.529083
20260923T111936Z__threaded-wmaj__rs-primary-local,threaded-wmaj,"w:majority, j:None",618,9.567833
20260923T111936Z__threaded-wmaj__rs-primary-local,threaded-wmaj,"w:majority, j:None",619,9.559666
20260923T111936Z__threaded-wmaj__rs-primary-local,threaded-wmaj,"w:majority, j:None",620,8.949667
20260923T111936Z__threaded-wmaj__rs-primary-local,threaded-wmaj,"w:majority, j:None",621,8.52025
20260923T111936Z__threaded-wmaj__rs-primary-local,threaded-wmaj,"w:majority, j:None",622,8.550291
20260923T111936Z__threaded-wmaj__rs-primary-local,threaded-wmaj,"w:majority, j:None",623,9.214542
20260923T111936Z__threaded-wmaj__rs-primary-local,threaded-wmaj,"w:majority, j:None",624,9.044167
20260923T111936Z__threaded-wmaj__rs-primary-local,threaded-wmaj,"w:majority, j:None",625,9.169125
20260923T111936Z__threaded-wmaj__rs-primary-local,threaded-wmaj,"w:majority, j:None",626,8.562
20260923T111936Z__threaded-wmaj__rs-primary-local,threaded-wmaj,"w:majority, j:None",627,13.548458
20260923T111936Z__threaded-wmaj__rs-primary-local,threaded-wmaj,"w:majority, j:None",628,8.554
20260923T111936Z__threaded-wmaj__rs-primary-local,threaded-wmaj,"w:majority, j:None",629,9.5115
20260923T111936Z__threaded-wmaj__rs-primary-local,threaded-wmaj,"w:majority, j:None",630,9.458208
20260923T111936Z__threaded-wmaj__rs-primary-local,threaded-wmaj,"w:majority, j:None",631,9.540875
20260923T111936Z__threaded-wmaj__rs-primary-local,threaded-wmaj,"w:majority, j:None",632,9.022333
20260923T111936Z__threaded-wmaj__rs-primary-local,threaded-wmaj,"w:majority, j:None",633,9.530833
20260923T111936Z__threaded-wmaj__rs-primary-local,threaded-wmaj,"w:majority, j:None",634,8.523375
20260923T111936Z__threaded-wmaj__rs-primary-local,threaded-wmaj,"w:majority, j:None",635,8.516625
20260923T111936Z__threaded-wmaj__rs-primary-local,threaded-wmaj,"w:majority, j:None",636,9.526958
20260923T111936Z__threaded-wmaj__rs-primary-local,threaded-wmaj,"w:majority, j:None",637,9.19425
20260923T111936Z__threaded-wmaj__rs-primary-local,threaded-wmaj,"w:majority, j:None",638,8.52
20260923T111936Z__threaded-wmaj__rs-primary-local,threaded-wmaj,"w:majority, j:None",639,8.52
20260923T111936Z__threaded-wmaj__rs-primary-local,threaded-wmaj,"w:majority, j:None",640,9.062084
20260923T111936Z__threaded-wmaj__rs-primary-local,threaded-wmaj,"w:majority, j:None",641,9.565792
20260923T111936Z__threaded-wmaj__rs-primary-local,threaded-wmaj,"w:majority, j:None",642,9.207666
20260923T111936Z__threaded-wmaj__rs-primary-local,threaded-wmaj,"w:majority, j:None",643,10.028458
20260923T111936Z__threaded-wmaj__rs-primary-local,threaded-wmaj,"w:majority, j:None",644,9.200583
20260923T111936Z__threaded-wmaj__rs-primary-local,threaded-wmaj,"w:majority, j:None",645,9.534375
20260923T111936Z__threaded-wmaj__rs-primary-local,threaded-wmaj,"w:majority, j:None",646,8.52075
20260923T111936Z__threaded-wmaj__rs-primary-local,threaded-wmaj,"w:majority, j:None",647,13.049708
20260923T111936Z__threaded-wmaj__rs-primary-local,threaded-wmaj,"w:majority, j:None",648,8.613667
20260923T111936Z__threaded-wmaj__rs-primary-local,threaded-wmaj,"w:majority, j:None",649,8.520834
20260923T111936Z__threaded-wmaj__rs-primary-local,threaded-wmaj,"w:majority, j:None",650,8.506
20260923T111936Z__threaded-wmaj__rs-primary-local,threaded-wmaj,"w:majority, j:None",651,9.538833
20260923T111936Z__threaded-wmaj__rs-primary-local,threaded-wmaj,"w:majority, j:None",652,9.56825
20260923T111936Z__threaded-wmaj__rs-primary-local,threaded-wmaj,"w:majority, j:None",653,9.565042
20260923T111936Z__threaded-wmaj__rs-primary-local,threaded-wmaj,"w:majority, j:None",654,9.524709
20260923T111936Z__threaded-wmaj__rs-primary-local,threaded-wmaj,"w:majority, j:None",655,9.526834
20260923T111936Z__threaded-wmaj__rs-primary-local,threaded-wmaj,"w:majority, j:None",656,9.551666
20260923T111936Z__threaded-wmaj__rs-primary-local,threaded-wmaj,"w:majority, j:None",657,9.532166
20260923T111936Z__threaded-wmaj__rs-primary-local,threaded-wmaj,"w:majority, j:None",658,10.034458
20260923T111936Z__threaded-wmaj__rs-primary-local,threaded-wmaj,"w:majority, j:None",659,9.142625
20260923T111936Z__threaded-wmaj__rs-primary-local,threaded-wmaj,"w:majority, j:None",660,8.133
20260923T111936Z__threaded-wmaj__rs-primary-local,threaded-wmaj,"w:majority, j:None",661,9.213667
20260923T111936Z__threaded-wmaj__rs-primary-local,threaded-wmaj,"w:majority, j:None",662,8.5615
20260923T111936Z__threaded-wmaj__rs-primary-local,threaded-wmaj,"w:majority, j:None",663,9.527167
20260923T111936Z__threaded-wmaj__rs-primary-local,threaded-wmaj,"w:majority, j:None",664,9.651708
20260923T111936Z__threaded-wmaj__rs-primary-local,threaded-wmaj,"w:majority, j:None",665,9.522834
20260923T111936Z__threaded-wmaj__rs-primary-local,threaded-wmaj,"w:majority, j:None",666,10.040625
20260923T111936Z__threaded-wmaj__rs-primary-local,threaded-wmaj,"w:majority, j:None",667,9.536
20260923T111936Z__threaded-wmaj__rs-primary-local,threaded-wmaj,"w:majority, j:None",668,9.518583
20260923T111936Z__threaded-wmaj__rs-primary-local,threaded-wmaj,"w:majority, j:None",669,9.509041
20260923T111936Z__threaded-wmaj__rs-primary-local,threaded-wmaj,"w:majority, j:None",670,9.542417
20260923T111936Z__threaded-wmaj__rs-primary-local,threaded-wmaj,"w:majority, j:None",671,9.520625
20260923T111936Z__threaded-wmaj__rs-primary-local,threaded-wmaj,"w:majority, j:None",672,10.554292
20260923T111936Z__threaded-wmaj__rs-primary-local,threaded-wmaj,"w:majority, j:None",673,9.51825
20260923T111936Z__threaded-wmaj__rs-primary-local,threaded-wmaj,"w:majority, j:None",674,10.14175
20260923T111936Z__threaded-wmaj__rs-primary-local,threaded-wmaj,"w:majority, j:None",675,9.51125
20260923T111936Z__threaded-wmaj__rs-primary-local,threaded-wmaj,"w:majority, j:None",676,9.059042
20260923T111936Z__threaded-wmaj__rs-primary-local,threaded-wmaj,"w:majority, j:None",677,9.530791
20260923T111936Z__threaded-wmaj__rs-primary-local,threaded-wmaj,"w:majority, j:None",678,9.52475
20260923T111936Z__threaded-wmaj__rs-primary-local,threaded-wmaj,"w:majority, j:None",679,9.172708
20260923T111936Z__threaded-wmaj__rs-primary-local,threaded-wmaj,"w:majority, j:None",680,9.524542
20260923T111936Z__threaded-wmaj__rs-primary-local,threaded-wmaj,"w:majority, j:None",681,10.02275
20260923T111936Z__threaded-wmaj__rs-primary-local,threaded-wmaj,"w:majority, j:None",682,8.967334
20260923T111936Z__threaded-wmaj__rs-primary-local,threaded-wmaj,"w:majority, j:None",683,8.551208
20260923T111936Z__threaded-wmaj__rs-primary-local,threaded-wmaj,"w:majority, j:None",684,8.955167
20260923T111936Z__threaded-wmaj__rs-primary-local,threaded-wmaj,"w:majority, j:None",685,9.522417
20260923T111936Z__threaded-wmaj__rs-primary-local,threaded-wmaj,"w:majority, j:None",686,9.177541
20260923T111936Z__threaded-wmaj__rs-primary-local,threaded-wmaj,"w:majority, j:None",687,9.078791
20260923T111936Z__threaded-wmaj__rs-primary-local,threaded-wmaj,"w:majority, j:None",688,9.527666
20260923T111936Z__threaded-wmaj__rs-primary-local,threaded-wmaj,"w:majority, j:None",689,8.545375
20260923T111936Z__threaded-wmaj__rs-primary-local,threaded-wmaj,"w:majority, j:None",690,9.019042
20260923T111936Z__threaded-wmaj__rs-primary-local,threaded-wmaj,"w:majority, j:None",691,8.612458
20260923T111936Z__threaded-wmaj__rs-primary-local,threaded-wmaj,"w:majority, j:None",692,9.063583
20260923T111936Z__threaded-wmaj__rs-primary-local,threaded-wmaj,"w:majority, j:None",693,9.079541
20260923T111936Z__threaded-wmaj__rs-primary-local,threaded-wmaj,"w:majority, j:None",694,9.026417
20260923T111936Z__threaded-wmaj__rs-primary-local,threaded-wmaj,"w:majority, j:None",695,9.0715
20260923T111936Z__threaded-wmaj__rs-primary-local,threaded-wmaj,"w:majority, j:None",696,9.047125
20260923T111936Z__threaded-wmaj__rs-primary-local,threaded-wmaj,"w:majority, j:None",697,8.597084
20260923T111936Z__threaded-wmaj__rs-primary-local,threaded-wmaj,"w:majority, j:None",698,8.640375
20260923T111936Z__threaded-wmaj__rs-primary-local,threaded-wmaj,"w:majority, j:None",699,8.523375
20260923T111936Z__threaded-wmaj__rs-primary-local,threaded-wmaj,"w:majority, j:None",700,8.593875
20260923T111936Z__threaded-wmaj__rs-primary-local,threaded-wmaj,"w:majority, j:None",701,12.598333
20260923T111936Z__threaded-wmaj__rs-primary-local,threaded-wmaj,"w:majority, j:None",702,8.519458
20260923T111936Z__threaded-wmaj__rs-primary-local,threaded-wmaj,"w:majority, j:None",703,8.543625
20260923T111936Z__threaded-wmaj__rs-primary-local,threaded-wmaj,"w:majority, j:None",704,9.058542
20260923T111936Z__threaded-wmaj__rs-primary-local,threaded-wmaj,"w:majority, j:None",705,9.168958
20260923T111936Z__threaded-wmaj__rs-primary-local,threaded-wmaj,"w:majority, j:None",706,9.573125
20260923T111936Z__threaded-wmaj__rs-primary-local,threaded-wmaj,"w:majority, j:None",707,8.509583
20260923T111936Z__threaded-wmaj__rs-primary-local,threaded-wmaj,"w:majority, j:None",708,8.570917
20260923T111936Z__threaded-wmaj__rs-primary-local,threaded-wmaj,"w:majority, j:None",709,8.539833
20260923T111936Z__threaded-wmaj__rs-primary-local,threaded-wmaj,"w:majority, j:None",710,9.562334
20260923T111936Z__threaded-wmaj__rs-primary-local,threaded-wmaj,"w:majority, j:None",711,9.039417
20260923T111936Z__threaded-wmaj__rs-primary-local,threaded-wmaj,"w:majority, j:None",712,8.568334
20260923T111936Z__threaded-wmaj__rs-primary-local,threaded-wmaj,"w:majority, j:None",713,8.661084
20260923T111936Z__threaded-wmaj__rs-primary-local,threaded-wmaj,"w:majority, j:None",714,8.974417
20260923T111936Z__threaded-wmaj__rs-primary-local,threaded-wmaj,"w:majority, j:None",715,8.561875
20260923T111936Z__threaded-wmaj__rs-primary-local,threaded-wmaj,"w:majority, j:None",716,10.03975
20260923T111936Z__threaded-wmaj__rs-primary-local,threaded-wmaj,"w:majority, j:None",717,9.007084
20260923T111936Z__threaded-wmaj__rs-primary-local,threaded-wmaj,"w:majority, j:None",718,8.659667
20260923T111936Z__threaded-wmaj__rs-primary-local,threaded-wmaj,"w:majority, j:None",719,8.596125
20260923T111936Z__threaded-wmaj__rs-primary-local,threaded-wmaj,"w:majority, j:None",720,10.228167
20260923T111936Z__threaded-wmaj__rs-primary-local,threaded-wmaj,"w:majority, j:None",721,10.528167
20260923T111936Z__threaded-wmaj__rs-primary-local,threaded-wmaj,"w:majority, j:None",722,9.02575
20260923T111936Z__threaded-wmaj__rs-primary-local,threaded-wmaj,"w:majority, j:None",723,8.520333
20260923T111936Z__threaded-wmaj__rs-primary-local,threaded-wmaj,"w:majority, j:None",724,9.089625
20260923T111936Z__threaded-wmaj__rs-primary-local,threaded-wmaj,"w:majority, j:None",725,8.559125
20260923T111936Z__threaded-wmaj__rs-primary-local,threaded-wmaj,"w:majority, j:None",726,10.031125
20260923T111936Z__threaded-wmaj__rs-primary-local,threaded-wmaj,"w:majority, j:None",727,9.018667
20260923T111936Z__threaded-wmaj__rs-primary-local,threaded-wmaj,"w:majority, j:None",728,9.055291
20260923T111936Z__threaded-wmaj__rs-primary-local,threaded-wmaj,"w:majority, j:None",729,9.018625
20260923T111936Z__threaded-wmaj__rs-primary-local,threaded-wmaj,"w:majority, j:None",730,9.042209
20260923T111936Z__threaded-wmaj__rs-primary-local,threaded-wmaj,"w:majority, j:None",731,9.029583
20260923T111936Z__threaded-wmaj__rs-primary-local,threaded-wmaj,"w:majority, j:None",732,9.032666
20260923T111936Z__threaded-wmaj__rs-primary-local,threaded-wmaj,"w:majority, j:None",733,8.520208
20260923T111936Z__threaded-wmaj__rs-primary-local,threaded-wmaj,"w:majority, j:None",734,8.950208
20260923T111936Z__threaded-wmaj__rs-primary-local,threaded-wmaj,"w:majority, j:None",735,9.576167
20260923T111936Z__threaded-wmaj__rs-primary-local,threaded-wmaj,"w:majority, j:None",736,8.461042
20260923T111936Z__threaded-wmaj__rs-primary-local,threaded-wmaj,"w:majority, j:None",737,8.659458
20260923T111936Z__threaded-wmaj__rs-primary-local,threaded-wmaj,"w:majority, j:None",738,8.674542
20260923T111936Z__threaded-wmaj__rs-primary-local,threaded-wmaj,"w:majority, j:None",739,9.017208
20260923T111936Z__threaded-wmaj__rs-primary-local,threaded-wmaj,"w:majority, j:None",740,9.035292
20260923T111936Z__threaded-wmaj__rs-primary-local,threaded-wmaj,"w:majority, j:None",741,12.437916
20260923T111936Z__threaded-wmaj__rs-primary-local,threaded-wmaj,"w:majority, j:None",742,8.666958
20260923T111936Z__threaded-wmaj__rs-primary-local,threaded-wmaj,"w:majority, j:None",743,9.030417
20260923T111936Z__threaded-wmaj__rs-primary-local,threaded-wmaj,"w:majority, j:None",744,9.042958
20260923T111936Z__threaded-wmaj__rs-primary-local,threaded-wmaj,"w:majority, j:None",745,9.655667
20260923T111936Z__threaded-wmaj__rs-primary-local,threaded-wmaj,"w:majority, j:None",746,9.062375
20260923T111936Z__threaded-wmaj__rs-primary-local,threaded-wmaj,"w:majority, j:None",747,9.530083
20260923T111936Z__threaded-wmaj__rs-primary-local,threaded-wmaj,"w:majority, j:None",748,14.173833
20260923T111936Z__threaded-wmaj__rs-primary-local,threaded-wmaj,"w:majority, j:None",749,9.043583
20260923T111936Z__threaded-wmaj__rs-primary-local,threaded-wmaj,"w:majority, j:None",750,9.132833
20260923T111936Z__threaded-wmaj__rs-primary-local,threaded-wmaj,"w:majority, j:None",751,9.077208
20260923T111936Z__threaded-wmaj__rs-primary-local,threaded-wmaj,"w:majority, j:None",752,9.088708
20260923T111936Z__threaded-wmaj__rs-primary-local,threaded-wmaj,"w:majority, j:None",753,9.112167
20260923T111936Z__threaded-wmaj__rs-primary-local,threaded-wmaj,"w:majority, j:None",754,10.995042
20260923T111936Z__threaded-wmaj__rs-primary-local,threaded-wmaj,"w:majority, j:None",755,10.54325
20260923T111936Z__threaded-wmaj__rs-primary-local,threaded-wmaj,"w:majority, j:None",756,9.074042
20260923T111936Z__threaded-wmaj__rs-primary-local,threaded-wmaj,"w:majority, j:None",757,9.131
20260923T111936Z__threaded-wmaj__rs-primary-local,threaded-wmaj,"w:majority, j:None",758,9.009709
20260923T111936Z__threaded-wmaj__rs-primary-local,threaded-wmaj,"w:majority, j:None",759,9.13825
20260923T111936Z__threaded-wmaj__rs-primary-local,threaded-wmaj,"w:majority, j:None",760,9.205916
20260923T111936Z__threaded-wmaj__rs-primary-local,threaded-wmaj,"w:majority, j:None",761,9.121041
20260923T111936Z__threaded-wmaj__rs-primary-local,threaded-wmaj,"w:majority, j:None",762,9.535208
20260923T111936Z__threaded-wmaj__rs-primary-local,threaded-wmaj,"w:majority, j:None",763,9.129041
20260923T111936Z__threaded-wmaj__rs-primary-local,threaded-wmaj,"w:majority, j:None",764,13.093291
20260923T111936Z__threaded-wmaj__rs-primary-local,threaded-wmaj,"w:majority, j:None",765,9.13475
20260923T111936Z__threaded-wmaj__rs-primary-local,threaded-wmaj,"w:majority, j:None",766,9.100584
20260923T111936Z__threaded-wmaj__rs-primary-local,threaded-wmaj,"w:majority, j:None",767,9.083167
20260923T111936Z__threaded-wmaj__rs-primary-local,threaded-wmaj,"w:majority, j:None",768,9.071667
20260923T111936Z__threaded-wmaj__rs-primary-local,threaded-wmaj,"w:majority, j:None",769,10.0345
20260923T111936Z__threaded-wmaj__rs-primary-local,threaded-wmaj,"w:majority, j:None",770,9.232834
20260923T111936Z__threaded-wmaj__rs-primary-local,threaded-wmaj,"w:majority, j:None",771,8.957166
20260923T111936Z__threaded-wmaj__rs-primary-local,threaded-wmaj,"w:majority, j:None",772,5.032416
20260923T111936Z__threaded-wmaj__rs-primary-local,threaded-wmaj,"w:majority, j:None",773,9.040417
20260923T111936Z__threaded-wmaj__rs-primary-local,threaded-wmaj,"w:majority, j:None",774,9.034959
20260923T111936Z__threaded-wmaj__rs-primary-local,threaded-wmaj,"w:majority, j:None",775,9.029417
20260923T111936Z__threaded-wmaj__rs-primary-local,threaded-wmaj,"w:majority, j:None",776,5.085416
20260923T111936Z__threaded-wmaj__rs-primary-local,threaded-wmaj,"w:majority, j:None",777,9.031459
20260923T111936Z__threaded-wmaj__rs-primary-local,threaded-wmaj,"w:majority, j:None",778,9.064667
20260923T111936Z__threaded-wmaj__rs-primary-local,threaded-wmaj,"w:majority, j:None",779,9.187958
20260923T111936Z__threaded-wmaj__rs-primary-local,threaded-wmaj,"w:majority, j:None",780,5.12175
20260923T111936Z__threaded-wmaj__rs-primary-local,threaded-wmaj,"w:majority, j:None",781,9.037959
20260923T111936Z__threaded-wmaj__rs-primary-local,threaded-wmaj,"w:majority, j:None",782,5.041875
20260923T111936Z__threaded-wmaj__rs-primary-local,threaded-wmaj,"w:majority, j:None",783,9.056417
20260923T111936Z__threaded-wmaj__rs-primary-local,threaded-wmaj,"w:majority, j:None",784,8.607167
20260923T111936Z__threaded-wmaj__rs-primary-local,threaded-wmaj,"w:majority, j:None",785,5.034375
20260923T111936Z__threaded-wmaj__rs-primary-local,threaded-wmaj,"w:majority, j:None",786,5.022958
20260923T111936Z__threaded-wmaj__rs-primary-local,threaded-wmaj,"w:majority, j:None",787,9.059666
20260923T111936Z__threaded-wmaj__rs-primary-local,threaded-wmaj,"w:majority, j:None",788,9.01425
20260923T111936Z__threaded-wmaj__rs-primary-local,threaded-wmaj,"w:majority, j:None",789,8.660792
20260923T111936Z__threaded-wmaj__rs-primary-local,threaded-wmaj,"w:majority, j:None",790,5.027833
20260923T111936Z__threaded-wmaj__rs-primary-local,threaded-wmaj,"w:majority, j:None",791,9.031834
20260923T111936Z__threaded-wmaj__rs-primary-local,threaded-wmaj,"w:majority, j:None",792,9.0385
20260923T111936Z__threaded-wmaj__rs-primary-local,threaded-wmaj,"w:majority, j:None",793,5.034291
20260923T111936Z__threaded-wmaj__rs-primary-local,threaded-wmaj,"w:majority, j:None",794,9.100958
20260923T111936Z__threaded-wmaj__rs-primary-local,threaded-wmaj,"w:majority, j:None",795,9.691791
20260923T111936Z__threaded-wmaj__rs-primary-local,threaded-wmaj,"w:majority, j:None",796,6.0605
20260923T111936Z__threaded-wmaj__rs-primary-local,threaded-wmaj,"w:majority, j:None",797,9.039291
20260923T111936Z__threaded-wmaj__rs-primary-local,threaded-wmaj,"w:majority, j:None",798,9.179875
20260923T111936Z__threaded-wmaj__rs-primary-local,threaded-wmaj,"w:majority, j:None",799,9.033083
20260923T111936Z__threaded-wmaj__rs-primary-local,threaded-wmaj,"w:majority, j:None",800,9.031
20260923T111936Z__threaded-wmaj__rs-primary-local,threaded-wmaj,"w:majority, j:None",801,9.085375
20260923T111936Z__threaded-wmaj__rs-primary-local,threaded-wmaj,"w:majority, j:None",802,9.083
20260923T111936Z__threaded-wmaj__rs-primary-local,threaded-wmaj,"w:majority, j:None",803,9.148666
20260923T111936Z__threaded-wmaj__rs-primary-local,threaded-wmaj,"w:majority, j:None",804,9.516833
20260923T111936Z__threaded-wmaj__rs-primary-local,threaded-wmaj,"w:majority, j:None",805,9.483875
20260923T111936Z__threaded-wmaj__rs-primary-local,threaded-wmaj,"w:majority, j:None",806,9.150125
20260923T111936Z__threaded-wmaj__rs-primary-local,threaded-wmaj,"w:majority, j:None",807,9.093
20260923T111936Z__threaded-wmaj__rs-primary-local,threaded-wmaj,"w:majority, j:None",808,4.96825
20260923T111936Z__threaded-wmaj__rs-primary-local,threaded-wmaj,"w:majority, j:None",809,9.049333
20260923T111936Z__threaded-wmaj__rs-primary-local,threaded-wmaj,"w:majority, j:None",810,9.024042
20260923T111936Z__threaded-wmaj__rs-primary-local,threaded-wmaj,"w:majority, j:None",811,9.026583
20260923T111936Z__threaded-wmaj__rs-primary-local,threaded-wmaj,"w:majority, j:None",812,5.079042
20260923T111936Z__threaded-wmaj__rs-primary-local,threaded-wmaj,"w:majority, j:None",813,13.04875
20260923T111936Z__threaded-wmaj__rs-primary-local,threaded-wmaj,"w:majority, j:None",814,9.022791
20260923T111936Z__threaded-wmaj__rs-primary-local,threaded-wmaj,"w:majority, j:None",815,9.033708
20260923T111936Z__threaded-wmaj__rs-primary-local,threaded-wmaj,"w:majority, j:None",816,9.050625
20260923T111936Z__threaded-wmaj__rs-primary-local,threaded-wmaj,"w:majority, j:None",817,9.022125
20260923T111936Z__threaded-wmaj__rs-primary-local,threaded-wmaj,"w:majority, j:None",818,9.5035
20260923T111936Z__threaded-wmaj__rs-primary-local,threaded-wmaj,"w:majority, j:None",819,9.036667
20260923T111936Z__threaded-wmaj__rs-primary-local,threaded-wmaj,"w:majority, j:None",820,13.076125
20260923T111936Z__threaded-wmaj__rs-primary-local,threaded-wmaj,"w:majority, j:None",821,9.059375
20260923T111936Z__threaded-wmaj__rs-primary-local,threaded-wmaj,"w:majority, j:None",822,6.55775
20260923T111936Z__threaded-wmaj__rs-primary-local,threaded-wmaj,"w:majority, j:None",823,9.079708
20260923T111936Z__threaded-wmaj__rs-primary-local,threaded-wmaj,"w:majority, j:None",824,9.030125
20260923T111936Z__threaded-wmaj__rs-primary-local,threaded-wmaj,"w:majority, j:None",825,5.201083
20260923T111936Z__threaded-wmaj__rs-primary-local,threaded-wmaj,"w:majority, j:None",826,9.716583
20260923T111936Z__threaded-wmaj__rs-primary-local,threaded-wmaj,"w:majority, j:None",827,10.192542
20260923T111936Z__threaded-wmaj__rs-primary-local,threaded-wmaj,"w:majority, j:None",828,12.960333
20260923T111936Z__threaded-wmaj__rs-primary-local,threaded-wmaj,"w:majority, j:None",829,8.445833
20260923T111936Z__threaded-wmaj__rs-primary-local,threaded-wmaj,"w:majority, j:None",830,12.984792
20260923T111936Z__threaded-wmaj__rs-primary-local,threaded-wmaj,"w:majority, j:None",831,9.051375
20260923T111936Z__threaded-wmaj__rs-primary-local,threaded-wmaj,"w:majority, j:None",832,9.054459
20260923T111936Z__threaded-wmaj__rs-primary-local,threaded-wmaj,"w:majority, j:None",833,9.544208
20260923T111936Z__threaded-wmaj__rs-primary-local,threaded-wmaj,"w:majority, j:None",834,9.033833
20260923T111936Z__threaded-wmaj__rs-primary-local,threaded-wmaj,"w:majority, j:None",835,9.045625
20260923T111936Z__threaded-wmaj__rs-primary-local,threaded-wmaj,"w:majority, j:None",836,9.561084
20260923T111936Z__threaded-wmaj__rs-primary-local,threaded-wmaj,"w:majority, j:None",837,9.053167
20260923T111936Z__threaded-wmaj__rs-primary-local,threaded-wmaj,"w:majority, j:None",838,9.179959
20260923T111936Z__threaded-wmaj__rs-primary-local,threaded-wmaj,"w:majority, j:None",839,9.028375
20260923T111936Z__threaded-wmaj__rs-primary-local,threaded-wmaj,"w:majority, j:None",840,9.023833
20260923T111936Z__threaded-wmaj__rs-primary-local,threaded-wmaj,"w:majority, j:None",841,8.527458
20260923T111936Z__threaded-wmaj__rs-primary-local,threaded-wmaj,"w:majority, j:None",842,9.085958
20260923T111936Z__threaded-wmaj__rs-primary-local,threaded-wmaj,"w:majority, j:None",843,5.042333
20260923T111936Z__threaded-wmaj__rs-primary-local,threaded-wmaj,"w:majority, j:None",844,9.077084
20260923T111936Z__threaded-wmaj__rs-primary-local,threaded-wmaj,"w:majority, j:None",845,8.718792
20260923T111936Z__threaded-wmaj__rs-primary-local,threaded-wmaj,"w:majority, j:None",846,9.566459
20260923T111936Z__threaded-wmaj__rs-primary-local,threaded-wmaj,"w:majority, j:None",847,9.022417
20260923T111936Z__threaded-wmaj__rs-primary-local,threaded-wmaj,"w:majority, j:None",848,8.444125
20260923T111936Z__threaded-wmaj__rs-primary-local,threaded-wmaj,"w:majority, j:None",849,8.527333
20260923T111936Z__threaded-wmaj__rs-primary-local,threaded-wmaj,"w:majority, j:None",850,8.566209
20260923T111936Z__threaded-wmaj__rs-primary-local,threaded-wmaj,"w:majority, j:None",851,9.683541
20260923T111936Z__threaded-wmaj__rs-primary-local,threaded-wmaj,"w:majority, j:None",852,10.182625
20260923T111936Z__threaded-wmaj__rs-primary-local,threaded-wmaj,"w:majority, j:None",853,10.182167
20260923T111936Z__threaded-wmaj__rs-primary-local,threaded-wmaj,"w:majority, j:None",854,8.844583
20260923T111936Z__threaded-wmaj__rs-primary-local,threaded-wmaj,"w:majority, j:None",855,10.112625
20260923T111936Z__threaded-wmaj__rs-primary-local,threaded-wmaj,"w:majority, j:None",856,9.038167
20260923T111936Z__threaded-wmaj__rs-primary-local,threaded-wmaj,"w:majority, j:None",857,9.02825
20260923T111936Z__threaded-wmaj__rs-primary-local,threaded-wmaj,"w:majority, j:None",858,12.575541
20260923T111936Z__threaded-wmaj__rs-primary-local,threaded-wmaj,"w:majority, j:None",859,9.028209
20260923T111936Z__threaded-wmaj__rs-primary-local,threaded-wmaj,"w:majority, j:None",860,9.063375
20260923T111936Z__threaded-wmaj__rs-primary-local,threaded-wmaj,"w:majority, j:None",861,9.032583
20260923T111936Z__threaded-wmaj__rs-primary-local,threaded-wmaj,"w:majority, j:None",862,9.515708
20260923T111936Z__threaded-wmaj__rs-primary-local,threaded-wmaj,"w:majority, j:None",863,9.03025
20260923T111936Z__threaded-wmaj__rs-primary-local,threaded-wmaj,"w:majority, j:None",864,5.054583
20260923T111936Z__threaded-wmaj__rs-primary-local,threaded-wmaj,"w:majority, j:None",865,9.026875
20260923T111936Z__threaded-wmaj__rs-primary-local,threaded-wmaj,"w:majority, j:None",866,9.028166
20260923T111936Z__threaded-wmaj__rs-primary-local,threaded-wmaj,"w:majority, j:None",867,12.527875
20260923T111936Z__threaded-wmaj__rs-primary-local,threaded-wmaj,"w:majority, j:None",868,9.068875
20260923T111936Z__threaded-wmaj__rs-primary-local,threaded-wmaj,"w:majority, j:None",869,9.037375
20260923T111936Z__threaded-wmaj__rs-primary-local,threaded-wmaj,"w:majority, j:None",870,9.028792
20260923T111936Z__threaded-wmaj__rs-primary-local,threaded-wmaj,"w:majority, j:None",871,9.032375
20260923T111936Z__threaded-wmaj__rs-primary-local,threaded-wmaj,"w:majority, j:None",872,9.028417
20260923T111936Z__threaded-wmaj__rs-primary-local,threaded-wmaj,"w:majority, j:None",873,8.9515
20260923T111936Z__threaded-wmaj__rs-primary-local,threaded-wmaj,"w:majority, j:None",874,9.090125
20260923T111936Z__threaded-wmaj__rs-primary-local,threaded-wmaj,"w:majority, j:None",875,9.025542
20260923T111936Z__threaded-wmaj__rs-primary-local,threaded-wmaj,"w:majority, j:None",876,9.180667
20260923T111936Z__threaded-wmaj__rs-primary-local,threaded-wmaj,"w:majority, j:None",877,9.168084
20260923T111936Z__threaded-wmaj__rs-primary-local,threaded-wmaj,"w:majority, j:None",878,9.076041
20260923T111936Z__threaded-wmaj__rs-primary-local,threaded-wmaj,"w:majority, j:None",879,9.142792
20260923T111936Z__threaded-wmaj__rs-primary-local,threaded-wmaj,"w:majority, j:None",880,9.043666
20260923T111936Z__threaded-wmaj__rs-primary-local,threaded-wmaj,"w:majority, j:None",881,9.033875
20260923T111936Z__threaded-wmaj__rs-primary-local,threaded-wmaj,"w:majority, j:None",882,9.023041
20260923T111936Z__threaded-wmaj__rs-primary-local,threaded-wmaj,"w:majority, j:None",883,9.035458
20260923T111936Z__threaded-wmaj__rs-primary-local,threaded-wmaj,"w:majority, j:None",884,9.038875
20260923T111936Z__threaded-wmaj__rs-primary-local,threaded-wmaj,"w:majority, j:None",885,9.037167
20260923T111936Z__threaded-wmaj__rs-primary-local,threaded-wmaj,"w:majority, j:None",886,9.053416
20260923T111936Z__threaded-wmaj__rs-primary-local,threaded-wmaj,"w:majority, j:None",887,9.007875
20260923T111936Z__threaded-wmaj__rs-primary-local,threaded-wmaj,"w:majority, j:None",888,9.06725
20260923T111936Z__threaded-wmaj__rs-primary-local,threaded-wmaj,"w:majority, j:None",889,9.112625
20260923T111936Z__threaded-wmaj__rs-primary-local,threaded-wmaj,"w:majority, j:None",890,9.022209
20260923T111936Z__threaded-wmaj__rs-primary-local,threaded-wmaj,"w:majority, j:None",891,9.025459
20260923T111936Z__threaded-wmaj__rs-primary-local,threaded-wmaj,"w:majority, j:None",892,8.673042
20260923T111936Z__threaded-wmaj__rs-primary-local,threaded-wmaj,"w:majority, j:None",893,9.083917
20260923T111936Z__threaded-wmaj__rs-primary-local,threaded-wmaj,"w:majority, j:None",894,9.024708
20260923T111936Z__threaded-wmaj__rs-primary-local,threaded-wmaj,"w:majority, j:None",895,9.053
20260923T111936Z__threaded-wmaj__rs-primary-local,threaded-wmaj,"w:majority, j:None",896,9.025833
20260923T111936Z__threaded-wmaj__rs-primary-local,threaded-wmaj,"w:majority, j:None",897,9.013875
20260923T111936Z__threaded-wmaj__rs-primary-local,threaded-wmaj,"w:majority, j:None",898,14.028166
20260923T111936Z__threaded-wmaj__rs-primary-local,threaded-wmaj,"w:majority, j:None",899,9.026667
20260923T111936Z__threaded-wmaj__rs-primary-local,threaded-wmaj,"w:majority, j:None",900,9.030416
20260923T111936Z__threaded-wmaj__rs-primary-local,threaded-wmaj,"w:majority, j:None",901,8.674792
20260923T111936Z__threaded-wmaj__rs-primary-local,threaded-wmaj,"w:majority, j:None",902,9.087042
20260923T111936Z__threaded-wmaj__rs-primary-local,threaded-wmaj,"w:majority, j:None",903,9.624042
20260923T114209Z__threaded-wmaj-nojournal__rs-primary-local,threaded-wmaj-nojournal,"w:majority, j:False",25,9.052417
20260923T114209Z__threaded-wmaj-nojournal__rs-primary-local,threaded-wmaj-nojournal,"w:majority, j:False",26,9.037833
20260923T114209Z__threaded-wmaj-nojournal__rs-primary-local,threaded-wmaj-nojournal,"w:majority, j:False",27,5.200834
20260923T114209Z__threaded-wmaj-nojournal__rs-primary-local,threaded-wmaj-nojournal,"w:majority, j:False",28,9.031125
20260923T114209Z__threaded-wmaj-nojournal__rs-primary-local,threaded-wmaj-nojournal,"w:majority, j:False",29,9.033208
20260923T114209Z__threaded-wmaj-nojournal__rs-primary-local,threaded-wmaj-nojournal,"w:majority, j:False",30,9.034125
20260923T114209Z__threaded-wmaj-nojournal__rs-primary-local,threaded-wmaj-nojournal,"w:majority, j:False",31,10.030208
20260923T114209Z__threaded-wmaj-nojournal__rs-primary-local,threaded-wmaj-nojournal,"w:majority, j:False",32,9.012958
20260923T114209Z__threaded-wmaj-nojournal__rs-primary-local,threaded-wmaj-nojournal,"w:majority, j:False",33,9.027584
20260923T114209Z__threaded-wmaj-nojournal__rs-primary-local,threaded-wmaj-nojournal,"w:majority, j:False",34,5.034208
20260923T114209Z__threaded-wmaj-nojournal__rs-primary-local,threaded-wmaj-nojournal,"w:majority, j:False",35,8.598917
20260923T114209Z__threaded-wmaj-nojournal__rs-primary-local,threaded-wmaj-nojournal,"w:majority, j:False",36,9.03125
20260923T114209Z__threaded-wmaj-nojournal__rs-primary-local,threaded-wmaj-nojournal,"w:majority, j:False",37,8.739833
20260923T114209Z__threaded-wmaj-nojournal__rs-primary-local,threaded-wmaj-nojournal,"w:majority, j:False",38,9.032542
20260923T114209Z__threaded-wmaj-nojournal__rs-primary-local,threaded-wmaj-nojournal,"w:majority, j:False",39,9.054875
20260923T114209Z__threaded-wmaj-nojournal__rs-primary-local,threaded-wmaj-nojournal,"w:majority, j:False",40,9.085292
20260923T114209Z__threaded-wmaj-nojournal__rs-primary-local,threaded-wmaj-nojournal,"w:majority, j:False",41,9.037708
20260923T114209Z__threaded-wmaj-nojournal__rs-primary-local,threaded-wmaj-nojournal,"w:majority, j:False",42,9.034542
20260923T114209Z__threaded-wmaj-nojournal__rs-primary-local,threaded-wmaj-nojournal,"w:majority, j:False",43,5.045041
20260923T114209Z__threaded-wmaj-nojournal__rs-primary-local,threaded-wmaj-nojournal,"w:majority, j:False",44,9.036916
20260923T114209Z__threaded-wmaj-nojournal__rs-primary-local,threaded-wmaj-nojournal,"w:majority, j:False",45,10.082166
20260923T114209Z__threaded-wmaj-nojournal__rs-primary-local,threaded-wmaj-nojournal,"w:majority, j:False",46,11.1345
20260923T114209Z__threaded-wmaj-nojournal__rs-primary-local,threaded-wmaj-nojournal,"w:majority, j:False",47,9.038
20260923T114209Z__threaded-wmaj-nojournal__rs-primary-local,threaded-wmaj-nojournal,"w:majority, j:False",48,14.186709
20260923T114209Z__threaded-wmaj-nojournal__rs-primary-local,threaded-wmaj-nojournal,"w:majority, j:False",49,9.043958
20260923T114209Z__threaded-wmaj-nojournal__rs-primary-local,threaded-wmaj-nojournal,"w:majority, j:False",50,11.049083
20260923T114209Z__threaded-wmaj-nojournal__rs-primary-local,threaded-wmaj-nojournal,"w:majority, j:False",51,9.968583
20260923T114209Z__threaded-wmaj-nojournal__rs-primary-local,threaded-wmaj-nojournal,"w:majority, j:False",52,9.033333
20260923T114209Z__threaded-wmaj-nojournal__rs-primary-local,threaded-wmaj-nojournal,"w:majority, j:False",53,10.059709
20260923T114209Z__threaded-wmaj-nojournal__rs-primary-local,threaded-wmaj-nojournal,"w:majority, j:False",54,8.677542
20260923T114209Z__threaded-wmaj-nojournal__rs-primary-local,threaded-wmaj-nojournal,"w:majority, j:False",55,9.031125
20260923T114209Z__threaded-wmaj-nojournal__rs-primary-local,threaded-wmaj-nojournal,"w:majority, j:False",56,9.037834
20260923T114209Z__threaded-wmaj-nojournal__rs-primary-local,threaded-wmaj-nojournal,"w:majority, j:False",57,9.514458
20260923T114209Z__threaded-wmaj-nojournal__rs-primary-local,threaded-wmaj-nojournal,"w:majority, j:False",58,9.532666
20260923T114209Z__threaded-wmaj-nojournal__rs-primary-local,threaded-wmaj-nojournal,"w:majority, j:False",59,9.186375
20260923T114209Z__threaded-wmaj-nojournal__rs-primary-local,threaded-wmaj-nojournal,"w:majority, j:False",60,5.059167
20260923T114209Z__threaded-wmaj-nojournal__rs-primary-local,threaded-wmaj-nojournal,"w:majority, j:False",61,9.027667
20260923T114209Z__threaded-wmaj-nojournal__rs-primary-local,threaded-wmaj-nojournal,"w:majority, j:False",62,9.534917
20260923T114209Z__threaded-wmaj-nojournal__rs-primary-local,threaded-wmaj-nojournal,"w:majority, j:False",63,9.020292
20260923T114209Z__threaded-wmaj-nojournal__rs-primary-local,threaded-wmaj-nojournal,"w:majority, j:False",64,11.103125
20260923T114209Z__threaded-wmaj-nojournal__rs-primary-local,threaded-wmaj-nojournal,"w:majority, j:False",65,9.045
20260923T114209Z__threaded-wmaj-nojournal__rs-primary-local,threaded-wmaj-nojournal,"w:majority, j:False",66,23.926166
20260923T114209Z__threaded-wmaj-nojournal__rs-primary-local,threaded-wmaj-nojournal,"w:majority, j:False",67,9.141042
20260923T114209Z__threaded-wmaj-nojournal__rs-primary-local,threaded-wmaj-nojournal,"w:majority, j:False",68,9.154625
20260923T114209Z__threaded-wmaj-nojournal__rs-primary-local,threaded-wmaj-nojournal,"w:majority, j:False",69,9.571833
20260923T114209Z__threaded-wmaj-nojournal__rs-primary-local,threaded-wmaj-nojournal,"w:majority, j:False",70,9.57825
20260923T114209Z__threaded-wmaj-nojournal__rs-primary-local,threaded-wmaj-nojournal,"w:majority, j:False",71,5.593291
20260923T114209Z__threaded-wmaj-nojournal__rs-primary-local,threaded-wmaj-nojournal,"w:majority, j:False",72,9.542666
20260923T114209Z__threaded-wmaj-nojournal__rs-primary-local,threaded-wmaj-nojournal,"w:majority, j:False",73,9.188875
20260923T114209Z__threaded-wmaj-nojournal__rs-primary-local,threaded-wmaj-nojournal,"w:majority, j:False",74,14.194542
20260923T114209Z__threaded-wmaj-nojournal__rs-primary-local,threaded-wmaj-nojournal,"w:majority, j:False",75,13.530791
20260923T114209Z__threaded-wmaj-nojournal__rs-primary-local,threaded-wmaj-nojournal,"w:majority, j:False",76,9.0355
20260923T114209Z__threaded-wmaj-nojournal__rs-primary-local,threaded-wmaj-nojournal,"w:majority, j:False",77,9.068
20260923T114209Z__threaded-wmaj-nojournal__rs-primary-local,threaded-wmaj-nojournal,"w:majority, j:False",78,13.131083
20260923T114209Z__threaded-wmaj-nojournal__rs-primary-local,threaded-wmaj-nojournal,"w:majority, j:False",79,9.011541
20260923T114209Z__threaded-wmaj-nojournal__rs-primary-local,threaded-wmaj-nojournal,"w:majority, j:False",80,10.063208
20260923T114209Z__threaded-wmaj-nojournal__rs-primary-local,threaded-wmaj-nojournal,"w:majority, j:False",81,10.113666
20260923T114209Z__threaded-wmaj-nojournal__rs-primary-local,threaded-wmaj-nojournal,"w:majority, j:False",82,5.065166
20260923T114209Z__threaded-wmaj-nojournal__rs-primary-local,threaded-wmaj-nojournal,"w:majority, j:False",83,5.027084
20260923T114209Z__threaded-wmaj-nojournal__rs-primary-local,threaded-wmaj-nojournal,"w:majority, j:False",84,9.038959
20260923T114209Z__threaded-wmaj-nojournal__rs-primary-local,threaded-wmaj-nojournal,"w:majority, j:False",85,4.951791
20260923T114209Z__threaded-wmaj-nojournal__rs-primary-local,threaded-wmaj-nojournal,"w:majority, j:False",86,9.526292
20260923T114209Z__threaded-wmaj-nojournal__rs-primary-local,threaded-wmaj-nojournal,"w:majority, j:False",87,9.533792
20260923T114209Z__threaded-wmaj-nojournal__rs-primary-local,threaded-wmaj-nojournal,"w:majority, j:False",88,13.915167
20260923T114209Z__threaded-wmaj-nojournal__rs-primary-local,threaded-wmaj-nojournal,"w:majority, j:False",89,8.951291
20260923T114209Z__threaded-wmaj-nojournal__rs-primary-local,threaded-wmaj-nojournal,"w:majority, j:False",90,13.083583
20260923T114209Z__threaded-wmaj-nojournal__rs-primary-local,threaded-wmaj-nojournal,"w:majority, j:False",91,9.016167
20260923T114209Z__threaded-wmaj-nojournal__rs-primary-local,threaded-wmaj-nojournal,"w:majority, j:False",92,9.601584
20260923T114209Z__threaded-wmaj-nojournal__rs-primary-local,threaded-wmaj-nojournal,"w:majority, j:False",93,9.550625
20260923T114209Z__threaded-wmaj-nojournal__rs-primary-local,threaded-wmaj-nojournal,"w:majority, j:False",94,9.5325
20260923T114209Z__threaded-wmaj-nojournal__rs-primary-local,threaded-wmaj-nojournal,"w:majority, j:False",95,9.517417
20260923T114209Z__threaded-wmaj-nojournal__rs-primary-local,threaded-wmaj-nojournal,"w:majority, j:False",96,8.493417
20260923T114209Z__threaded-wmaj-nojournal__rs-primary-local,threaded-wmaj-nojournal,"w:majority, j:False",97,8.56575
20260923T114209Z__threaded-wmaj-nojournal__rs-primary-local,threaded-wmaj-nojournal,"w:majority, j:False",98,12.007459
20260923T114209Z__threaded-wmaj-nojournal__rs-primary-local,threaded-wmaj-nojournal,"w:majority, j:False",99,9.03075
20260923T114209Z__threaded-wmaj-nojournal__rs-primary-local,threaded-wmaj-nojournal,"w:majority, j:False",100,9.063708
20260923T114209Z__threaded-wmaj-nojournal__rs-primary-local,threaded-wmaj-nojournal,"w:majority, j:False",101,10.039
20260923T114209Z__threaded-wmaj-nojournal__rs-primary-local,threaded-wmaj-nojournal,"w:majority, j:False",102,9.039125
20260923T114209Z__threaded-wmaj-nojournal__rs-primary-local,threaded-wmaj-nojournal,"w:majority, j:False",103,9.027917
20260923T114209Z__threaded-wmaj-nojournal__rs-primary-local,threaded-wmaj-nojournal,"w:majority, j:False",104,9.057708
20260923T114209Z__threaded-wmaj-nojournal__rs-primary-local,threaded-wmaj-nojournal,"w:majority, j:False",105,8.690333
20260923T114209Z__threaded-wmaj-nojournal__rs-primary-local,threaded-wmaj-nojournal,"w:majority, j:False",106,9.151208
20260923T114209Z__threaded-wmaj-nojournal__rs-primary-local,threaded-wmaj-nojournal,"w:majority, j:False",107,9.054583
20260923T114209Z__threaded-wmaj-nojournal__rs-primary-local,threaded-wmaj-nojournal,"w:majority, j:False",108,9.0625
20260923T114209Z__threaded-wmaj-nojournal__rs-primary-local,threaded-wmaj-nojournal,"w:majority, j:False",109,15.023584
20260923T114209Z__threaded-wmaj-nojournal__rs-primary-local,threaded-wmaj-nojournal,"w:majority, j:False",110,9.603917
20260923T114209Z__threaded-wmaj-nojournal__rs-primary-local,threaded-wmaj-nojournal,"w:majority, j:False",111,9.026834
20260923T114209Z__threaded-wmaj-nojournal__rs-primary-local,threaded-wmaj-nojournal,"w:majority, j:False",112,9.211708
20260923T114209Z__threaded-wmaj-nojournal__rs-primary-local,threaded-wmaj-nojournal,"w:majority, j:False",113,8.650208
20260923T114209Z__threaded-wmaj-nojournal__rs-primary-local,threaded-wmaj-nojournal,"w:majority, j:False",114,9.039416
20260923T114209Z__threaded-wmaj-nojournal__rs-primary-local,threaded-wmaj-nojournal,"w:majority, j:False",115,8.628666
20260923T114209Z__threaded-wmaj-nojournal__rs-primary-local,threaded-wmaj-nojournal,"w:majority, j:False",116,10.054459
20260923T114209Z__threaded-wmaj-nojournal__rs-primary-local,threaded-wmaj-nojournal,"w:majority, j:False",117,8.133833
20260923T114209Z__threaded-wmaj-nojournal__rs-primary-local,threaded-wmaj-nojournal,"w:majority, j:False",118,9.067125
20260923T114209Z__threaded-wmaj-nojournal__rs-primary-local,threaded-wmaj-nojournal,"w:majority, j:False",119,9.569542
20260923T114209Z__threaded-wmaj-nojournal__rs-primary-local,threaded-wmaj-nojournal,"w:majority, j:False",120,8.817292
20260923T114209Z__threaded-wmaj-nojournal__rs-primary-local,threaded-wmaj-nojournal,"w:majority, j:False",121,9.234958
20260923T114209Z__threaded-wmaj-nojournal__rs-primary-local,threaded-wmaj-nojournal,"w:majority, j:False",122,9.059083
20260923T114209Z__threaded-wmaj-nojournal__rs-primary-local,threaded-wmaj-nojournal,"w:majority, j:False",123,5.054708
20260923T114209Z__threaded-wmaj-nojournal__rs-primary-local,threaded-wmaj-nojournal,"w:majority, j:False",124,9.034958
20260923T114209Z__threaded-wmaj-nojournal__rs-primary-local,threaded-wmaj-nojournal,"w:majority, j:False",125,5.030083
20260923T114209Z__threaded-wmaj-nojournal__rs-primary-local,threaded-wmaj-nojournal,"w:majority, j:False",126,5.086542
20260923T114209Z__threaded-wmaj-nojournal__rs-primary-local,threaded-wmaj-nojournal,"w:majority, j:False",127,9.231333
20260923T114209Z__threaded-wmaj-nojournal__rs-primary-local,threaded-wmaj-nojournal,"w:majority, j:False",128,9.0285
20260923T114209Z__threaded-wmaj-nojournal__rs-primary-local,threaded-wmaj-nojournal,"w:majority, j:False",129,5.045125
20260923T114209Z__threaded-wmaj-nojournal__rs-primary-local,threaded-wmaj-nojournal,"w:majority, j:False",130,9.086
20260923T114209Z__threaded-wmaj-nojournal__rs-primary-local,threaded-wmaj-nojournal,"w:majority, j:False",131,9.567
20260923T114209Z__threaded-wmaj-nojournal__rs-primary-local,threaded-wmaj-nojournal,"w:majority, j:False",132,5.61475
20260923T114209Z__threaded-wmaj-nojournal__rs-primary-local,threaded-wmaj-nojournal,"w:majority, j:False",133,9.022708
20260923T114209Z__threaded-wmaj-nojournal__rs-primary-local,threaded-wmaj-nojournal,"w:majority, j:False",134,13.050333
20260923T114209Z__threaded-wmaj-nojournal__rs-primary-local,threaded-wmaj-nojournal,"w:majority, j:False",135,9.53675
20260923T114209Z__threaded-wmaj-nojournal__rs-primary-local,threaded-wmaj-nojournal,"w:majority, j:False",136,9.892084
20260923T114209Z__threaded-wmaj-nojournal__rs-primary-local,threaded-wmaj-nojournal,"w:majority, j:False",137,9.02975
20260923T114209Z__threaded-wmaj-nojournal__rs-primary-local,threaded-wmaj-nojournal,"w:majority, j:False",138,8.616292
20260923T114209Z__threaded-wmaj-nojournal__rs-primary-local,threaded-wmaj-nojournal,"w:majority, j:False",139,9.052708
20260923T114209Z__threaded-wmaj-nojournal__rs-primary-local,threaded-wmaj-nojournal,"w:majority, j:False",140,12.730084
20260923T114209Z__threaded-wmaj-nojournal__rs-primary-local,threaded-wmaj-nojournal,"w:majority, j:False",141,9.093666
20260923T114209Z__threaded-wmaj-nojournal__rs-primary-local,threaded-wmaj-nojournal,"w:majority, j:False",142,9.028375
20260923T114209Z__threaded-wmaj-nojournal__rs-primary-local,threaded-wmaj-nojournal,"w:majority, j:False",143,9.545917
20260923T114209Z__threaded-wmaj-nojournal__rs-primary-local,threaded-wmaj-nojournal,"w:majority, j:False",144,9.043375
20260923T114209Z__threaded-wmaj-nojournal__rs-primary-local,threaded-wmaj-nojournal,"w:majority, j:False",145,9.031958
20260923T114209Z__threaded-wmaj-nojournal__rs-primary-local,threaded-wmaj-nojournal,"w:majority, j:False",146,9.029042
20260923T114209Z__threaded-wmaj-nojournal__rs-primary-local,threaded-wmaj-nojournal,"w:majority, j:False",147,9.52875
20260923T114209Z__threaded-wmaj-nojournal__rs-primary-local,threaded-wmaj-nojournal,"w:majority, j:False",148,9.029959
20260923T114209Z__threaded-wmaj-nojournal__rs-primary-local,threaded-wmaj-nojournal,"w:majority, j:False",149,9.0275
20260923T114209Z__threaded-wmaj-nojournal__rs-primary-local,threaded-wmaj-nojournal,"w:majority, j:False",150,13.527042
20260923T114209Z__threaded-wmaj-nojournal__rs-primary-local,threaded-wmaj-nojournal,"w:majority, j:False",151,9.054042
20260923T114209Z__threaded-wmaj-nojournal__rs-primary-local,threaded-wmaj-nojournal,"w:majority, j:False",152,9.04175
20260923T114209Z__threaded-wmaj-nojournal__rs-primary-local,threaded-wmaj-nojournal,"w:majority, j:False",153,5.188083
20260923T114209Z__threaded-wmaj-nojournal__rs-primary-local,threaded-wmaj-nojournal,"w:majority, j:False",154,9.034084
20260923T114209Z__threaded-wmaj-nojournal__rs-primary-local,threaded-wmaj-nojournal,"w:majority, j:False",155,10.021333
20260923T114209Z__threaded-wmaj-nojournal__rs-primary-local,threaded-wmaj-nojournal,"w:majority, j:False",156,9.036958
20260923T114209Z__threaded-wmaj-nojournal__rs-primary-local,threaded-wmaj-nojournal,"w:majority, j:False",157,9.026083
20260923T114209Z__threaded-wmaj-nojournal__rs-primary-local,threaded-wmaj-nojournal,"w:majority, j:False",158,9.03425
20260923T114209Z__threaded-wmaj-nojournal__rs-primary-local,threaded-wmaj-nojournal,"w:majority, j:False",159,9.03825
20260923T114209Z__threaded-wmaj-nojournal__rs-primary-local,threaded-wmaj-nojournal,"w:majority, j:False",160,9.175291
20260923T114209Z__threaded-wmaj-nojournal__rs-primary-local,threaded-wmaj-nojournal,"w:majority, j:False",161,9.037083
20260923T114209Z__threaded-wmaj-nojournal__rs-primary-local,threaded-wmaj-nojournal,"w:majority, j:False",162,9.039333
20260923T114209Z__threaded-wmaj-nojournal__rs-primary-local,threaded-wmaj-nojournal,"w:majority, j:False",163,9.240958
20260923T114209Z__threaded-wmaj-nojournal__rs-primary-local,threaded-wmaj-nojournal,"w:majority, j:False",164,9.104083
20260923T114209Z__threaded-wmaj-nojournal__rs-primary-local,threaded-wmaj-nojournal,"w:majority, j:False",165,13.040084
20260923T114209Z__threaded-wmaj-nojournal__rs-primary-local,threaded-wmaj-nojournal,"w:majority, j:False",166,9.523458
20260923T114209Z__threaded-wmaj-nojournal__rs-primary-local,threaded-wmaj-nojournal,"w:majority, j:False",167,9.154375
20260923T114209Z__threaded-wmaj-nojournal__rs-primary-local,threaded-wmaj-nojournal,"w:majority, j:False",168,8.535375
20260923T114209Z__threaded-wmaj-nojournal__rs-primary-local,threaded-wmaj-nojournal,"w:majority, j:False",169,9.060417
20260923T114209Z__threaded-wmaj-nojournal__rs-primary-local,threaded-wmaj-nojournal,"w:majority, j:False",170,9.063
20260923T114209Z__threaded-wmaj-nojournal__rs-primary-local,threaded-wmaj-nojournal,"w:majority, j:False",171,9.019584
20260923T114209Z__threaded-wmaj-nojournal__rs-primary-local,threaded-wmaj-nojournal,"w:majority, j:False",172,9.033583
20260923T114209Z__threaded-wmaj-nojournal__rs-primary-local,threaded-wmaj-nojournal,"w:majority, j:False",173,9.040667
20260923T114209Z__threaded-wmaj-nojournal__rs-primary-local,threaded-wmaj-nojournal,"w:majority, j:False",174,8.937625
20260923T114209Z__threaded-wmaj-nojournal__rs-primary-local,threaded-wmaj-nojournal,"w:majority, j:False",175,8.683333
20260923T114209Z__threaded-wmaj-nojournal__rs-primary-local,threaded-wmaj-nojournal,"w:majority, j:False",176,9.517333
20260923T114209Z__threaded-wmaj-nojournal__rs-primary-local,threaded-wmaj-nojournal,"w:majority, j:False",177,9.592542
20260923T114209Z__threaded-wmaj-nojournal__rs-primary-local,threaded-wmaj-nojournal,"w:majority, j:False",178,9.525666
20260923T114209Z__threaded-wmaj-nojournal__rs-primary-local,threaded-wmaj-nojournal,"w:majority, j:False",179,8.51575
20260923T114209Z__threaded-wmaj-nojournal__rs-primary-local,threaded-wmaj-nojournal,"w:majority, j:False",180,8.563417
20260923T114209Z__threaded-wmaj-nojournal__rs-primary-local,threaded-wmaj-nojournal,"w:majority, j:False",181,9.547917
20260923T114209Z__threaded-wmaj-nojournal__rs-primary-local,threaded-wmaj-nojournal,"w:majority, j:False",182,9.539625
20260923T114209Z__threaded-wmaj-nojournal__rs-primary-local,threaded-wmaj-nojournal,"w:majority, j:False",183,9.056292
20260923T114209Z__threaded-wmaj-nojournal__rs-primary-local,threaded-wmaj-nojournal,"w:majority, j:False",184,8.719542
20260923T114209Z__threaded-wmaj-nojournal__rs-primary-local,threaded-wmaj-nojournal,"w:majority, j:False",185,8.541292
20260923T114209Z__threaded-wmaj-nojournal__rs-primary-local,threaded-wmaj-nojournal,"w:majority, j:False",186,9.03225
20260923T114209Z__threaded-wmaj-nojournal__rs-primary-local,threaded-wmaj-nojournal,"w:majority, j:False",187,8.558625
20260923T114209Z__threaded-wmaj-nojournal__rs-primary-local,threaded-wmaj-nojournal,"w:majority, j:False",188,9.037167
20260923T114209Z__threaded-wmaj-nojournal__rs-primary-local,threaded-wmaj-nojournal,"w:majority, j:False",189,8.618
20260923T114209Z__threaded-wmaj-nojournal__rs-primary-local,threaded-wmaj-nojournal,"w:majority, j:False",190,9.0605
20260923T114209Z__threaded-wmaj-nojournal__rs-primary-local,threaded-wmaj-nojournal,"w:majority, j:False",191,9.063792
20260923T114209Z__threaded-wmaj-nojournal__rs-primary-local,threaded-wmaj-nojournal,"w:majority, j:False",192,9.02525
20260923T114209Z__threaded-wmaj-nojournal__rs-primary-local,threaded-wmaj-nojournal,"w:majority, j:False",193,9.052625
20260923T114209Z__threaded-wmaj-nojournal__rs-primary-local,threaded-wmaj-nojournal,"w:majority, j:False",194,9.031583
20260923T114209Z__threaded-wmaj-nojournal__rs-primary-local,threaded-wmaj-nojournal,"w:majority, j:False",195,9.050209
20260923T114209Z__threaded-wmaj-nojournal__rs-primary-local,threaded-wmaj-nojournal,"w:majority, j:False",196,9.028458
20260923T114209Z__threaded-wmaj-nojournal__rs-primary-local,threaded-wmaj-nojournal,"w:majority, j:False",197,9.035417
20260923T114209Z__threaded-wmaj-nojournal__rs-primary-local,threaded-wmaj-nojournal,"w:majority, j:False",198,5.082084
20260923T114209Z__threaded-wmaj-nojournal__rs-primary-local,threaded-wmaj-nojournal,"w:majority, j:False",199,8.557042
20260923T114209Z__threaded-wmaj-nojournal__rs-primary-local,threaded-wmaj-nojournal,"w:majority, j:False",200,9.037667
20260923T114209Z__threaded-wmaj-nojournal__rs-primary-local,threaded-wmaj-nojournal,"w:majority, j:False",201,9.022875
20260923T114209Z__threaded-wmaj-nojournal__rs-primary-local,threaded-wmaj-nojournal,"w:majority, j:False",202,5.015916
20260923T114209Z__threaded-wmaj-nojournal__rs-primary-local,threaded-wmaj-nojournal,"w:majority, j:False",203,9.028333
20260923T114209Z__threaded-wmaj-nojournal__rs-primary-local,threaded-wmaj-nojournal,"w:majority, j:False",204,9.04
20260923T114209Z__threaded-wmaj-nojournal__rs-primary-local,threaded-wmaj-nojournal,"w:majority, j:False",205,9.034875
20260923T114209Z__threaded-wmaj-nojournal__rs-primary-local,threaded-wmaj-nojournal,"w:majority, j:False",206,8.719041
20260923T114209Z__threaded-wmaj-nojournal__rs-primary-local,threaded-wmaj-nojournal,"w:majority, j:False",207,9.105083
20260923T114209Z__threaded-wmaj-nojournal__rs-primary-local,threaded-wmaj-nojournal,"w:majority, j:False",208,9.93525
20260923T114209Z__threaded-wmaj-nojournal__rs-primary-local,threaded-wmaj-nojournal,"w:majority, j:False",209,5.039875
20260923T114209Z__threaded-wmaj-nojournal__rs-primary-local,threaded-wmaj-nojournal,"w:majority, j:False",210,9.035833
20260923T114209Z__threaded-wmaj-nojournal__rs-primary-local,threaded-wmaj-nojournal,"w:majority, j:False",211,13.055792
20260923T114209Z__threaded-wmaj-nojournal__rs-primary-local,threaded-wmaj-nojournal,"w:majority, j:False",212,9.017875
20260923T114209Z__threaded-wmaj-nojournal__rs-primary-local,threaded-wmaj-nojournal,"w:majority, j:False",213,5.035542
20260923T114209Z__threaded-wmaj-nojournal__rs-primary-local,threaded-wmaj-nojournal,"w:majority, j:False",214,9.530417
20260923T114209Z__threaded-wmaj-nojournal__rs-primary-local,threaded-wmaj-nojournal,"w:majority, j:False",215,9.065167
20260923T114209Z__threaded-wmaj-nojournal__rs-primary-local,threaded-wmaj-nojournal,"w:majority, j:False",216,13.041875
20260923T114209Z__threaded-wmaj-nojournal__rs-primary-local,threaded-wmaj-nojournal,"w:majority, j:False",217,9.178417
20260923T114209Z__threaded-wmaj-nojournal__rs-primary-local,threaded-wmaj-nojournal,"w:majority, j:False",218,9.536625
20260923T114209Z__threaded-wmaj-nojournal__rs-primary-local,threaded-wmaj-nojournal,"w:majority, j:False",219,8.515042
20260923T114209Z__threaded-wmaj-nojournal__rs-primary-local,threaded-wmaj-nojournal,"w:majority, j:False",220,8.515834
20260923T114209Z__threaded-wmaj-nojournal__rs-primary-local,threaded-wmaj-nojournal,"w:majority, j:False",221,11.535458
20260923T114209Z__threaded-wmaj-nojournal__rs-primary-local,threaded-wmaj-nojournal,"w:majority, j:False",222,12.510791
20260923T114209Z__threaded-wmaj-nojournal__rs-primary-local,threaded-wmaj-nojournal,"w:majority, j:False",223,9.550833
20260923T114209Z__threaded-wmaj-nojournal__rs-primary-local,threaded-wmaj-nojournal,"w:majority, j:False",224,9.050542
20260923T114209Z__threaded-wmaj-nojournal__rs-primary-local,threaded-wmaj-nojournal,"w:majority, j:False",225,9.025416
20260923T114209Z__threaded-wmaj-nojournal__rs-primary-local,threaded-wmaj-nojournal,"w:majority, j:False",226,9.03475
20260923T114209Z__threaded-wmaj-nojournal__rs-primary-local,threaded-wmaj-nojournal,"w:majority, j:False",227,9.028959
20260923T114209Z__threaded-wmaj-nojournal__rs-primary-local,threaded-wmaj-nojournal,"w:majority, j:False",228,9.179167
20260923T114209Z__threaded-wmaj-nojournal__rs-primary-local,threaded-wmaj-nojournal,"w:majority, j:False",229,5.02525
20260923T114209Z__threaded-wmaj-nojournal__rs-primary-local,threaded-wmaj-nojournal,"w:majority, j:False",230,9.027459
20260923T114209Z__threaded-wmaj-nojournal__rs-primary-local,threaded-wmaj-nojournal,"w:majority, j:False",231,8.9825
20260923T114209Z__threaded-wmaj-nojournal__rs-primary-local,threaded-wmaj-nojournal,"w:majority, j:False",232,9.06825
20260923T114209Z__threaded-wmaj-nojournal__rs-primary-local,threaded-wmaj-nojournal,"w:majority, j:False",233,9.033625
20260923T114209Z__threaded-wmaj-nojournal__rs-primary-local,threaded-wmaj-nojournal,"w:majority, j:False",234,9.030959
20260923T114209Z__threaded-wmaj-nojournal__rs-primary-local,threaded-wmaj-nojournal,"w:majority, j:False",235,9.034875
20260923T114209Z__threaded-wmaj-nojournal__rs-primary-local,threaded-wmaj-nojournal,"w:majority, j:False",236,9.187792
20260923T114209Z__threaded-wmaj-nojournal__rs-primary-local,threaded-wmaj-nojournal,"w:majority, j:False",237,9.182125
20260923T114209Z__threaded-wmaj-nojournal__rs-primary-local,threaded-wmaj-nojournal,"w:majority, j:False",238,9.064125
20260923T114209Z__threaded-wmaj-nojournal__rs-primary-local,threaded-wmaj-nojournal,"w:majority, j:False",239,9.138667
20260923T114209Z__threaded-wmaj-nojournal__rs-primary-local,threaded-wmaj-nojournal,"w:majority, j:False",240,8.959083
20260923T114209Z__threaded-wmaj-nojournal__rs-primary-local,threaded-wmaj-nojournal,"w:majority, j:False",241,9.081083
20260923T114209Z__threaded-wmaj-nojournal__rs-primary-local,threaded-wmaj-nojournal,"w:majority, j:False",242,13.192166
20260923T114209Z__threaded-wmaj-nojournal__rs-primary-local,threaded-wmaj-nojournal,"w:majority, j:False",243,9.031041
20260923T114209Z__threaded-wmaj-nojournal__rs-primary-local,threaded-wmaj-nojournal,"w:majority, j:False",244,9.542667
20260923T114209Z__threaded-wmaj-nojournal__rs-primary-local,threaded-wmaj-nojournal,"w:majority, j:False",245,12.59675
20260923T114209Z__threaded-wmaj-nojournal__rs-primary-local,threaded-wmaj-nojournal,"w:majority, j:False",246,9.285917
20260923T114209Z__threaded-wmaj-nojournal__rs-primary-local,threaded-wmaj-nojournal,"w:majority, j:False",247,8.547
20260923T114209Z__threaded-wmaj-nojournal__rs-primary-local,threaded-wmaj-nojournal,"w:majority, j:False",248,9.032292
20260923T114209Z__threaded-wmaj-nojournal__rs-primary-local,threaded-wmaj-nojournal,"w:majority, j:False",249,12.633625
20260923T114209Z__threaded-wmaj-nojournal__rs-primary-local,threaded-wmaj-nojournal,"w:majority, j:False",250,9.028875
20260923T114209Z__threaded-wmaj-nojournal__rs-primary-local,threaded-wmaj-nojournal,"w:majority, j:False",251,12.560375
20260923T114209Z__threaded-wmaj-nojournal__rs-primary-local,threaded-wmaj-nojournal,"w:majority, j:False",252,9.047125
20260923T114209Z__threaded-wmaj-nojournal__rs-primary-local,threaded-wmaj-nojournal,"w:majority, j:False",253,9.534708
20260923T114209Z__threaded-wmaj-nojournal__rs-primary-local,threaded-wmaj-nojournal,"w:majority, j:False",254,9.034459
20260923T114209Z__threaded-wmaj-nojournal__rs-primary-local,threaded-wmaj-nojournal,"w:majority, j:False",255,8.973125
20260923T114209Z__threaded-wmaj-nojournal__rs-primary-local,threaded-wmaj-nojournal,"w:majority, j:False",256,9.542625
20260923T114209Z__threaded-wmaj-nojournal__rs-primary-local,threaded-wmaj-nojournal,"w:majority, j:False",257,8.634584
20260923T114209Z__threaded-wmaj-nojournal__rs-primary-local,threaded-wmaj-nojournal,"w:majority, j:False",258,9.034708
20260923T114209Z__threaded-wmaj-nojournal__rs-primary-local,threaded-wmaj-nojournal,"w:majority, j:False",259,9.028708
20260923T114209Z__threaded-wmaj-nojournal__rs-primary-local,threaded-wmaj-nojournal,"w:majority, j:False",260,12.594208
20260923T114209Z__threaded-wmaj-nojournal__rs-primary-local,threaded-wmaj-nojournal,"w:majority, j:False",261,9.030125
20260923T114209Z__threaded-wmaj-nojournal__rs-primary-local,threaded-wmaj-nojournal,"w:majority, j:False",262,8.713958
20260923T114209Z__threaded-wmaj-nojournal__rs-primary-local,threaded-wmaj-nojournal,"w:majority, j:False",263,13.041916
20260923T114209Z__threaded-wmaj-nojournal__rs-primary-local,threaded-wmaj-nojournal,"w:majority, j:False",264,9.057166
20260923T114209Z__threaded-wmaj-nojournal__rs-primary-local,threaded-wmaj-nojournal,"w:majority, j:False",265,8.683166
20260923T114209Z__threaded-wmaj-nojournal__rs-primary-local,threaded-wmaj-nojournal,"w:majority, j:False",266,8.680416
20260923T114209Z__threaded-wmaj-nojournal__rs-primary-local,threaded-wmaj-nojournal,"w:majority, j:False",267,9.064292
20260923T114209Z__threaded-wmaj-nojournal__rs-primary-local,threaded-wmaj-nojournal,"w:majority, j:False",268,9.030083
20260923T114209Z__threaded-wmaj-nojournal__rs-primary-local,threaded-wmaj-nojournal,"w:majority, j:False",269,12.956834
20260923T114209Z__threaded-wmaj-nojournal__rs-primary-local,threaded-wmaj-nojournal,"w:majority, j:False",270,9.039875
20260923T114209Z__threaded-wmaj-nojournal__rs-primary-local,threaded-wmaj-nojournal,"w:majority, j:False",271,28.337833
20260923T114209Z__threaded-wmaj-nojournal__rs-primary-local,threaded-wmaj-nojournal,"w:majority, j:False",272,5.048791
20260923T114209Z__threaded-wmaj-nojournal__rs-primary-local,threaded-wmaj-nojournal,"w:majority, j:False",273,12.613542
20260923T114209Z__threaded-wmaj-nojournal__rs-primary-local,threaded-wmaj-nojournal,"w:majority, j:False",274,8.599417
20260923T114209Z__threaded-wmaj-nojournal__rs-primary-local,threaded-wmaj-nojournal,"w:majority, j:False",275,8.960292
20260923T114209Z__threaded-wmaj-nojournal__rs-primary-local,threaded-wmaj-nojournal,"w:majority, j:False",276,5.036417
20260923T114209Z__threaded-wmaj-nojournal__rs-primary-local,threaded-wmaj-nojournal,"w:majority, j:False",277,9.02025
20260923T114209Z__threaded-wmaj-nojournal__rs-primary-local,threaded-wmaj-nojournal,"w:majority, j:False",278,8.773292
20260923T114209Z__threaded-wmaj-nojournal__rs-primary-local,threaded-wmaj-nojournal,"w:majority, j:False",279,8.959458
20260923T114209Z__threaded-wmaj-nojournal__rs-primary-local,threaded-wmaj-nojournal,"w:majority, j:False",280,9.040541
20260923T114209Z__threaded-wmaj-nojournal__rs-primary-local,threaded-wmaj-nojournal,"w:majority, j:False",281,8.518917
20260923T114209Z__threaded-wmaj-nojournal__rs-primary-local,threaded-wmaj-nojournal,"w:majority, j:False",282,9.0265
20260923T114209Z__threaded-wmaj-nojournal__rs-primary-local,threaded-wmaj-nojournal,"w:majority, j:False",283,12.778375
20260923T114209Z__threaded-wmaj-nojournal__rs-primary-local,threaded-wmaj-nojournal,"w:majority, j:False",284,8.526667
20260923T114209Z__threaded-wmaj-nojournal__rs-primary-local,threaded-wmaj-nojournal,"w:majority, j:False",285,9.026542
20260923T114209Z__threaded-wmaj-nojournal__rs-primary-local,threaded-wmaj-nojournal,"w:majority, j:False",286,9.037
20260923T114209Z__threaded-wmaj-nojournal__rs-primary-local,threaded-wmaj-nojournal,"w:majority, j:False",287,8.750333
20260923T114209Z__threaded-wmaj-nojournal__rs-primary-local,threaded-wmaj-nojournal,"w:majority, j:False",288,9.030292
20260923T114209Z__threaded-wmaj-nojournal__rs-primary-local,threaded-wmaj-nojournal,"w:majority, j:False",289,9.0355
20260923T114209Z__threaded-wmaj-nojournal__rs-primary-local,threaded-wmaj-nojournal,"w:majority, j:False",290,9.037083
20260923T114209Z__threaded-wmaj-nojournal__rs-primary-local,threaded-wmaj-nojournal,"w:majority, j:False",291,10.050084
20260923T114209Z__threaded-wmaj-nojournal__rs-primary-local,threaded-wmaj-nojournal,"w:majority, j:False",292,8.525625
20260923T114209Z__threaded-wmaj-nojournal__rs-primary-local,threaded-wmaj-nojournal,"w:majority, j:False",293,9.136292
20260923T114209Z__threaded-wmaj-nojournal__rs-primary-local,threaded-wmaj-nojournal,"w:majority, j:False",294,9.029583
20260923T114209Z__threaded-wmaj-nojournal__rs-primary-local,threaded-wmaj-nojournal,"w:majority, j:False",295,8.525667
20260923T114209Z__threaded-wmaj-nojournal__rs-primary-local,threaded-wmaj-nojournal,"w:majority, j:False",296,8.284417
20260923T114209Z__threaded-wmaj-nojournal__rs-primary-local,threaded-wmaj-nojournal,"w:majority, j:False",297,13.029041
20260923T114209Z__threaded-wmaj-nojournal__rs-primary-local,threaded-wmaj-nojournal,"w:majority, j:False",298,9.035375
20260923T114209Z__threaded-wmaj-nojournal__rs-primary-local,threaded-wmaj-nojournal,"w:majority, j:False",299,9.035833
20260923T114209Z__threaded-wmaj-nojournal__rs-primary-local,threaded-wmaj-nojournal,"w:majority, j:False",300,8.583667
20260923T114209Z__threaded-wmaj-nojournal__rs-primary-local,threaded-wmaj-nojournal,"w:majority, j:False",301,8.74775
20260923T114209Z__threaded-wmaj-nojournal__rs-primary-local,threaded-wmaj-nojournal,"w:majority, j:False",302,8.68925
20260923T114209Z__threaded-wmaj-nojournal__rs-primary-local,threaded-wmaj-nojournal,"w:majority, j:False",303,9.033083
20260923T114209Z__threaded-wmaj-nojournal__rs-primary-local,threaded-wmaj-nojournal,"w:majority, j:False",304,8.172583
20260923T114209Z__threaded-wmaj-nojournal__rs-primary-local,threaded-wmaj-nojournal,"w:majority, j:False",305,9.03725
20260923T114209Z__threaded-wmaj-nojournal__rs-primary-local,threaded-wmaj-nojournal,"w:majority, j:False",306,5.079917
20260923T114209Z__threaded-wmaj-nojournal__rs-primary-local,threaded-wmaj-nojournal,"w:majority, j:False",307,9.025375
20260923T114209Z__threaded-wmaj-nojournal__rs-primary-local,threaded-wmaj-nojournal,"w:majority, j:False",308,8.533708
20260923T114209Z__threaded-wmaj-nojournal__rs-primary-local,threaded-wmaj-nojournal,"w:majority, j:False",309,5.616041
20260923T114209Z__threaded-wmaj-nojournal__rs-primary-local,threaded-wmaj-nojournal,"w:majority, j:False",310,9.031041
20260923T114209Z__threaded-wmaj-nojournal__rs-primary-local,threaded-wmaj-nojournal,"w:majority, j:False",311,9.021083
20260923T114209Z__threaded-wmaj-nojournal__rs-primary-local,threaded-wmaj-nojournal,"w:majority, j:False",312,9.456542
20260923T114209Z__threaded-wmaj-nojournal__rs-primary-local,threaded-wmaj-nojournal,"w:majority, j:False",313,12.701792
20260923T114209Z__threaded-wmaj-nojournal__rs-primary-local,threaded-wmaj-nojournal,"w:majority, j:False",314,9.030042
20260923T114209Z__threaded-wmaj-nojournal__rs-primary-local,threaded-wmaj-nojournal,"w:majority, j:False",315,8.732125
20260923T114209Z__threaded-wmaj-nojournal__rs-primary-local,threaded-wmaj-nojournal,"w:majority, j:False",316,8.676083
20260923T114209Z__threaded-wmaj-nojournal__rs-primary-local,threaded-wmaj-nojournal,"w:majority, j:False",317,8.616709
20260923T114209Z__threaded-wmaj-nojournal__rs-primary-local,threaded-wmaj-nojournal,"w:majority, j:False",318,9.049083
20260923T114209Z__threaded-wmaj-nojournal__rs-primary-local,threaded-wmaj-nojournal,"w:majority, j:False",319,9.0305
20260923T114209Z__threaded-wmaj-nojournal__rs-primary-local,threaded-wmaj-nojournal,"w:majority, j:False",320,8.554917
20260923T114209Z__threaded-wmaj-nojournal__rs-primary-local,threaded-wmaj-nojournal,"w:majority, j:False",321,8.64475
20260923T114209Z__threaded-wmaj-nojournal__rs-primary-local,threaded-wmaj-nojournal,"w:majority, j:False",322,12.528625
20260923T114209Z__threaded-wmaj-nojournal__rs-primary-local,threaded-wmaj-nojournal,"w:majority, j:False",323,8.637625
20260923T114209Z__threaded-wmaj-nojournal__rs-primary-local,threaded-wmaj-nojournal,"w:majority, j:False",324,8.594084
20260923T114209Z__threaded-wmaj-nojournal__rs-primary-local,threaded-wmaj-nojournal,"w:majority, j:False",325,12.536375
20260923T114209Z__threaded-wmaj-nojournal__rs-primary-local,threaded-wmaj-nojournal,"w:majority, j:False",326,5.044208
20260923T114209Z__threaded-wmaj-nojournal__rs-primary-local,threaded-wmaj-nojournal,"w:majority, j:False",327,9.027833
20260923T114209Z__threaded-wmaj-nojournal__rs-primary-local,threaded-wmaj-nojournal,"w:majority, j:False",328,13.057417
20260923T114209Z__threaded-wmaj-nojournal__rs-primary-local,threaded-wmaj-nojournal,"w:majority, j:False",329,8.567708
20260923T114209Z__threaded-wmaj-nojournal__rs-primary-local,threaded-wmaj-nojournal,"w:majority, j:False",330,12.531
20260923T114209Z__threaded-wmaj-nojournal__rs-primary-local,threaded-wmaj-nojournal,"w:majority, j:False",331,9.034459
20260923T114209Z__threaded-wmaj-nojournal__rs-primary-local,threaded-wmaj-nojournal,"w:majority, j:False",332,5.016625
20260923T114209Z__threaded-wmaj-nojournal__rs-primary-local,threaded-wmaj-nojournal,"w:majority, j:False",333,9.032708
20260923T114209Z__threaded-wmaj-nojournal__rs-primary-local,threaded-wmaj-nojournal,"w:majority, j:False",334,8.450167
20260923T114209Z__threaded-wmaj-nojournal__rs-primary-local,threaded-wmaj-nojournal,"w:majority, j:False",335,8.683625
20260923T114209Z__threaded-wmaj-nojournal__rs-primary-local,threaded-wmaj-nojournal,"w:majority, j:False",336,8.522625
20260923T114209Z__threaded-wmaj-nojournal__rs-primary-local,threaded-wmaj-nojournal,"w:majority, j:False",337,8.672
20260923T114209Z__threaded-wmaj-nojournal__rs-primary-local,threaded-wmaj-nojournal,"w:majority, j:False",338,8.610209
20260923T114209Z__threaded-wmaj-nojournal__rs-primary-local,threaded-wmaj-nojournal,"w:majority, j:False",339,12.534375
20260923T114209Z__threaded-wmaj-nojournal__rs-primary-local,threaded-wmaj-nojournal,"w:majority, j:False",340,9.032959
20260923T114209Z__threaded-wmaj-nojournal__rs-primary-local,threaded-wmaj-nojournal,"w:majority, j:False",341,10.030917
20260923T114209Z__threaded-wmaj-nojournal__rs-primary-local,threaded-wmaj-nojournal,"w:majority, j:False",342,8.609834
20260923T114209Z__threaded-wmaj-nojournal__rs-primary-local,threaded-wmaj-nojournal,"w:majority, j:False",343,8.634667
20260923T114209Z__threaded-wmaj-nojournal__rs-primary-local,threaded-wmaj-nojournal,"w:majority, j:False",344,8.540709
20260923T114209Z__threaded-wmaj-nojournal__rs-primary-local,threaded-wmaj-nojournal,"w:majority, j:False",345,5.023833
20260923T114209Z__threaded-wmaj-nojournal__rs-primary-local,threaded-wmaj-nojournal,"w:majority, j:False",346,5.041292
20260923T114209Z__threaded-wmaj-nojournal__rs-primary-local,threaded-wmaj-nojournal,"w:majority, j:False",347,9.060541
20260923T114209Z__threaded-wmaj-nojournal__rs-primary-local,threaded-wmaj-nojournal,"w:majority, j:False",348,8.69125
20260923T114209Z__threaded-wmaj-nojournal__rs-primary-local,threaded-wmaj-nojournal,"w:majority, j:False",349,5.034416
20260923T114209Z__threaded-wmaj-nojournal__rs-primary-local,threaded-wmaj-nojournal,"w:majority, j:False",350,8.95125
20260923T114209Z__threaded-wmaj-nojournal__rs-primary-local,threaded-wmaj-nojournal,"w:majority, j:False",351,9.024208
20260923T114209Z__threaded-wmaj-nojournal__rs-primary-local,threaded-wmaj-nojournal,"w:majority, j:False",352,13.012375
20260923T114209Z__threaded-wmaj-nojournal__rs-primary-local,threaded-wmaj-nojournal,"w:majority, j:False",353,8.643833
20260923T114209Z__threaded-wmaj-nojournal__rs-primary-local,threaded-wmaj-nojournal,"w:majority, j:False",354,8.544
20260923T114209Z__threaded-wmaj-nojournal__rs-primary-local,threaded-wmaj-nojournal,"w:majority, j:False",355,8.622792
20260923T114209Z__threaded-wmaj-nojournal__rs-primary-local,threaded-wmaj-nojournal,"w:majority, j:False",356,9.0595
20260923T114209Z__threaded-wmaj-nojournal__rs-primary-local,threaded-wmaj-nojournal,"w:majority, j:False",357,9.03
20260923T114209Z__threaded-wmaj-nojournal__rs-primary-local,threaded-wmaj-nojournal,"w:majority, j:False",358,9.039333
20260923T114209Z__threaded-wmaj-nojournal__rs-primary-local,threaded-wmaj-nojournal,"w:majority, j:False",359,9.039708
20260923T114209Z__threaded-wmaj-nojournal__rs-primary-local,threaded-wmaj-nojournal,"w:majority, j:False",360,9.001833
20260923T114209Z__threaded-wmaj-nojournal__rs-primary-local,threaded-wmaj-nojournal,"w:majority, j:False",361,8.634125
20260923T114209Z__threaded-wmaj-nojournal__rs-primary-local,threaded-wmaj-nojournal,"w:majority, j:False",362,9.029083
20260923T114209Z__threaded-wmaj-nojournal__rs-primary-local,threaded-wmaj-nojournal,"w:majority, j:False",363,8.670958
20260923T114209Z__threaded-wmaj-nojournal__rs-primary-local,threaded-wmaj-nojournal,"w:majority, j:False",364,8.572792
20260923T114209Z__threaded-wmaj-nojournal__rs-primary-local,threaded-wmaj-nojournal,"w:majority, j:False",365,8.606625
20260923T114209Z__threaded-wmaj-nojournal__rs-primary-local,threaded-wmaj-nojournal,"w:majority, j:False",366,8.530375
20260923T114209Z__threaded-wmaj-nojournal__rs-primary-local,threaded-wmaj-nojournal,"w:majority, j:False",367,8.638292
20260923T114209Z__threaded-wmaj-nojournal__rs-primary-local,threaded-wmaj-nojournal,"w:majority, j:False",368,8.536208
20260923T114209Z__threaded-wmaj-nojournal__rs-primary-local,threaded-wmaj-nojournal,"w:majority, j:False",369,8.535875
20260923T114209Z__threaded-wmaj-nojournal__rs-primary-local,threaded-wmaj-nojournal,"w:majority, j:False",370,9.552084
20260923T114209Z__threaded-wmaj-nojournal__rs-primary-local,threaded-wmaj-nojournal,"w:majority, j:False",371,9.533083
20260923T114209Z__threaded-wmaj-nojournal__rs-primary-local,threaded-wmaj-nojournal,"w:majority, j:False",372,9.659542
20260923T114209Z__threaded-wmaj-nojournal__rs-primary-local,threaded-wmaj-nojournal,"w:majority, j:False",373,8.625958
20260923T114209Z__threaded-wmaj-nojournal__rs-primary-local,threaded-wmaj-nojournal,"w:majority, j:False",374,8.438959
20260923T114209Z__threaded-wmaj-nojournal__rs-primary-local,threaded-wmaj-nojournal,"w:majority, j:False",375,8.511417
20260923T114209Z__threaded-wmaj-nojournal__rs-primary-local,threaded-wmaj-nojournal,"w:majority, j:False",376,8.532875
20260923T114209Z__threaded-wmaj-nojournal__rs-primary-local,threaded-wmaj-nojournal,"w:majority, j:False",377,8.681333
20260923T114209Z__threaded-wmaj-nojournal__rs-primary-local,threaded-wmaj-nojournal,"w:majority, j:False",378,9.064042
20260923T114209Z__threaded-wmaj-nojournal__rs-primary-local,threaded-wmaj-nojournal,"w:majority, j:False",379,8.524917
20260923T114209Z__threaded-wmaj-nojournal__rs-primary-local,threaded-wmaj-nojournal,"w:majority, j:False",380,8.951292
20260923T114209Z__threaded-wmaj-nojournal__rs-primary-local,threaded-wmaj-nojournal,"w:majority, j:False",381,5.082042
20260923T114209Z__threaded-wmaj-nojournal__rs-primary-local,threaded-wmaj-nojournal,"w:majority, j:False",382,9.011333
20260923T114209Z__threaded-wmaj-nojournal__rs-primary-local,threaded-wmaj-nojournal,"w:majority, j:False",383,9.023542
20260923T114209Z__threaded-wmaj-nojournal__rs-primary-local,threaded-wmaj-nojournal,"w:majority, j:False",384,8.693
20260923T114209Z__threaded-wmaj-nojournal__rs-primary-local,threaded-wmaj-nojournal,"w:majority, j:False",385,9.027417
20260923T114209Z__threaded-wmaj-nojournal__rs-primary-local,threaded-wmaj-nojournal,"w:majority, j:False",386,8.551375
20260923T114209Z__threaded-wmaj-nojournal__rs-primary-local,threaded-wmaj-nojournal,"w:majority, j:False",387,9.033666
20260923T114209Z__threaded-wmaj-nojournal__rs-primary-local,threaded-wmaj-nojournal,"w:majority, j:False",388,9.100375
20260923T114209Z__threaded-wmaj-nojournal__rs-primary-local,threaded-wmaj-nojournal,"w:majority, j:False",389,8.513917
20260923T114209Z__threaded-wmaj-nojournal__rs-primary-local,threaded-wmaj-nojournal,"w:majority, j:False",390,9.02425
20260923T114209Z__threaded-wmaj-nojournal__rs-primary-local,threaded-wmaj-nojournal,"w:majority, j:False",391,10.212583
20260923T114209Z__threaded-wmaj-nojournal__rs-primary-local,threaded-wmaj-nojournal,"w:majority, j:False",392,9.039875
20260923T114209Z__threaded-wmaj-nojournal__rs-primary-local,threaded-wmaj-nojournal,"w:majority, j:False",393,9.534875
20260923T114209Z__threaded-wmaj-nojournal__rs-primary-local,threaded-wmaj-nojournal,"w:majority, j:False",394,8.958
20260923T114209Z__threaded-wmaj-nojournal__rs-primary-local,threaded-wmaj-nojournal,"w:majority, j:False",395,8.520542
20260923T114209Z__threaded-wmaj-nojournal__rs-primary-local,threaded-wmaj-nojournal,"w:majority, j:False",396,5.024
20260923T114209Z__threaded-wmaj-nojournal__rs-primary-local,threaded-wmaj-nojournal,"w:majority, j:False",397,9.034708
20260923T114209Z__threaded-wmaj-nojournal__rs-primary-local,threaded-wmaj-nojournal,"w:majority, j:False",398,8.724833
20260923T114209Z__threaded-wmaj-nojournal__rs-primary-local,threaded-wmaj-nojournal,"w:majority, j:False",399,8.624333
20260923T114209Z__threaded-wmaj-nojournal__rs-primary-local,threaded-wmaj-nojournal,"w:majority, j:False",400,8.549667
20260923T114209Z__threaded-wmaj-nojournal__rs-primary-local,threaded-wmaj-nojournal,"w:majority, j:False",401,9.035625
20260923T114209Z__threaded-wmaj-nojournal__rs-primary-local,threaded-wmaj-nojournal,"w:majority, j:False",402,8.636625
20260923T114209Z__threaded-wmaj-nojournal__rs-primary-local,threaded-wmaj-nojournal,"w:majority, j:False",403,9.049875
20260923T114209Z__threaded-wmaj-nojournal__rs-primary-local,threaded-wmaj-nojournal,"w:majority, j:False",404,8.678084
20260923T114209Z__threaded-wmaj-nojournal__rs-primary-local,threaded-wmaj-nojournal,"w:majority, j:False",405,9.031125
20260923T114209Z__threaded-wmaj-nojournal__rs-primary-local,threaded-wmaj-nojournal,"w:majority, j:False",406,8.953958
20260923T114209Z__threaded-wmaj-nojournal__rs-primary-local,threaded-wmaj-nojournal,"w:majority, j:False",407,8.958333
20260923T114209Z__threaded-wmaj-nojournal__rs-primary-local,threaded-wmaj-nojournal,"w:majority, j:False",408,12.535333
20260923T114209Z__threaded-wmaj-nojournal__rs-primary-local,threaded-wmaj-nojournal,"w:majority, j:False",409,8.954292
20260923T114209Z__threaded-wmaj-nojournal__rs-primary-local,threaded-wmaj-nojournal,"w:majority, j:False",410,9.076209
20260923T114209Z__threaded-wmaj-nojournal__rs-primary-local,threaded-wmaj-nojournal,"w:majority, j:False",411,9.108875
20260923T114209Z__threaded-wmaj-nojournal__rs-primary-local,threaded-wmaj-nojournal,"w:majority, j:False",412,8.375416
20260923T114209Z__threaded-wmaj-nojournal__rs-primary-local,threaded-wmaj-nojournal,"w:majority, j:False",413,8.913542
20260923T114209Z__threaded-wmaj-nojournal__rs-primary-local,threaded-wmaj-nojournal,"w:majority, j:False",414,10.183625
20260923T114209Z__threaded-wmaj-nojournal__rs-primary-local,threaded-wmaj-nojournal,"w:majority, j:False",415,9.17075
20260923T114209Z__threaded-wmaj-nojournal__rs-primary-local,threaded-wmaj-nojournal,"w:majority, j:False",416,18.626959
20260923T114209Z__threaded-wmaj-nojournal__rs-primary-local,threaded-wmaj-nojournal,"w:majority, j:False",417,12.541209
20260923T114209Z__threaded-wmaj-nojournal__rs-primary-local,threaded-wmaj-nojournal,"w:majority, j:False",418,8.477583
20260923T114209Z__threaded-wmaj-nojournal__rs-primary-local,threaded-wmaj-nojournal,"w:majority, j:False",419,8.619583
20260923T114209Z__threaded-wmaj-nojournal__rs-primary-local,threaded-wmaj-nojournal,"w:majority, j:False",420,8.601042
20260923T114209Z__threaded-wmaj-nojournal__rs-primary-local,threaded-wmaj-nojournal,"w:majority, j:False",421,12.6245
20260923T114209Z__threaded-wmaj-nojournal__rs-primary-local,threaded-wmaj-nojournal,"w:majority, j:False",422,8.618625
20260923T114209Z__threaded-wmaj-nojournal__rs-primary-local,threaded-wmaj-nojournal,"w:majority, j:False",423,9.03025
20260923T114209Z__threaded-wmaj-nojournal__rs-primary-local,threaded-wmaj-nojournal,"w:majority, j:False",424,9.026958
20260923T114209Z__threaded-wmaj-nojournal__rs-primary-local,threaded-wmaj-nojournal,"w:majority, j:False",425,8.713833
20260923T114209Z__threaded-wmaj-nojournal__rs-primary-local,threaded-wmaj-nojournal,"w:majority, j:False",426,9.034875
20260923T114209Z__threaded-wmaj-nojournal__rs-primary-local,threaded-wmaj-nojournal,"w:majority, j:False",427,9.145583
20260923T114209Z__threaded-wmaj-nojournal__rs-primary-local,threaded-wmaj-nojournal,"w:majority, j:False",428,8.926209
20260923T114209Z__threaded-wmaj-nojournal__rs-primary-local,threaded-wmaj-nojournal,"w:majority, j:False",429,10.028541
20260923T114209Z__threaded-wmaj-nojournal__rs-primary-local,threaded-wmaj-nojournal,"w:majority, j:False",430,9.038458
20260923T114209Z__threaded-wmaj-nojournal__rs-primary-local,threaded-wmaj-nojournal,"w:majority, j:False",431,9.031083
20260923T114209Z__threaded-wmaj-nojournal__rs-primary-local,threaded-wmaj-nojournal,"w:majority, j:False",432,9.027625
20260923T114209Z__threaded-wmaj-nojournal__rs-primary-local,threaded-wmaj-nojournal,"w:majority, j:False",433,8.602
20260923T114209Z__threaded-wmaj-nojournal__rs-primary-local,threaded-wmaj-nojournal,"w:majority, j:False",434,8.089125
20260923T114209Z__threaded-wmaj-nojournal__rs-primary-local,threaded-wmaj-nojournal,"w:majority, j:False",435,5.081
20260923T114209Z__threaded-wmaj-nojournal__rs-primary-local,threaded-wmaj-nojournal,"w:majority, j:False",436,8.58375
20260923T114209Z__threaded-wmaj-nojournal__rs-primary-local,threaded-wmaj-nojournal,"w:majority, j:False",437,9.034208
20260923T114209Z__threaded-wmaj-nojournal__rs-primary-local,threaded-wmaj-nojournal,"w:majority, j:False",438,5.043
20260923T114209Z__threaded-wmaj-nojournal__rs-primary-local,threaded-wmaj-nojournal,"w:majority, j:False",439,9.032042
20260923T114209Z__threaded-wmaj-nojournal__rs-primary-local,threaded-wmaj-nojournal,"w:majority, j:False",440,8.69725
20260923T114209Z__threaded-wmaj-nojournal__rs-primary-local,threaded-wmaj-nojournal,"w:majority, j:False",441,5.032167
20260923T114209Z__threaded-wmaj-nojournal__rs-primary-local,threaded-wmaj-nojournal,"w:majority, j:False",442,8.600417
20260923T114209Z__threaded-wmaj-nojournal__rs-primary-local,threaded-wmaj-nojournal,"w:majority, j:False",443,8.599542
20260923T114209Z__threaded-wmaj-nojournal__rs-primary-local,threaded-wmaj-nojournal,"w:majority, j:False",444,9.028541
20260923T114209Z__threaded-wmaj-nojournal__rs-primary-local,threaded-wmaj-nojournal,"w:majority, j:False",445,8.588541
20260923T114209Z__threaded-wmaj-nojournal__rs-primary-local,threaded-wmaj-nojournal,"w:majority, j:False",446,9.031625
20260923T114209Z__threaded-wmaj-nojournal__rs-primary-local,threaded-wmaj-nojournal,"w:majority, j:False",447,9.076708
20260923T114209Z__threaded-wmaj-nojournal__rs-primary-local,threaded-wmaj-nojournal,"w:majority, j:False",448,8.219042
20260923T114209Z__threaded-wmaj-nojournal__rs-primary-local,threaded-wmaj-nojournal,"w:majority, j:False",449,9.029875
20260923T114209Z__threaded-wmaj-nojournal__rs-primary-local,threaded-wmaj-nojournal,"w:majority, j:False",450,12.55575
20260923T114209Z__threaded-wmaj-nojournal__rs-primary-local,threaded-wmaj-nojournal,"w:majority, j:False",451,9.02925
20260923T114209Z__threaded-wmaj-nojournal__rs-primary-local,threaded-wmaj-nojournal,"w:majority, j:False",452,8.533958
20260923T114209Z__threaded-wmaj-nojournal__rs-primary-local,threaded-wmaj-nojournal,"w:majority, j:False",453,8.523
20260923T114209Z__threaded-wmaj-nojournal__rs-primary-local,threaded-wmaj-nojournal,"w:majority, j:False",454,8.552542
20260923T114209Z__threaded-wmaj-nojournal__rs-primary-local,threaded-wmaj-nojournal,"w:majority, j:False",455,9.022458
20260923T114209Z__threaded-wmaj-nojournal__rs-primary-local,threaded-wmaj-nojournal,"w:majority, j:False",456,9.192417
20260923T114209Z__threaded-wmaj-nojournal__rs-primary-local,threaded-wmaj-nojournal,"w:majority, j:False",457,9.548125
20260923T114209Z__threaded-wmaj-nojournal__rs-primary-local,threaded-wmaj-nojournal,"w:majority, j:False",458,9.52775
20260923T114209Z__threaded-wmaj-nojournal__rs-primary-local,threaded-wmaj-nojournal,"w:majority, j:False",459,9.183375
20260923T114209Z__threaded-wmaj-nojournal__rs-primary-local,threaded-wmaj-nojournal,"w:majority, j:False",460,9.211958
20260923T114209Z__threaded-wmaj-nojournal__rs-primary-local,threaded-wmaj-nojournal,"w:majority, j:False",461,9.023792
20260923T114209Z__threaded-wmaj-nojournal__rs-primary-local,threaded-wmaj-nojournal,"w:majority, j:False",462,9.096542
20260923T114209Z__threaded-wmaj-nojournal__rs-primary-local,threaded-wmaj-nojournal,"w:majority, j:False",463,8.543167
20260923T114209Z__threaded-wmaj-nojournal__rs-primary-local,threaded-wmaj-nojournal,"w:majority, j:False",464,9.02625
20260923T114209Z__threaded-wmaj-nojournal__rs-primary-local,threaded-wmaj-nojournal,"w:majority, j:False",465,8.570959
20260923T114209Z__threaded-wmaj-nojournal__rs-primary-local,threaded-wmaj-nojournal,"w:majority, j:False",466,9.220416
20260923T114209Z__threaded-wmaj-nojournal__rs-primary-local,threaded-wmaj-nojournal,"w:majority, j:False",467,8.690042
20260923T114209Z__threaded-wmaj-nojournal__rs-primary-local,threaded-wmaj-nojournal,"w:majority, j:False",468,8.648041
20260923T114209Z__threaded-wmaj-nojournal__rs-primary-local,threaded-wmaj-nojournal,"w:majority, j:False",469,8.581458
20260923T114209Z__threaded-wmaj-nojournal__rs-primary-local,threaded-wmaj-nojournal,"w:majority, j:False",470,9.02975
20260923T114209Z__threaded-wmaj-nojournal__rs-primary-local,threaded-wmaj-nojournal,"w:majority, j:False",471,9.125791
20260923T114209Z__threaded-wmaj-nojournal__rs-primary-local,threaded-wmaj-nojournal,"w:majority, j:False",472,9.027542
20260923T114209Z__threaded-wmaj-nojournal__rs-primary-local,threaded-wmaj-nojournal,"w:majority, j:False",473,8.530542
20260923T114209Z__threaded-wmaj-nojournal__rs-primary-local,threaded-wmaj-nojournal,"w:majority, j:False",474,9.027
20260923T114209Z__threaded-wmaj-nojournal__rs-primary-local,threaded-wmaj-nojournal,"w:majority, j:False",475,8.543375
20260923T114209Z__threaded-wmaj-nojournal__rs-primary-local,threaded-wmaj-nojournal,"w:majority, j:False",476,5.169708
20260923T114209Z__threaded-wmaj-nojournal__rs-primary-local,threaded-wmaj-nojournal,"w:majority, j:False",477,9.027375
20260923T114209Z__threaded-wmaj-nojournal__rs-primary-local,threaded-wmaj-nojournal,"w:majority, j:False",478,8.694541
20260923T114209Z__threaded-wmaj-nojournal__rs-primary-local,threaded-wmaj-nojournal,"w:majority, j:False",479,9.026375
20260923T114209Z__threaded-wmaj-nojournal__rs-primary-local,threaded-wmaj-nojournal,"w:majority, j:False",480,9.020584
20260923T114209Z__threaded-wmaj-nojournal__rs-primary-local,threaded-wmaj-nojournal,"w:majority, j:False",481,5.188667
20260923T114209Z__threaded-wmaj-nojournal__rs-primary-local,threaded-wmaj-nojournal,"w:majority, j:False",482,9.024625
20260923T114209Z__threaded-wmaj-nojournal__rs-primary-local,threaded-wmaj-nojournal,"w:majority, j:False",483,8.959125
20260923T114209Z__threaded-wmaj-nojournal__rs-primary-local,threaded-wmaj-nojournal,"w:majority, j:False",484,13.038958
20260923T114209Z__threaded-wmaj-nojournal__rs-primary-local,threaded-wmaj-nojournal,"w:majority, j:False",485,9.107167
20260923T114209Z__threaded-wmaj-nojournal__rs-primary-local,threaded-wmaj-nojournal,"w:majority, j:False",486,9.048917
20260923T114209Z__threaded-wmaj-nojournal__rs-primary-local,threaded-wmaj-nojournal,"w:majority, j:False",487,9.042875
20260923T114209Z__threaded-wmaj-nojournal__rs-primary-local,threaded-wmaj-nojournal,"w:majority, j:False",488,8.827542
20260923T114209Z__threaded-wmaj-nojournal__rs-primary-local,threaded-wmaj-nojournal,"w:majority, j:False",489,13.032875
20260923T114209Z__threaded-wmaj-nojournal__rs-primary-local,threaded-wmaj-nojournal,"w:majority, j:False",490,5.059125
20260923T114209Z__threaded-wmaj-nojournal__rs-primary-local,threaded-wmaj-nojournal,"w:majority, j:False",491,9.010583
20260923T114209Z__threaded-wmaj-nojournal__rs-primary-local,threaded-wmaj-nojournal,"w:majority, j:False",492,9.024083
20260923T114209Z__threaded-wmaj-nojournal__rs-primary-local,threaded-wmaj-nojournal,"w:majority, j:False",493,8.957542
20260923T114209Z__threaded-wmaj-nojournal__rs-primary-local,threaded-wmaj-nojournal,"w:majority, j:False",494,9.0295
20260923T114209Z__threaded-wmaj-nojournal__rs-primary-local,threaded-wmaj-nojournal,"w:majority, j:False",495,9.031875
20260923T114209Z__threaded-wmaj-nojournal__rs-primary-local,threaded-wmaj-nojournal,"w:majority, j:False",496,9.427458
20260923T114209Z__threaded-wmaj-nojournal__rs-primary-local,threaded-wmaj-nojournal,"w:majority, j:False",497,9.53225
20260923T114209Z__threaded-wmaj-nojournal__rs-primary-local,threaded-wmaj-nojournal,"w:majority, j:False",498,9.052875
20260923T114209Z__threaded-wmaj-nojournal__rs-primary-local,threaded-wmaj-nojournal,"w:majority, j:False",499,12.529042
20260923T114209Z__threaded-wmaj-nojournal__rs-primary-local,threaded-wmaj-nojournal,"w:majority, j:False",500,9.535833
20260923T114209Z__threaded-wmaj-nojournal__rs-primary-local,threaded-wmaj-nojournal,"w:majority, j:False",501,9.183709
20260923T114209Z__threaded-wmaj-nojournal__rs-primary-local,threaded-wmaj-nojournal,"w:majority, j:False",502,13.181292
20260923T114209Z__threaded-wmaj-nojournal__rs-primary-local,threaded-wmaj-nojournal,"w:majority, j:False",503,9.018583
20260923T114209Z__threaded-wmaj-nojournal__rs-primary-local,threaded-wmaj-nojournal,"w:majority, j:False",504,9.028458
20260923T114209Z__threaded-wmaj-nojournal__rs-primary-local,threaded-wmaj-nojournal,"w:majority, j:False",505,8.9495
20260923T114209Z__threaded-wmaj-nojournal__rs-primary-local,threaded-wmaj-nojournal,"w:majority, j:False",506,8.6765
20260923T114209Z__threaded-wmaj-nojournal__rs-primary-local,threaded-wmaj-nojournal,"w:majority, j:False",507,9.028541
20260923T114209Z__threaded-wmaj-nojournal__rs-primary-local,threaded-wmaj-nojournal,"w:majority, j:False",508,9.025166
20260923T114209Z__threaded-wmaj-nojournal__rs-primary-local,threaded-wmaj-nojournal,"w:majority, j:False",509,8.718417
20260923T114209Z__threaded-wmaj-nojournal__rs-primary-local,threaded-wmaj-nojournal,"w:majority, j:False",510,9.025958
20260923T114209Z__threaded-wmaj-nojournal__rs-primary-local,threaded-wmaj-nojournal,"w:majority, j:False",511,9.027041
20260923T114209Z__threaded-wmaj-nojournal__rs-primary-local,threaded-wmaj-nojournal,"w:majority, j:False",512,5.029334
20260923T114209Z__threaded-wmaj-nojournal__rs-primary-local,threaded-wmaj-nojournal,"w:majority, j:False",513,9.027833
20260923T114209Z__threaded-wmaj-nojournal__rs-primary-local,threaded-wmaj-nojournal,"w:majority, j:False",514,9.031666
20260923T114209Z__threaded-wmaj-nojournal__rs-primary-local,threaded-wmaj-nojournal,"w:majority, j:False",515,9.02475
20260923T114209Z__threaded-wmaj-nojournal__rs-primary-local,threaded-wmaj-nojournal,"w:majority, j:False",516,8.808792
20260923T114209Z__threaded-wmaj-nojournal__rs-primary-local,threaded-wmaj-nojournal,"w:majority, j:False",517,9.017209
20260923T114209Z__threaded-wmaj-nojournal__rs-primary-local,threaded-wmaj-nojournal,"w:majority, j:False",518,8.944
20260923T114209Z__threaded-wmaj-nojournal__rs-primary-local,threaded-wmaj-nojournal,"w:majority, j:False",519,8.543792
20260923T114209Z__threaded-wmaj-nojournal__rs-primary-local,threaded-wmaj-nojournal,"w:majority, j:False",520,8.67375
20260923T114209Z__threaded-wmaj-nojournal__rs-primary-local,threaded-wmaj-nojournal,"w:majority, j:False",521,8.741333
20260923T114209Z__threaded-wmaj-nojournal__rs-primary-local,threaded-wmaj-nojournal,"w:majority, j:False",522,8.542875
20260923T114209Z__threaded-wmaj-nojournal__rs-primary-local,threaded-wmaj-nojournal,"w:majority, j:False",523,8.540375
20260923T114209Z__threaded-wmaj-nojournal__rs-primary-local,threaded-wmaj-nojournal,"w:majority, j:False",524,12.538375
20260923T114209Z__threaded-wmaj-nojournal__rs-primary-local,threaded-wmaj-nojournal,"w:majority, j:False",525,12.626292
20260923T114209Z__threaded-wmaj-nojournal__rs-primary-local,threaded-wmaj-nojournal,"w:majority, j:False",526,9.027541
20260923T114209Z__threaded-wmaj-nojournal__rs-primary-local,threaded-wmaj-nojournal,"w:majority, j:False",527,8.592041
20260923T114209Z__threaded-wmaj-nojournal__rs-primary-local,threaded-wmaj-nojournal,"w:majority, j:False",528,9.028375
20260923T114209Z__threaded-wmaj-nojournal__rs-primary-local,threaded-wmaj-nojournal,"w:majority, j:False",529,8.621458
20260923T114209Z__threaded-wmaj-nojournal__rs-primary-local,threaded-wmaj-nojournal,"w:majority, j:False",530,8.531875
20260923T114209Z__threaded-wmaj-nojournal__rs-primary-local,threaded-wmaj-nojournal,"w:majority, j:False",531,9.027167
20260923T114209Z__threaded-wmaj-nojournal__rs-primary-local,threaded-wmaj-nojournal,"w:majority, j:False",532,9.029291
20260923T114209Z__threaded-wmaj-nojournal__rs-primary-local,threaded-wmaj-nojournal,"w:majority, j:False",533,8.61075
20260923T114209Z__threaded-wmaj-nojournal__rs-primary-local,threaded-wmaj-nojournal,"w:majority, j:False",534,8.689958
20260923T114209Z__threaded-wmaj-nojournal__rs-primary-local,threaded-wmaj-nojournal,"w:majority, j:False",535,9.044042
20260923T114209Z__threaded-wmaj-nojournal__rs-primary-local,threaded-wmaj-nojournal,"w:majority, j:False",536,9.720209
20260923T114209Z__threaded-wmaj-nojournal__rs-primary-local,threaded-wmaj-nojournal,"w:majority, j:False",537,9.021584
20260923T114209Z__threaded-wmaj-nojournal__rs-primary-local,threaded-wmaj-nojournal,"w:majority, j:False",538,9.037166
20260923T114209Z__threaded-wmaj-nojournal__rs-primary-local,threaded-wmaj-nojournal,"w:majority, j:False",539,11.021625
20260923T114209Z__threaded-wmaj-nojournal__rs-primary-local,threaded-wmaj-nojournal,"w:majority, j:False",540,12.679458
20260923T114209Z__threaded-wmaj-nojournal__rs-primary-local,threaded-wmaj-nojournal,"w:majority, j:False",541,8.71125
20260923T114209Z__threaded-wmaj-nojournal__rs-primary-local,threaded-wmaj-nojournal,"w:majority, j:False",542,9.038625
20260923T114209Z__threaded-wmaj-nojournal__rs-primary-local,threaded-wmaj-nojournal,"w:majority, j:False",543,9.088875
20260923T114209Z__threaded-wmaj-nojournal__rs-primary-local,threaded-wmaj-nojournal,"w:majority, j:False",544,8.598125
20260923T114209Z__threaded-wmaj-nojournal__rs-primary-local,threaded-wmaj-nojournal,"w:majority, j:False",545,9.0425
20260923T114209Z__threaded-wmaj-nojournal__rs-primary-local,threaded-wmaj-nojournal,"w:majority, j:False",546,8.948375
20260923T114209Z__threaded-wmaj-nojournal__rs-primary-local,threaded-wmaj-nojournal,"w:majority, j:False",547,5.232833
20260923T114209Z__threaded-wmaj-nojournal__rs-primary-local,threaded-wmaj-nojournal,"w:majority, j:False",548,5.051208
20260923T114209Z__threaded-wmaj-nojournal__rs-primary-local,threaded-wmaj-nojournal,"w:majority, j:False",549,8.6035
20260923T114209Z__threaded-wmaj-nojournal__rs-primary-local,threaded-wmaj-nojournal,"w:majority, j:False",550,4.682875
20260923T114209Z__threaded-wmaj-nojournal__rs-primary-local,threaded-wmaj-nojournal,"w:majority, j:False",551,8.539125
20260923T114209Z__threaded-wmaj-nojournal__rs-primary-local,threaded-wmaj-nojournal,"w:majority, j:False",552,9.066709
20260923T114209Z__threaded-wmaj-nojournal__rs-primary-local,threaded-wmaj-nojournal,"w:majority, j:False",553,8.557166
20260923T114209Z__threaded-wmaj-nojournal__rs-primary-local,threaded-wmaj-nojournal,"w:majority, j:False",554,5.028583
20260923T114209Z__threaded-wmaj-nojournal__rs-primary-local,threaded-wmaj-nojournal,"w:majority, j:False",555,8.11125
20260923T114209Z__threaded-wmaj-nojournal__rs-primary-local,threaded-wmaj-nojournal,"w:majority, j:False",556,4.65325
20260923T114209Z__threaded-wmaj-nojournal__rs-primary-local,threaded-wmaj-nojournal,"w:majority, j:False",557,9.036167
20260923T114209Z__threaded-wmaj-nojournal__rs-primary-local,threaded-wmaj-nojournal,"w:majority, j:False",558,8.685416
20260923T114209Z__threaded-wmaj-nojournal__rs-primary-local,threaded-wmaj-nojournal,"w:majority, j:False",559,8.528708
20260923T114209Z__threaded-wmaj-nojournal__rs-primary-local,threaded-wmaj-nojournal,"w:majority, j:False",560,4.602375
20260923T114209Z__threaded-wmaj-nojournal__rs-primary-local,threaded-wmaj-nojournal,"w:majority, j:False",561,8.583583
20260923T114209Z__threaded-wmaj-nojournal__rs-primary-local,threaded-wmaj-nojournal,"w:majority, j:False",562,8.548833
20260923T114209Z__threaded-wmaj-nojournal__rs-primary-local,threaded-wmaj-nojournal,"w:majority, j:False",563,9.229375
20260923T114209Z__threaded-wmaj-nojournal__rs-primary-local,threaded-wmaj-nojournal,"w:majority, j:False",564,8.7225
20260923T114209Z__threaded-wmaj-nojournal__rs-primary-local,threaded-wmaj-nojournal,"w:majority, j:False",565,9.040291
20260923T114209Z__threaded-wmaj-nojournal__rs-primary-local,threaded-wmaj-nojournal,"w:majority, j:False",566,8.755084
20260923T114209Z__threaded-wmaj-nojournal__rs-primary-local,threaded-wmaj-nojournal,"w:majority, j:False",567,8.680209
20260923T114209Z__threaded-wmaj-nojournal__rs-primary-local,threaded-wmaj-nojournal,"w:majority, j:False",568,13.019958
20260923T114209Z__threaded-wmaj-nojournal__rs-primary-local,threaded-wmaj-nojournal,"w:majority, j:False",569,8.556708
20260923T114209Z__threaded-wmaj-nojournal__rs-primary-local,threaded-wmaj-nojournal,"w:majority, j:False",570,9.212333
20260923T114209Z__threaded-wmaj-nojournal__rs-primary-local,threaded-wmaj-nojournal,"w:majority, j:False",571,9.026833
20260923T114209Z__threaded-wmaj-nojournal__rs-primary-local,threaded-wmaj-nojournal,"w:majority, j:False",572,12.188916
20260923T114209Z__threaded-wmaj-nojournal__rs-primary-local,threaded-wmaj-nojournal,"w:majority, j:False",573,9.027958
20260923T114209Z__threaded-wmaj-nojournal__rs-primary-local,threaded-wmaj-nojournal,"w:majority, j:False",574,8.574541
20260923T114209Z__threaded-wmaj-nojournal__rs-primary-local,threaded-wmaj-nojournal,"w:majority, j:False",575,9.026958
20260923T114209Z__threaded-wmaj-nojournal__rs-primary-local,threaded-wmaj-nojournal,"w:majority, j:False",576,9.262042
20260923T114209Z__threaded-wmaj-nojournal__rs-primary-local,threaded-wmaj-nojournal,"w:majority, j:False",577,9.028625
20260923T114209Z__threaded-wmaj-nojournal__rs-primary-local,threaded-wmaj-nojournal,"w:majority, j:False",578,9.030375
20260923T114209Z__threaded-wmaj-nojournal__rs-primary-local,threaded-wmaj-nojournal,"w:majority, j:False",579,9.035792
20260923T114209Z__threaded-wmaj-nojournal__rs-primary-local,threaded-wmaj-nojournal,"w:majority, j:False",580,8.924625
20260923T114209Z__threaded-wmaj-nojournal__rs-primary-local,threaded-wmaj-nojournal,"w:majority, j:False",581,12.696
20260923T114209Z__threaded-wmaj-nojournal__rs-primary-local,threaded-wmaj-nojournal,"w:majority, j:False",582,8.94425
20260923T114209Z__threaded-wmaj-nojournal__rs-primary-local,threaded-wmaj-nojournal,"w:majority, j:False",583,9.018417
20260923T114209Z__threaded-wmaj-nojournal__rs-primary-local,threaded-wmaj-nojournal,"w:majority, j:False",584,8.097083
20260923T114209Z__threaded-wmaj-nojournal__rs-primary-local,threaded-wmaj-nojournal,"w:majority, j:False",585,8.611708
20260923T114209Z__threaded-wmaj-nojournal__rs-primary-local,threaded-wmaj-nojournal,"w:majority, j:False",586,8.614792
20260923T114209Z__threaded-wmaj-nojournal__rs-primary-local,threaded-wmaj-nojournal,"w:majority, j:False",587,9.027084
20260923T114209Z__threaded-wmaj-nojournal__rs-primary-local,threaded-wmaj-nojournal,"w:majority, j:False",588,8.679041
20260923T114209Z__threaded-wmaj-nojournal__rs-primary-local,threaded-wmaj-nojournal,"w:majority, j:False",589,8.555875
20260923T114209Z__threaded-wmaj-nojournal__rs-primary-local,threaded-wmaj-nojournal,"w:majority, j:False",590,9.036084
20260923T114209Z__threaded-wmaj-nojournal__rs-primary-local,threaded-wmaj-nojournal,"w:majority, j:False",591,9.030833
20260923T114209Z__threaded-wmaj-nojournal__rs-primary-local,threaded-wmaj-nojournal,"w:majority, j:False",592,8.5325
20260923T114209Z__threaded-wmaj-nojournal__rs-primary-local,threaded-wmaj-nojournal,"w:majority, j:False",593,8.559167
20260923T114209Z__threaded-wmaj-nojournal__rs-primary-local,threaded-wmaj-nojournal,"w:majority, j:False",594,9.036083
20260923T114209Z__threaded-wmaj-nojournal__rs-primary-local,threaded-wmaj-nojournal,"w:majority, j:False",595,9.027459
20260923T114209Z__threaded-wmaj-nojournal__rs-primary-local,threaded-wmaj-nojournal,"w:majority, j:False",596,8.986792
20260923T114209Z__threaded-wmaj-nojournal__rs-primary-local,threaded-wmaj-nojournal,"w:majority, j:False",597,5.029375
20260923T114209Z__threaded-wmaj-nojournal__rs-primary-local,threaded-wmaj-nojournal,"w:majority, j:False",598,8.953584
20260923T114209Z__threaded-wmaj-nojournal__rs-primary-local,threaded-wmaj-nojournal,"w:majority, j:False",599,8.569791
20260923T114209Z__threaded-wmaj-nojournal__rs-primary-local,threaded-wmaj-nojournal,"w:majority, j:False",600,9.094
20260923T114209Z__threaded-wmaj-nojournal__rs-primary-local,threaded-wmaj-nojournal,"w:majority, j:False",601,9.022458
20260923T114209Z__threaded-wmaj-nojournal__rs-primary-local,threaded-wmaj-nojournal,"w:majority, j:False",602,9.180459
20260923T114209Z__threaded-wmaj-nojournal__rs-primary-local,threaded-wmaj-nojournal,"w:majority, j:False",603,9.026417
20260923T114209Z__threaded-wmaj-nojournal__rs-primary-local,threaded-wmaj-nojournal,"w:majority, j:False",604,13.030417
20260923T114209Z__threaded-wmaj-nojournal__rs-primary-local,threaded-wmaj-nojournal,"w:majority, j:False",605,8.640166
20260923T114209Z__threaded-wmaj-nojournal__rs-primary-local,threaded-wmaj-nojournal,"w:majority, j:False",606,8.533625
20260923T114209Z__threaded-wmaj-nojournal__rs-primary-local,threaded-wmaj-nojournal,"w:majority, j:False",607,8.706375
20260923T114209Z__threaded-wmaj-nojournal__rs-primary-local,threaded-wmaj-nojournal,"w:majority, j:False",608,9.030375
20260923T114209Z__threaded-wmaj-nojournal__rs-primary-local,threaded-wmaj-nojournal,"w:majority, j:False",609,9.012458
20260923T114209Z__threaded-wmaj-nojournal__rs-primary-local,threaded-wmaj-nojournal,"w:majority, j:False",610,12.560834
20260923T114209Z__threaded-wmaj-nojournal__rs-primary-local,threaded-wmaj-nojournal,"w:majority, j:False",611,9.081375
20260923T114209Z__threaded-wmaj-nojournal__rs-primary-local,threaded-wmaj-nojournal,"w:majority, j:False",612,8.522667
20260923T114209Z__threaded-wmaj-nojournal__rs-primary-local,threaded-wmaj-nojournal,"w:majority, j:False",613,13.025542
20260923T114209Z__threaded-wmaj-nojournal__rs-primary-local,threaded-wmaj-nojournal,"w:majority, j:False",614,8.650208
20260923T114209Z__threaded-wmaj-nojournal__rs-primary-local,threaded-wmaj-nojournal,"w:majority, j:False",615,9.030708
20260923T114209Z__threaded-wmaj-nojournal__rs-primary-local,threaded-wmaj-nojournal,"w:majority, j:False",616,9.035084
20260923T114209Z__threaded-wmaj-nojournal__rs-primary-local,threaded-wmaj-nojournal,"w:majority, j:False",617,9.446291
20260923T114209Z__threaded-wmaj-nojournal__rs-primary-local,threaded-wmaj-nojournal,"w:majority, j:False",618,9.0205
20260923T114209Z__threaded-wmaj-nojournal__rs-primary-local,threaded-wmaj-nojournal,"w:majority, j:False",619,8.540959
20260923T114209Z__threaded-wmaj-nojournal__rs-primary-local,threaded-wmaj-nojournal,"w:majority, j:False",620,9.524625
20260923T114209Z__threaded-wmaj-nojournal__rs-primary-local,threaded-wmaj-nojournal,"w:majority, j:False",621,12.019292
20260923T114209Z__threaded-wmaj-nojournal__rs-primary-local,threaded-wmaj-nojournal,"w:majority, j:False",622,9.03975
20260923T114209Z__threaded-wmaj-nojournal__rs-primary-local,threaded-wmaj-nojournal,"w:majority, j:False",623,12.529375
20260923T114209Z__threaded-wmaj-nojournal__rs-primary-local,threaded-wmaj-nojournal,"w:majority, j:False",624,9.041167
20260923T114209Z__threaded-wmaj-nojournal__rs-primary-local,threaded-wmaj-nojournal,"w:majority, j:False",625,12.53425
20260923T114209Z__threaded-wmaj-nojournal__rs-primary-local,threaded-wmaj-nojournal,"w:majority, j:False",626,9.114125
20260923T114209Z__threaded-wmaj-nojournal__rs-primary-local,threaded-wmaj-nojournal,"w:majority, j:False",627,9.054333
20260923T114209Z__threaded-wmaj-nojournal__rs-primary-local,threaded-wmaj-nojournal,"w:majority, j:False",628,13.035083
20260923T114209Z__threaded-wmaj-nojournal__rs-primary-local,threaded-wmaj-nojournal,"w:majority, j:False",629,9.036709
20260923T114209Z__threaded-wmaj-nojournal__rs-primary-local,threaded-wmaj-nojournal,"w:majority, j:False",630,8.532417
20260923T114209Z__threaded-wmaj-nojournal__rs-primary-local,threaded-wmaj-nojournal,"w:majority, j:False",631,9.102584
20260923T114209Z__threaded-wmaj-nojournal__rs-primary-local,threaded-wmaj-nojournal,"w:majority, j:False",632,9.030542
20260923T114209Z__threaded-wmaj-nojournal__rs-primary-local,threaded-wmaj-nojournal,"w:majority, j:False",633,8.690292
20260923T114209Z__threaded-wmaj-nojournal__rs-primary-local,threaded-wmaj-nojournal,"w:majority, j:False",634,9.0385
20260923T114209Z__threaded-wmaj-nojournal__rs-primary-local,threaded-wmaj-nojournal,"w:majority, j:False",635,12.60925
20260923T114209Z__threaded-wmaj-nojournal__rs-primary-local,threaded-wmaj-nojournal,"w:majority, j:False",636,9.129167
20260923T114209Z__threaded-wmaj-nojournal__rs-primary-local,threaded-wmaj-nojournal,"w:majority, j:False",637,8.6905
20260923T114209Z__threaded-wmaj-nojournal__rs-primary-local,threaded-wmaj-nojournal,"w:majority, j:False",638,4.958375
20260923T114209Z__threaded-wmaj-nojournal__rs-primary-local,threaded-wmaj-nojournal,"w:majority, j:False",639,8.545709
20260923T114209Z__threaded-wmaj-nojournal__rs-primary-local,threaded-wmaj-nojournal,"w:majority, j:False",640,9.1425
20260923T114209Z__threaded-wmaj-nojournal__rs-primary-local,threaded-wmaj-nojournal,"w:majority, j:False",641,9.995417
20260923T114209Z__threaded-wmaj-nojournal__rs-primary-local,threaded-wmaj-nojournal,"w:majority, j:False",642,9.026458
20260923T114209Z__threaded-wmaj-nojournal__rs-primary-local,threaded-wmaj-nojournal,"w:majority, j:False",643,8.531083
20260923T114209Z__threaded-wmaj-nojournal__rs-primary-local,threaded-wmaj-nojournal,"w:majority, j:False",644,9.028041
20260923T114209Z__threaded-wmaj-nojournal__rs-primary-local,threaded-wmaj-nojournal,"w:majority, j:False",645,9.034
20260923T114209Z__threaded-wmaj-nojournal__rs-primary-local,threaded-wmaj-nojournal,"w:majority, j:False",646,9.093541
20260923T114209Z__threaded-wmaj-nojournal__rs-primary-local,threaded-wmaj-nojournal,"w:majority, j:False",647,9.056458
20260923T114209Z__threaded-wmaj-nojournal__rs-primary-local,threaded-wmaj-nojournal,"w:majority, j:False",648,9.028084
20260923T114209Z__threaded-wmaj-nojournal__rs-primary-local,threaded-wmaj-nojournal,"w:majority, j:False",649,9.085584
20260923T114209Z__threaded-wmaj-nojournal__rs-primary-local,threaded-wmaj-nojournal,"w:majority, j:False",650,8.681625
20260923T114209Z__threaded-wmaj-nojournal__rs-primary-local,threaded-wmaj-nojournal,"w:majority, j:False",651,8.605375
20260923T114209Z__threaded-wmaj-nojournal__rs-primary-local,threaded-wmaj-nojournal,"w:majority, j:False",652,9.02625
20260923T114209Z__threaded-wmaj-nojournal__rs-primary-local,threaded-wmaj-nojournal,"w:majority, j:False",653,9.027583
20260923T114209Z__threaded-wmaj-nojournal__rs-primary-local,threaded-wmaj-nojournal,"w:majority, j:False",654,8.533666
20260923T114209Z__threaded-wmaj-nojournal__rs-primary-local,threaded-wmaj-nojournal,"w:majority, j:False",655,8.548458
20260923T114209Z__threaded-wmaj-nojournal__rs-primary-local,threaded-wmaj-nojournal,"w:majority, j:False",656,9.041125
20260923T114209Z__threaded-wmaj-nojournal__rs-primary-local,threaded-wmaj-nojournal,"w:majority, j:False",657,8.678166
20260923T114209Z__threaded-wmaj-nojournal__rs-primary-local,threaded-wmaj-nojournal,"w:majority, j:False",658,9.032834
20260923T114209Z__threaded-wmaj-nojournal__rs-primary-local,threaded-wmaj-nojournal,"w:majority, j:False",659,9.0315
20260923T114209Z__threaded-wmaj-nojournal__rs-primary-local,threaded-wmaj-nojournal,"w:majority, j:False",660,13.02675
20260923T114209Z__threaded-wmaj-nojournal__rs-primary-local,threaded-wmaj-nojournal,"w:majority, j:False",661,5.186584
20260923T114209Z__threaded-wmaj-nojournal__rs-primary-local,threaded-wmaj-nojournal,"w:majority, j:False",662,9.040167
20260923T114209Z__threaded-wmaj-nojournal__rs-primary-local,threaded-wmaj-nojournal,"w:majority, j:False",663,9.032792
20260923T114209Z__threaded-wmaj-nojournal__rs-primary-local,threaded-wmaj-nojournal,"w:majority, j:False",664,9.017792
20260923T114209Z__threaded-wmaj-nojournal__rs-primary-local,threaded-wmaj-nojournal,"w:majority, j:False",665,8.578291
20260923T114209Z__threaded-wmaj-nojournal__rs-primary-local,threaded-wmaj-nojournal,"w:majority, j:False",666,8.625292
20260923T114209Z__threaded-wmaj-nojournal__rs-primary-local,threaded-wmaj-nojournal,"w:majority, j:False",667,9.042958
20260923T114209Z__threaded-wmaj-nojournal__rs-primary-local,threaded-wmaj-nojournal,"w:majority, j:False",668,9.025625
20260923T114209Z__threaded-wmaj-nojournal__rs-primary-local,threaded-wmaj-nojournal,"w:majority, j:False",669,8.651958
20260923T114209Z__threaded-wmaj-nojournal__rs-primary-local,threaded-wmaj-nojournal,"w:majority, j:False",670,12.60725
20260923T114209Z__threaded-wmaj-nojournal__rs-primary-local,threaded-wmaj-nojournal,"w:majority, j:False",671,8.523417
20260923T114209Z__threaded-wmaj-nojournal__rs-primary-local,threaded-wmaj-nojournal,"w:majority, j:False",672,9.04675
20260923T114209Z__threaded-wmaj-nojournal__rs-primary-local,threaded-wmaj-nojournal,"w:majority, j:False",673,12.581833
20260923T114209Z__threaded-wmaj-nojournal__rs-primary-local,threaded-wmaj-nojournal,"w:majority, j:False",674,12.528958
20260923T114209Z__threaded-wmaj-nojournal__rs-primary-local,threaded-wmaj-nojournal,"w:majority, j:False",675,8.543667
20260923T114209Z__threaded-wmaj-nojournal__rs-primary-local,threaded-wmaj-nojournal,"w:majority, j:False",676,9.030292
20260923T114209Z__threaded-wmaj-nojournal__rs-primary-local,threaded-wmaj-nojournal,"w:majority, j:False",677,9.0875
20260923T114209Z__threaded-wmaj-nojournal__rs-primary-local,threaded-wmaj-nojournal,"w:majority, j:False",678,8.94975
20260923T114209Z__threaded-wmaj-nojournal__rs-primary-local,threaded-wmaj-nojournal,"w:majority, j:False",679,5.030792
20260923T114209Z__threaded-wmaj-nojournal__rs-primary-local,threaded-wmaj-nojournal,"w:majority, j:False",680,12.520709
20260923T114209Z__threaded-wmaj-nojournal__rs-primary-local,threaded-wmaj-nojournal,"w:majority, j:False",681,9.024708
20260923T114209Z__threaded-wmaj-nojournal__rs-primary-local,threaded-wmaj-nojournal,"w:majority, j:False",682,9.03075
20260923T114209Z__threaded-wmaj-nojournal__rs-primary-local,threaded-wmaj-nojournal,"w:majority, j:False",683,8.566542
20260923T114209Z__threaded-wmaj-nojournal__rs-primary-local,threaded-wmaj-nojournal,"w:majority, j:False",684,5.405292
20260923T114209Z__threaded-wmaj-nojournal__rs-primary-local,threaded-wmaj-nojournal,"w:majority, j:False",685,9.031916
20260923T114209Z__threaded-wmaj-nojournal__rs-primary-local,threaded-wmaj-nojournal,"w:majority, j:False",686,8.962708
20260923T114209Z__threaded-wmaj-nojournal__rs-primary-local,threaded-wmaj-nojournal,"w:majority, j:False",687,8.567084
20260923T114209Z__threaded-wmaj-nojournal__rs-primary-local,threaded-wmaj-nojournal,"w:majority, j:False",688,9.028583
20260923T114209Z__threaded-wmaj-nojournal__rs-primary-local,threaded-wmaj-nojournal,"w:majority, j:False",689,8.679875
20260923T114209Z__threaded-wmaj-nojournal__rs-primary-local,threaded-wmaj-nojournal,"w:majority, j:False",690,9.034042
20260923T114209Z__threaded-wmaj-nojournal__rs-primary-local,threaded-wmaj-nojournal,"w:majority, j:False",691,9.035792
20260923T114209Z__threaded-wmaj-nojournal__rs-primary-local,threaded-wmaj-nojournal,"w:majority, j:False",692,8.690208
20260923T114209Z__threaded-wmaj-nojournal__rs-primary-local,threaded-wmaj-nojournal,"w:majority, j:False",693,8.582084
20260923T114209Z__threaded-wmaj-nojournal__rs-primary-local,threaded-wmaj-nojournal,"w:majority, j:False",694,8.715417
20260923T114209Z__threaded-wmaj-nojournal__rs-primary-local,threaded-wmaj-nojournal,"w:majority, j:False",695,9.033792
20260923T114209Z__threaded-wmaj-nojournal__rs-primary-local,threaded-wmaj-nojournal,"w:majority, j:False",696,12.525083
20260923T114209Z__threaded-wmaj-nojournal__rs-primary-local,threaded-wmaj-nojournal,"w:majority, j:False",697,8.732333
20260923T114209Z__threaded-wmaj-nojournal__rs-primary-local,threaded-wmaj-nojournal,"w:majority, j:False",698,9.181792
20260923T114209Z__threaded-wmaj-nojournal__rs-primary-local,threaded-wmaj-nojournal,"w:majority, j:False",699,8.685208
20260923T114209Z__threaded-wmaj-nojournal__rs-primary-local,threaded-wmaj-nojournal,"w:majority, j:False",700,9.041333
20260923T114209Z__threaded-wmaj-nojournal__rs-primary-local,threaded-wmaj-nojournal,"w:majority, j:False",701,5.035958
20260923T114209Z__threaded-wmaj-nojournal__rs-primary-local,threaded-wmaj-nojournal,"w:majority, j:False",702,9.038125
20260923T114209Z__threaded-wmaj-nojournal__rs-primary-local,threaded-wmaj-nojournal,"w:majority, j:False",703,9.035042
20260923T114209Z__threaded-wmaj-nojournal__rs-primary-local,threaded-wmaj-nojournal,"w:majority, j:False",704,9.028125
20260923T114209Z__threaded-wmaj-nojournal__rs-primary-local,threaded-wmaj-nojournal,"w:majority, j:False",705,9.032166
20260923T114209Z__threaded-wmaj-nojournal__rs-primary-local,threaded-wmaj-nojournal,"w:majority, j:False",706,9.031292
20260923T114209Z__threaded-wmaj-nojournal__rs-primary-local,threaded-wmaj-nojournal,"w:majority, j:False",707,8.69325
20260923T114209Z__threaded-wmaj-nojournal__rs-primary-local,threaded-wmaj-nojournal,"w:majority, j:False",708,9.023208
20260923T114209Z__threaded-wmaj-nojournal__rs-primary-local,threaded-wmaj-nojournal,"w:majority, j:False",709,9.0265
20260923T114209Z__threaded-wmaj-nojournal__rs-primary-local,threaded-wmaj-nojournal,"w:majority, j:False",710,9.026625
20260923T114209Z__threaded-wmaj-nojournal__rs-primary-local,threaded-wmaj-nojournal,"w:majority, j:False",711,9.034875
20260923T114209Z__threaded-wmaj-nojournal__rs-primary-local,threaded-wmaj-nojournal,"w:majority, j:False",712,9.025583
20260923T114209Z__threaded-wmaj-nojournal__rs-primary-local,threaded-wmaj-nojournal,"w:majority, j:False",713,12.549916
20260923T114209Z__threaded-wmaj-nojournal__rs-primary-local,threaded-wmaj-nojournal,"w:majority, j:False",714,8.590417
20260923T114209Z__threaded-wmaj-nojournal__rs-primary-local,threaded-wmaj-nojournal,"w:majority, j:False",715,8.579708
20260923T114209Z__threaded-wmaj-nojournal__rs-primary-local,threaded-wmaj-nojournal,"w:majority, j:False",716,9.150917
20260923T114209Z__threaded-wmaj-nojournal__rs-primary-local,threaded-wmaj-nojournal,"w:majority, j:False",717,13.025833
20260923T114209Z__threaded-wmaj-nojournal__rs-primary-local,threaded-wmaj-nojournal,"w:majority, j:False",718,9.187083
20260923T114209Z__threaded-wmaj-nojournal__rs-primary-local,threaded-wmaj-nojournal,"w:majority, j:False",719,9.043833
20260923T114209Z__threaded-wmaj-nojournal__rs-primary-local,threaded-wmaj-nojournal,"w:majority, j:False",720,5.045583
20260923T114209Z__threaded-wmaj-nojournal__rs-primary-local,threaded-wmaj-nojournal,"w:majority, j:False",721,5.025542
20260923T114209Z__threaded-wmaj-nojournal__rs-primary-local,threaded-wmaj-nojournal,"w:majority, j:False",722,9.191333
20260923T114209Z__threaded-wmaj-nojournal__rs-primary-local,threaded-wmaj-nojournal,"w:majority, j:False",723,12.101709
20260923T114209Z__threaded-wmaj-nojournal__rs-primary-local,threaded-wmaj-nojournal,"w:majority, j:False",724,12.527
20260923T114209Z__threaded-wmaj-nojournal__rs-primary-local,threaded-wmaj-nojournal,"w:majority, j:False",725,12.545417
20260923T114209Z__threaded-wmaj-nojournal__rs-primary-local,threaded-wmaj-nojournal,"w:majority, j:False",726,8.556458
20260923T114209Z__threaded-wmaj-nojournal__rs-primary-local,threaded-wmaj-nojournal,"w:majority, j:False",727,8.449
20260923T114209Z__threaded-wmaj-nojournal__rs-primary-local,threaded-wmaj-nojournal,"w:majority, j:False",728,8.53175
20260923T114209Z__threaded-wmaj-nojournal__rs-primary-local,threaded-wmaj-nojournal,"w:majority, j:False",729,8.518959
20260923T114209Z__threaded-wmaj-nojournal__rs-primary-local,threaded-wmaj-nojournal,"w:majority, j:False",730,8.547459
20260923T114209Z__threaded-wmaj-nojournal__rs-primary-local,threaded-wmaj-nojournal,"w:majority, j:False",731,9.056417
20260923T114209Z__threaded-wmaj-nojournal__rs-primary-local,threaded-wmaj-nojournal,"w:majority, j:False",732,8.617291
20260923T114209Z__threaded-wmaj-nojournal__rs-primary-local,threaded-wmaj-nojournal,"w:majority, j:False",733,9.679875
20260923T114209Z__threaded-wmaj-nojournal__rs-primary-local,threaded-wmaj-nojournal,"w:majority, j:False",734,8.0335
20260923T114209Z__threaded-wmaj-nojournal__rs-primary-local,threaded-wmaj-nojournal,"w:majority, j:False",735,9.025084
20260923T114209Z__threaded-wmaj-nojournal__rs-primary-local,threaded-wmaj-nojournal,"w:majority, j:False",736,9.202833
20260923T114209Z__threaded-wmaj-nojournal__rs-primary-local,threaded-wmaj-nojournal,"w:majority, j:False",737,8.631416
20260923T114209Z__threaded-wmaj-nojournal__rs-primary-local,threaded-wmaj-nojournal,"w:majority, j:False",738,9.038542
20260923T114209Z__threaded-wmaj-nojournal__rs-primary-local,threaded-wmaj-nojournal,"w:majority, j:False",739,8.526375
20260923T114209Z__threaded-wmaj-nojournal__rs-primary-local,threaded-wmaj-nojournal,"w:majority, j:False",740,8.180708
20260923T114209Z__threaded-wmaj-nojournal__rs-primary-local,threaded-wmaj-nojournal,"w:majority, j:False",741,12.531083
20260923T114209Z__threaded-wmaj-nojournal__rs-primary-local,threaded-wmaj-nojournal,"w:majority, j:False",742,12.527375
20260923T114209Z__threaded-wmaj-nojournal__rs-primary-local,threaded-wmaj-nojournal,"w:majority, j:False",743,8.613541
20260923T114209Z__threaded-wmaj-nojournal__rs-primary-local,threaded-wmaj-nojournal,"w:majority, j:False",744,8.601834
20260923T114209Z__threaded-wmaj-nojournal__rs-primary-local,threaded-wmaj-nojournal,"w:majority, j:False",745,9.029916
20260923T114209Z__threaded-wmaj-nojournal__rs-primary-local,threaded-wmaj-nojournal,"w:majority, j:False",746,9.031916
20260923T114209Z__threaded-wmaj-nojournal__rs-primary-local,threaded-wmaj-nojournal,"w:majority, j:False",747,12.9435
20260923T114209Z__threaded-wmaj-nojournal__rs-primary-local,threaded-wmaj-nojournal,"w:majority, j:False",748,9.035542
20260923T114209Z__threaded-wmaj-nojournal__rs-primary-local,threaded-wmaj-nojournal,"w:majority, j:False",749,8.550292
20260923T114209Z__threaded-wmaj-nojournal__rs-primary-local,threaded-wmaj-nojournal,"w:majority, j:False",750,9.028959
20260923T114209Z__threaded-wmaj-nojournal__rs-primary-local,threaded-wmaj-nojournal,"w:majority, j:False",751,9.035625
20260923T114209Z__threaded-wmaj-nojournal__rs-primary-local,threaded-wmaj-nojournal,"w:majority, j:False",752,8.623958
20260923T114209Z__threaded-wmaj-nojournal__rs-primary-local,threaded-wmaj-nojournal,"w:majority, j:False",753,9.034209
20260923T114209Z__threaded-wmaj-nojournal__rs-primary-local,threaded-wmaj-nojournal,"w:majority, j:False",754,5.036333
20260923T114209Z__threaded-wmaj-nojournal__rs-primary-local,threaded-wmaj-nojournal,"w:majority, j:False",755,12.701167
20260923T114209Z__threaded-wmaj-nojournal__rs-primary-local,threaded-wmaj-nojournal,"w:majority, j:False",756,9.019083
20260923T114209Z__threaded-wmaj-nojournal__rs-primary-local,threaded-wmaj-nojournal,"w:majority, j:False",757,9.029125
20260923T114209Z__threaded-wmaj-nojournal__rs-primary-local,threaded-wmaj-nojournal,"w:majority, j:False",758,9.0385
20260923T114209Z__threaded-wmaj-nojournal__rs-primary-local,threaded-wmaj-nojournal,"w:majority, j:False",759,9.182125
20260923T114209Z__threaded-wmaj-nojournal__rs-primary-local,threaded-wmaj-nojournal,"w:majority, j:False",760,8.691
20260923T114209Z__threaded-wmaj-nojournal__rs-primary-local,threaded-wmaj-nojournal,"w:majority, j:False",761,9.028917
20260923T114209Z__threaded-wmaj-nojournal__rs-primary-local,threaded-wmaj-nojournal,"w:majority, j:False",762,9.036333
20260923T114209Z__threaded-wmaj-nojournal__rs-primary-local,threaded-wmaj-nojournal,"w:majority, j:False",763,10.0275
20260923T114209Z__threaded-wmaj-nojournal__rs-primary-local,threaded-wmaj-nojournal,"w:majority, j:False",764,8.795417
20260923T114209Z__threaded-wmaj-nojournal__rs-primary-local,threaded-wmaj-nojournal,"w:majority, j:False",765,8.594209
20260923T114209Z__threaded-wmaj-nojournal__rs-primary-local,threaded-wmaj-nojournal,"w:majority, j:False",766,8.629417
20260923T114209Z__threaded-wmaj-nojournal__rs-primary-local,threaded-wmaj-nojournal,"w:majority, j:False",767,12.68925
20260923T114209Z__threaded-wmaj-nojournal__rs-primary-local,threaded-wmaj-nojournal,"w:majority, j:False",768,5.178458
20260923T114209Z__threaded-wmaj-nojournal__rs-primary-local,threaded-wmaj-nojournal,"w:majority, j:False",769,8.743708
20260923T114209Z__threaded-wmaj-nojournal__rs-primary-local,threaded-wmaj-nojournal,"w:majority, j:False",770,9.037
20260923T114209Z__threaded-wmaj-nojournal__rs-primary-local,threaded-wmaj-nojournal,"w:majority, j:False",771,9.048417
20260923T114209Z__threaded-wmaj-nojournal__rs-primary-local,threaded-wmaj-nojournal,"w:majority, j:False",772,10.019375
20260923T114209Z__threaded-wmaj-nojournal__rs-primary-local,threaded-wmaj-nojournal,"w:majority, j:False",773,9.015667
20260923T114209Z__threaded-wmaj-nojournal__rs-primary-local,threaded-wmaj-nojournal,"w:majority, j:False",774,8.680542
20260923T114209Z__threaded-wmaj-nojournal__rs-primary-local,threaded-wmaj-nojournal,"w:majority, j:False",775,9.023
20260923T114209Z__threaded-wmaj-nojournal__rs-primary-local,threaded-wmaj-nojournal,"w:majority, j:False",776,9.522291
20260923T114209Z__threaded-wmaj-nojournal__rs-primary-local,threaded-wmaj-nojournal,"w:majority, j:False",777,8.517792
20260923T114209Z__threaded-wmaj-nojournal__rs-primary-local,threaded-wmaj-nojournal,"w:majority, j:False",778,9.034917
20260923T114209Z__threaded-wmaj-nojournal__rs-primary-local,threaded-wmaj-nojournal,"w:majority, j:False",779,5.01875
20260923T114209Z__threaded-wmaj-nojournal__rs-primary-local,threaded-wmaj-nojournal,"w:majority, j:False",780,13.028083
20260923T114209Z__threaded-wmaj-nojournal__rs-primary-local,threaded-wmaj-nojournal,"w:majority, j:False",781,8.521041
20260923T114209Z__threaded-wmaj-nojournal__rs-primary-local,threaded-wmaj-nojournal,"w:majority, j:False",782,9.035958
20260923T114209Z__threaded-wmaj-nojournal__rs-primary-local,threaded-wmaj-nojournal,"w:majority, j:False",783,8.522292
20260923T114209Z__threaded-wmaj-nojournal__rs-primary-local,threaded-wmaj-nojournal,"w:majority, j:False",784,9.025875
20260923T114209Z__threaded-wmaj-nojournal__rs-primary-local,threaded-wmaj-nojournal,"w:majority, j:False",785,8.576041
20260923T114209Z__threaded-wmaj-nojournal__rs-primary-local,threaded-wmaj-nojournal,"w:majority, j:False",786,9.139958
20260923T114209Z__threaded-wmaj-nojournal__rs-primary-local,threaded-wmaj-nojournal,"w:majority, j:False",787,9.018084
20260923T114209Z__threaded-wmaj-nojournal__rs-primary-local,threaded-wmaj-nojournal,"w:majority, j:False",788,8.569541
20260923T114209Z__threaded-wmaj-nojournal__rs-primary-local,threaded-wmaj-nojournal,"w:majority, j:False",789,5.031416
20260923T114209Z__threaded-wmaj-nojournal__rs-primary-local,threaded-wmaj-nojournal,"w:majority, j:False",790,8.691625
20260923T114209Z__threaded-wmaj-nojournal__rs-primary-local,threaded-wmaj-nojournal,"w:majority, j:False",791,8.998084
20260923T114209Z__threaded-wmaj-nojournal__rs-primary-local,threaded-wmaj-nojournal,"w:majority, j:False",792,13.035416
20260923T114209Z__threaded-wmaj-nojournal__rs-primary-local,threaded-wmaj-nojournal,"w:majority, j:False",793,9.022958
20260923T114209Z__threaded-wmaj-nojournal__rs-primary-local,threaded-wmaj-nojournal,"w:majority, j:False",794,9.094875
20260923T114209Z__threaded-wmaj-nojournal__rs-primary-local,threaded-wmaj-nojournal,"w:majority, j:False",795,12.535792
20260923T114209Z__threaded-wmaj-nojournal__rs-primary-local,threaded-wmaj-nojournal,"w:majority, j:False",796,9.03925
20260923T114209Z__threaded-wmaj-nojournal__rs-primary-local,threaded-wmaj-nojournal,"w:majority, j:False",797,8.54375
20260923T114209Z__threaded-wmaj-nojournal__rs-primary-local,threaded-wmaj-nojournal,"w:majority, j:False",798,8.592167
20260923T114209Z__threaded-wmaj-nojournal__rs-primary-local,threaded-wmaj-nojournal,"w:majority, j:False",799,9.028625
20260923T114209Z__threaded-wmaj-nojournal__rs-primary-local,threaded-wmaj-nojournal,"w:majority, j:False",800,13.039833
20260923T114209Z__threaded-wmaj-nojournal__rs-primary-local,threaded-wmaj-nojournal,"w:majority, j:False",801,9.027083
20260923T114209Z__threaded-wmaj-nojournal__rs-primary-local,threaded-wmaj-nojournal,"w:majority, j:False",802,8.552125
20260923T114209Z__threaded-wmaj-nojournal__rs-primary-local,threaded-wmaj-nojournal,"w:majority, j:False",803,9.026292
20260923T114209Z__threaded-wmaj-nojournal__rs-primary-local,threaded-wmaj-nojournal,"w:majority, j:False",804,9.034542
20260923T114209Z__threaded-wmaj-nojournal__rs-primary-local,threaded-wmaj-nojournal,"w:majority, j:False",805,5.023666
20260923T114209Z__threaded-wmaj-nojournal__rs-primary-local,threaded-wmaj-nojournal,"w:majority, j:False",806,8.687125
20260923T114209Z__threaded-wmaj-nojournal__rs-primary-local,threaded-wmaj-nojournal,"w:majority, j:False",807,8.609
20260923T114209Z__threaded-wmaj-nojournal__rs-primary-local,threaded-wmaj-nojournal,"w:majority, j:False",808,8.566833
20260923T114209Z__threaded-wmaj-nojournal__rs-primary-local,threaded-wmaj-nojournal,"w:majority, j:False",809,9.079917
20260923T114209Z__threaded-wmaj-nojournal__rs-primary-local,threaded-wmaj-nojournal,"w:majority, j:False",810,8.526292
20260923T114209Z__threaded-wmaj-nojournal__rs-primary-local,threaded-wmaj-nojournal,"w:majority, j:False",811,9.0275
20260923T114209Z__threaded-wmaj-nojournal__rs-primary-local,threaded-wmaj-nojournal,"w:majority, j:False",812,9.029417
20260923T114209Z__threaded-wmaj-nojournal__rs-primary-local,threaded-wmaj-nojournal,"w:majority, j:False",813,8.521625
20260923T114209Z__threaded-wmaj-nojournal__rs-primary-local,threaded-wmaj-nojournal,"w:majority, j:False",814,8.697375
20260923T114209Z__threaded-wmaj-nojournal__rs-primary-local,threaded-wmaj-nojournal,"w:majority, j:False",815,9.040625
20260923T114209Z__threaded-wmaj-nojournal__rs-primary-local,threaded-wmaj-nojournal,"w:majority, j:False",816,8.963125
20260923T114209Z__threaded-wmaj-nojournal__rs-primary-local,threaded-wmaj-nojournal,"w:majority, j:False",817,12.528125
20260923T114209Z__threaded-wmaj-nojournal__rs-primary-local,threaded-wmaj-nojournal,"w:majority, j:False",818,9.542041
20260923T114209Z__threaded-wmaj-nojournal__rs-primary-local,threaded-wmaj-nojournal,"w:majority, j:False",819,8.54725
20260923T114209Z__threaded-wmaj-nojournal__rs-primary-local,threaded-wmaj-nojournal,"w:majority, j:False",820,8.528625
20260923T114209Z__threaded-wmaj-nojournal__rs-primary-local,threaded-wmaj-nojournal,"w:majority, j:False",821,9.028083
20260923T114209Z__threaded-wmaj-nojournal__rs-primary-local,threaded-wmaj-nojournal,"w:majority, j:False",822,12.099917
20260923T114209Z__threaded-wmaj-nojournal__rs-primary-local,threaded-wmaj-nojournal,"w:majority, j:False",823,8.652458
20260923T114209Z__threaded-wmaj-nojournal__rs-primary-local,threaded-wmaj-nojournal,"w:majority, j:False",824,14.519667
20260923T114209Z__threaded-wmaj-nojournal__rs-primary-local,threaded-wmaj-nojournal,"w:majority, j:False",825,8.52175
20260923T114209Z__threaded-wmaj-nojournal__rs-primary-local,threaded-wmaj-nojournal,"w:majority, j:False",826,5.03425
20260923T114209Z__threaded-wmaj-nojournal__rs-primary-local,threaded-wmaj-nojournal,"w:majority, j:False",827,9.030834
20260923T114209Z__threaded-wmaj-nojournal__rs-primary-local,threaded-wmaj-nojournal,"w:majority, j:False",828,8.722292
20260923T114209Z__threaded-wmaj-nojournal__rs-primary-local,threaded-wmaj-nojournal,"w:majority, j:False",829,9.048709
20260923T114209Z__threaded-wmaj-nojournal__rs-primary-local,threaded-wmaj-nojournal,"w:majority, j:False",830,5.039167
20260923T114209Z__threaded-wmaj-nojournal__rs-primary-local,threaded-wmaj-nojournal,"w:majority, j:False",831,9.030916
20260923T114209Z__threaded-wmaj-nojournal__rs-primary-local,threaded-wmaj-nojournal,"w:majority, j:False",832,9.023125
20260923T114209Z__threaded-wmaj-nojournal__rs-primary-local,threaded-wmaj-nojournal,"w:majority, j:False",833,9.021125
20260923T114209Z__threaded-wmaj-nojournal__rs-primary-local,threaded-wmaj-nojournal,"w:majority, j:False",834,8.590459
20260923T114209Z__threaded-wmaj-nojournal__rs-primary-local,threaded-wmaj-nojournal,"w:majority, j:False",835,12.634833
20260923T114209Z__threaded-wmaj-nojournal__rs-primary-local,threaded-wmaj-nojournal,"w:majority, j:False",836,9.006625
20260923T114209Z__threaded-wmaj-nojournal__rs-primary-local,threaded-wmaj-nojournal,"w:majority, j:False",837,9.036042
20260923T114209Z__threaded-wmaj-nojournal__rs-primary-local,threaded-wmaj-nojournal,"w:majority, j:False",838,8.676791
20260923T114209Z__threaded-wmaj-nojournal__rs-primary-local,threaded-wmaj-nojournal,"w:majority, j:False",839,8.660583
20260923T114209Z__threaded-wmaj-nojournal__rs-primary-local,threaded-wmaj-nojournal,"w:majority, j:False",840,9.021458
20260923T114209Z__threaded-wmaj-nojournal__rs-primary-local,threaded-wmaj-nojournal,"w:majority, j:False",841,9.086666
20260923T114209Z__threaded-wmaj-nojournal__rs-primary-local,threaded-wmaj-nojournal,"w:majority, j:False",842,9.107875
20260923T114209Z__threaded-wmaj-nojournal__rs-primary-local,threaded-wmaj-nojournal,"w:majority, j:False",843,9.04725
20260923T114209Z__threaded-wmaj-nojournal__rs-primary-local,threaded-wmaj-nojournal,"w:majority, j:False",844,9.577083
20260923T114209Z__threaded-wmaj-nojournal__rs-primary-local,threaded-wmaj-nojournal,"w:majority, j:False",845,8.566375
20260923T114209Z__threaded-wmaj-nojournal__rs-primary-local,threaded-wmaj-nojournal,"w:majority, j:False",846,13.132667
20260923T114209Z__threaded-wmaj-nojournal__rs-primary-local,threaded-wmaj-nojournal,"w:majority, j:False",847,9.029917
20260923T114209Z__threaded-wmaj-nojournal__rs-primary-local,threaded-wmaj-nojournal,"w:majority, j:False",848,9.028542
20260923T114209Z__threaded-wmaj-nojournal__rs-primary-local,threaded-wmaj-nojournal,"w:majority, j:False",849,9.027166
20260923T114209Z__threaded-wmaj-nojournal__rs-primary-local,threaded-wmaj-nojournal,"w:majority, j:False",850,8.588
20260923T114209Z__threaded-wmaj-nojournal__rs-primary-local,threaded-wmaj-nojournal,"w:majority, j:False",851,8.685209
20260923T114209Z__threaded-wmaj-nojournal__rs-primary-local,threaded-wmaj-nojournal,"w:majority, j:False",852,8.57175
20260923T114209Z__threaded-wmaj-nojournal__rs-primary-local,threaded-wmaj-nojournal,"w:majority, j:False",853,9.032208
20260923T114209Z__threaded-wmaj-nojournal__rs-primary-local,threaded-wmaj-nojournal,"w:majority, j:False",854,10.052958
20260923T114209Z__threaded-wmaj-nojournal__rs-primary-local,threaded-wmaj-nojournal,"w:majority, j:False",855,4.799833
20260923T114209Z__threaded-wmaj-nojournal__rs-primary-local,threaded-wmaj-nojournal,"w:majority, j:False",856,9.047417
20260923T114209Z__threaded-wmaj-nojournal__rs-primary-local,threaded-wmaj-nojournal,"w:majority, j:False",857,10.19975
20260923T114209Z__threaded-wmaj-nojournal__rs-primary-local,threaded-wmaj-nojournal,"w:majority, j:False",858,9.633958
20260923T114209Z__threaded-wmaj-nojournal__rs-primary-local,threaded-wmaj-nojournal,"w:majority, j:False",859,9.068708
20260923T114209Z__threaded-wmaj-nojournal__rs-primary-local,threaded-wmaj-nojournal,"w:majority, j:False",860,9.174166
20260923T114209Z__threaded-wmaj-nojournal__rs-primary-local,threaded-wmaj-nojournal,"w:majority, j:False",861,8.537791
20260923T114209Z__threaded-wmaj-nojournal__rs-primary-local,threaded-wmaj-nojournal,"w:majority, j:False",862,9.568917
20260923T114209Z__threaded-wmaj-nojournal__rs-primary-local,threaded-wmaj-nojournal,"w:majority, j:False",863,9.040042
20260923T114209Z__threaded-wmaj-nojournal__rs-primary-local,threaded-wmaj-nojournal,"w:majority, j:False",864,9.609042
20260923T114209Z__threaded-wmaj-nojournal__rs-primary-local,threaded-wmaj-nojournal,"w:majority, j:False",865,9.02725
20260923T114209Z__threaded-wmaj-nojournal__rs-primary-local,threaded-wmaj-nojournal,"w:majority, j:False",866,10.027208
20260923T114209Z__threaded-wmaj-nojournal__rs-primary-local,threaded-wmaj-nojournal,"w:majority, j:False",867,9.026125
20260923T114209Z__threaded-wmaj-nojournal__rs-primary-local,threaded-wmaj-nojournal,"w:majority, j:False",868,9.677042
20260923T114209Z__threaded-wmaj-nojournal__rs-primary-local,threaded-wmaj-nojournal,"w:majority, j:False",869,9.684541
20260923T114209Z__threaded-wmaj-nojournal__rs-primary-local,threaded-wmaj-nojournal,"w:majority, j:False",870,9.036958
20260923T114209Z__threaded-wmaj-nojournal__rs-primary-local,threaded-wmaj-nojournal,"w:majority, j:False",871,8.946042
20260923T114209Z__threaded-wmaj-nojournal__rs-primary-local,threaded-wmaj-nojournal,"w:majority, j:False",872,8.604917
20260923T114209Z__threaded-wmaj-nojournal__rs-primary-local,threaded-wmaj-nojournal,"w:majority, j:False",873,4.950292
20260923T114209Z__threaded-wmaj-nojournal__rs-primary-local,threaded-wmaj-nojournal,"w:majority, j:False",874,9.030541
20260923T114209Z__threaded-wmaj-nojournal__rs-primary-local,threaded-wmaj-nojournal,"w:majority, j:False",875,8.647333
20260923T114209Z__threaded-wmaj-nojournal__rs-primary-local,threaded-wmaj-nojournal,"w:majority, j:False",876,8.534583
20260923T114209Z__threaded-wmaj-nojournal__rs-primary-local,threaded-wmaj-nojournal,"w:majority, j:False",877,9.144833
20260923T114209Z__threaded-wmaj-nojournal__rs-primary-local,threaded-wmaj-nojournal,"w:majority, j:False",878,8.52125
20260923T114209Z__threaded-wmaj-nojournal__rs-primary-local,threaded-wmaj-nojournal,"w:majority, j:False",879,8.598292
20260923T114209Z__threaded-wmaj-nojournal__rs-primary-local,threaded-wmaj-nojournal,"w:majority, j:False",880,8.629458
20260923T114209Z__threaded-wmaj-nojournal__rs-primary-local,threaded-wmaj-nojournal,"w:majority, j:False",881,8.525542
20260923T114209Z__threaded-wmaj-nojournal__rs-primary-local,threaded-wmaj-nojournal,"w:majority, j:False",882,9.035792
20260923T114209Z__threaded-wmaj-nojournal__rs-primary-local,threaded-wmaj-nojournal,"w:majority, j:False",883,9.027542
20260923T114209Z__threaded-wmaj-nojournal__rs-primary-local,threaded-wmaj-nojournal,"w:majority, j:False",884,9.029125
20260923T114209Z__threaded-wmaj-nojournal__rs-primary-local,threaded-wmaj-nojournal,"w:majority, j:False",885,9.025708
20260923T114209Z__threaded-wmaj-nojournal__rs-primary-local,threaded-wmaj-nojournal,"w:majority, j:False",886,9.013792
20260923T114209Z__threaded-wmaj-nojournal__rs-primary-local,threaded-wmaj-nojournal,"w:majority, j:False",887,8.70425
20260923T114209Z__threaded-wmaj-nojournal__rs-primary-local,threaded-wmaj-nojournal,"w:majority, j:False",888,9.027875
20260923T114209Z__threaded-wmaj-nojournal__rs-primary-local,threaded-wmaj-nojournal,"w:majority, j:False",889,13.032375
20260923T114209Z__threaded-wmaj-nojournal__rs-primary-local,threaded-wmaj-nojournal,"w:majority, j:False",890,9.031208
20260923T114209Z__threaded-wmaj-nojournal__rs-primary-local,threaded-wmaj-nojournal,"w:majority, j:False",891,10.264833
20260923T114209Z__threaded-wmaj-nojournal__rs-primary-local,threaded-wmaj-nojournal,"w:majority, j:False",892,8.517917
20260923T114209Z__threaded-wmaj-nojournal__rs-primary-local,threaded-wmaj-nojournal,"w:majority, j:False",893,9.025416
20260923T114209Z__threaded-wmaj-nojournal__rs-primary-local,threaded-wmaj-nojournal,"w:majority, j:False",894,8.60625
20260923T114209Z__threaded-wmaj-nojournal__rs-primary-local,threaded-wmaj-nojournal,"w:majority, j:False",895,12.528083
20260923T114209Z__threaded-wmaj-nojournal__rs-primary-local,threaded-wmaj-nojournal,"w:majority, j:False",896,9.101125
20260923T114209Z__threaded-wmaj-nojournal__rs-primary-local,threaded-wmaj-nojournal,"w:majority, j:False",897,8.521708
20260923T114209Z__threaded-wmaj-nojournal__rs-primary-local,threaded-wmaj-nojournal,"w:majority, j:False",898,8.957625
20260923T114209Z__threaded-wmaj-nojournal__rs-primary-local,threaded-wmaj-nojournal,"w:majority, j:False",899,8.679375
20260923T114209Z__threaded-wmaj-nojournal__rs-primary-local,threaded-wmaj-nojournal,"w:majority, j:False",900,8.6785
20260923T114209Z__threaded-wmaj-nojournal__rs-primary-local,threaded-wmaj-nojournal,"w:majority, j:False",901,9.028333
20260923T114209Z__threaded-wmaj-nojournal__rs-primary-local,threaded-wmaj-nojournal,"w:majority, j:False",902,8.588084
20260923T114209Z__threaded-wmaj-nojournal__rs-primary-local,threaded-wmaj-nojournal,"w:majority, j:False",903,8.859
