target,bucket_us,n_fresh,n,p_fresh,ci_low,ci_high,adequate
direct-27017,0,902,949,0.9504741833508957,0.9347625186224373,0.9625534675813556,True
direct-27017,500,885,885,1.0,0.9956779700680075,0.9999999999999999,True
direct-27017,1000,888,888,1.0,0.9956925086248501,1.0,True
direct-27017,1500,889,889,1.0,0.9956973330991744,0.9999999999999999,True
direct-27017,2000,895,895,1.0,0.9957260545128308,1.0,True
direct-27017,2500,894,894,1.0,0.9957212942683877,1.0,True
direct-27017,3000,892,892,1.0,0.9957117418972284,1.0,True
direct-27017,3500,893,893,1.0,0.9957165234083698,0.9999999999999998,True
direct-27017,4000,892,892,1.0,0.9957117418972284,1.0,True
direct-27017,4500,892,892,1.0,0.9957117418972284,1.0,True
direct-27017,5000,890,890,1.0,0.9957021467785793,1.0,True
direct-27017,5500,890,890,1.0,0.9957021467785793,1.0,True
direct-27017,6000,888,888,1.0,0.9956925086248501,1.0,True
direct-27017,6500,889,889,1.0,0.9956973330991744,0.9999999999999999,True
direct-27017,7000,888,888,1.0,0.9956925086248501,1.0,True
direct-27017,7500,890,890,1.0,0.9957021467785793,1.0,True
direct-27017,8000,889,889,1.0,0.9956973330991744,0.9999999999999999,True
direct-27017,8500,889,889,1.0,0.9956973330991744,0.9999999999999999,True
direct-27017,9000,889,889,1.0,0.9956973330991744,0.9999999999999999,True
direct-27017,9500,889,889,1.0,0.9956973330991744,0.9999999999999999,True
direct-27017,10000,890,890,1.0,0.9957021467785793,1.0,True
direct-27017,10500,889,889,1.0,0.9956973330991744,0.9999999999999999,True
direct-27017,11000,886,886,1.0,0.9956828271458652,1.0,True
direct-27017,11500,889,889,1.0,0.9956973330991744,0.9999999999999999,True
direct-27017,12000,884,884,1.0,0.9956731020488339,1.0,True
direct-27017,12500,885,885,1.0,0.9956779700680075,0.9999999999999999,True
direct-27017,13000,886,886,1.0,0.9956828271458652,1.0,True
direct-27017,13500,886,886,1.0,0.9956828271458652,1.0,True
direct-27017,14000,883,883,1.0,0.9956682230513316,0.9999999999999998,True
direct-27017,14500,882,882,1.0,0.9956633330383221,1.0,True
direct-27017,15000,881,881,1.0,0.9956584319724571,1.0,True
direct-27017,15500,881,881,1.0,0.9956584319724571,1.0,True
direct-27017,16000,878,878,1.0,0.9956436620817164,1.0,True
direct-27017,16500,878,878,1.0,0.9956436620817164,1.0,True
direct-27017,17000,877,877,1.0,0.995638716427562,1.0,True
direct-27017,17500,877,877,1.0,0.995638716427562,1.0,True
direct-27017,18000,877,877,1.0,0.995638716427562,1.0,True
direct-27017,18500,877,877,1.0,0.995638716427562,1.0,True
direct-27017,19000,877,877,1.0,0.995638716427562,1.0,True
direct-27017,19500,876,876,1.0,0.995633759531261,1.0,True
direct-27017,20000,875,875,1.0,0.9956287913544376,1.0,True
direct-27017,20500,877,877,1.0,0.995638716427562,1.0,True
direct-27017,21000,876,876,1.0,0.995633759531261,1.0,True
direct-27017,21500,876,876,1.0,0.995633759531261,1.0,True
direct-27017,22000,876,876,1.0,0.995633759531261,1.0,True
direct-27017,22500,876,876,1.0,0.995633759531261,1.0,True
direct-27017,23000,876,876,1.0,0.995633759531261,1.0,True
direct-27017,23500,876,876,1.0,0.995633759531261,1.0,True
direct-27017,24000,876,876,1.0,0.995633759531261,1.0,True
direct-27017,24500,876,876,1.0,0.995633759531261,1.0,True
direct-27017,25000,878,878,1.0,0.9956436620817164,1.0,True
direct-27017,25500,880,880,1.0,0.9956535198162204,1.0,True
direct-27017,26000,880,880,1.0,0.9956535198162204,1.0,True
direct-27017,26500,880,880,1.0,0.9956535198162204,1.0,True
direct-27017,27000,881,881,1.0,0.9956584319724571,1.0,True
direct-27017,27500,879,879,1.0,0.9956485965319258,0.9999999999999999,True
direct-27017,28000,877,877,1.0,0.995638716427562,1.0,True
direct-27017,28500,877,877,1.0,0.995638716427562,1.0,True
direct-27017,29000,877,877,1.0,0.995638716427562,1.0,True
direct-27017,29500,877,877,1.0,0.995638716427562,1.0,True
direct-27017,30000,877,877,1.0,0.995638716427562,1.0,True
direct-27017,30500,877,877,1.0,0.995638716427562,1.0,True
direct-27017,31000,877,877,1.0,0.995638716427562,1.0,True
direct-27017,31500,877,877,1.0,0.995638716427562,1.0,True
direct-27017,32000,877,877,1.0,0.995638716427562,1.0,True
direct-27017,32500,877,877,1.0,0.995638716427562,1.0,True
direct-27017,33000,877,877,1.0,0.995638716427562,1.0,True
direct-27017,33500,877,877,1.0,0.995638716427562,1.0,True
direct-27017,34000,877,877,1.0,0.995638716427562,1.0,True
direct-27017,34500,877,877,1.0,0.995638716427562,1.0,True
direct-27017,35000,877,877,1.0,0.995638716427562,1.0,True
direct-27017,35500,877,877,1.0,0.995638716427562,1.0,True
direct-27017,36000,877,877,1.0,0.995638716427562,1.0,True
direct-27017,36500,877,877,1.0,0.995638716427562,1.0,True
direct-27017,37000,877,877,1.0,0.995638716427562,1.0,True
direct-27017,37500,877,877,1.0,0.995638716427562,1.0,True
direct-27017,38000,877,877,1.0,0.995638716427562,1.0,True
direct-27017,38500,877,877,1.0,0.995638716427562,1.0,True
direct-27017,39000,876,876,1.0,0.995633759531261,1.0,True
direct-27017,39500,878,878,1.0,0.9956436620817164,1.0,True
direct-27017,40000,877,877,1.0,0.995638716427562,1.0,True
direct-27017,40500,878,878,1.0,0.9956436620817164,1.0,True
direct-27017,41000,879,879,1.0,0.9956485965319258,0.9999999999999999,True
direct-27017,41500,881,881,1.0,0.9956584319724571,1.0,True
direct-27017,42000,881,881,1.0,0.9956584319724571,1.0,True
direct-27017,42500,881,881,1.0,0.9956584319724571,1.0,True
direct-27017,43000,881,881,1.0,0.9956584319724571,1.0,True
direct-27017,43500,881,881,1.0,0.9956584319724571,1.0,True
direct-27017,44000,881,881,1.0,0.9956584319724571,1.0,True
direct-27017,44500,882,882,1.0,0.9956633330383221,1.0,True
direct-27017,45000,881,881,1.0,0.9956584319724571,1.0,True
direct-27017,45500,881,881,1.0,0.9956584319724571,1.0,True
direct-27017,46000,881,881,1.0,0.9956584319724571,1.0,True
direct-27017,46500,882,882,1.0,0.9956633330383221,1.0,True
direct-27017,47000,881,881,1.0,0.9956584319724571,1.0,True
direct-27017,47500,879,879,1.0,0.9956485965319258,0.9999999999999999,True
direct-27017,48000,880,880,1.0,0.9956535198162204,1.0,True
direct-27017,48500,878,878,1.0,0.9956436620817164,1.0,True
direct-27017,49000,878,878,1.0,0.9956436620817164,1.0,True
direct-27017,49500,878,878,1.0,0.9956436620817164,1.0,True
direct-27017,50000,878,878,1.0,0.9956436620817164,1.0,True
direct-27017,50500,878,878,1.0,0.9956436620817164,1.0,True
direct-27017,51000,878,878,1.0,0.9956436620817164,1.0,True
direct-27017,51500,878,878,1.0,0.9956436620817164,1.0,True
direct-27017,52000,878,878,1.0,0.9956436620817164,1.0,True
direct-27017,52500,878,878,1.0,0.9956436620817164,1.0,True
direct-27017,53000,878,878,1.0,0.9956436620817164,1.0,True
direct-27017,53500,878,878,1.0,0.9956436620817164,1.0,True
direct-27017,54000,877,877,1.0,0.995638716427562,1.0,True
direct-27017,54500,879,879,1.0,0.9956485965319258,0.9999999999999999,True
direct-27017,55000,878,878,1.0,0.9956436620817164,1.0,True
direct-27017,55500,878,878,1.0,0.9956436620817164,1.0,True
direct-27017,56000,878,878,1.0,0.9956436620817164,1.0,True
direct-27017,56500,878,878,1.0,0.9956436620817164,1.0,True
direct-27017,57000,878,878,1.0,0.9956436620817164,1.0,True
direct-27017,57500,878,878,1.0,0.9956436620817164,1.0,True
direct-27017,58000,878,878,1.0,0.9956436620817164,1.0,True
direct-27017,58500,878,878,1.0,0.9956436620817164,1.0,True
direct-27017,59000,877,877,1.0,0.995638716427562,1.0,True
direct-27017,59500,877,877,1.0,0.995638716427562,1.0,True
direct-27017,60000,877,877,1.0,0.995638716427562,1.0,True
direct-27017,60500,877,877,1.0,0.995638716427562,1.0,True
direct-27017,61000,877,877,1.0,0.995638716427562,1.0,True
direct-27017,61500,877,877,1.0,0.995638716427562,1.0,True
direct-27017,62000,877,877,1.0,0.995638716427562,1.0,True
direct-27017,62500,877,877,1.0,0.995638716427562,1.0,True
direct-27017,63000,877,877,1.0,0.995638716427562,1.0,True
direct-27017,63500,877,877,1.0,0.995638716427562,1.0,True
direct-27017,64000,877,877,1.0,0.995638716427562,1.0,True
direct-27017,64500,877,877,1.0,0.995638716427562,1.0,True
direct-27017,65000,877,877,1.0,0.995638716427562,1.0,True
direct-27017,65500,877,877,1.0,0.995638716427562,1.0,True
direct-27017,66000,877,877,1.0,0.995638716427562,1.0,True
direct-27017,66500,877,877,1.0,0.995638716427562,1.0,True
direct-27017,67000,877,877,1.0,0.995638716427562,1.0,True
direct-27017,67500,877,877,1.0,0.995638716427562,1.0,True
direct-27017,68000,877,877,1.0,0.995638716427562,1.0,True
direct-27017,68500,877,877,1.0,0.995638716427562,1.0,True
direct-27017,69000,877,877,1.0,0.995638716427562,1.0,True
direct-27017,69500,877,877,1.0,0.995638716427562,1.0,True
direct-27017,70000,877,877,1.0,0.995638716427562,1.0,True
direct-27017,70500,877,877,1.0,0.995638716427562,1.0,True
direct-27017,71000,877,877,1.0,0.995638716427562,1.0,True
direct-27017,71500,877,877,1.0,0.995638716427562,1.0,True
direct-27017,72000,877,877,1.0,0.995638716427562,1.0,True
direct-27017,72500,877,877,1.0,0.995638716427562,1.0,True
direct-27017,73000,877,877,1.0,0.995638716427562,1.0,True
direct-27017,73500,877,877,1.0,0.995638716427562,1.0,True
direct-27017,74000,876,876,1.0,0.995633759531261,1.0,True
direct-27017,74500,876,876,1.0,0.995633759531261,1.0,True
direct-27017,75000,876,876,1.0,0.995633759531261,1.0,True
direct-27017,75500,876,876,1.0,0.995633759531261,1.0,True
direct-27017,76000,876,876,1.0,0.995633759531261,1.0,True
direct-27017,76500,876,876,1.0,0.995633759531261,1.0,True
direct-27017,77000,876,876,1.0,0.995633759531261,1.0,True
direct-27017,77500,876,876,1.0,0.995633759531261,1.0,True
direct-27017,78000,876,876,1.0,0.995633759531261,1.0,True
direct-27017,78500,876,876,1.0,0.995633759531261,1.0,True
direct-27017,79000,876,876,1.0,0.995633759531261,1.0,True
direct-27017,79500,876,876,1.0,0.995633759531261,1.0,True
direct-27017,80000,876,876,1.0,0.995633759531261,1.0,True
direct-27017,80500,876,876,1.0,0.995633759531261,1.0,True
direct-27017,81000,876,876,1.0,0.995633759531261,1.0,True
direct-27017,81500,876,876,1.0,0.995633759531261,1.0,True
direct-27017,82000,876,876,1.0,0.995633759531261,1.0,True
direct-27017,82500,876,876,1.0,0.995633759531261,1.0,True
direct-27017,83000,876,876,1.0,0.995633759531261,1.0,True
direct-27017,83500,876,876,1.0,0.995633759531261,1.0,True
direct-27017,84000,876,876,1.0,0.995633759531261,1.0,True
direct-27017,84500,876,876,1.0,0.995633759531261,1.0,True
direct-27017,85000,876,876,1.0,0.995633759531261,1.0,True
direct-27017,85500,876,876,1.0,0.995633759531261,1.0,True
direct-27017,86000,876,876,1.0,0.995633759531261,1.0,True
direct-27017,86500,876,876,1.0,0.995633759531261,1.0,True
direct-27017,87000,878,878,1.0,0.9956436620817164,1.0,True
direct-27017,87500,880,880,1.0,0.9956535198162204,1.0,True
direct-27017,88000,880,880,1.0,0.9956535198162204,1.0,True
direct-27017,88500,880,880,1.0,0.9956535198162204,1.0,True
direct-27017,89000,880,880,1.0,0.9956535198162204,1.0,True
direct-27017,89500,881,881,1.0,0.9956584319724571,1.0,True
direct-27017,90000,880,880,1.0,0.9956535198162204,1.0,True
direct-27017,90500,880,880,1.0,0.9956535198162204,1.0,True
direct-27017,91000,880,880,1.0,0.9956535198162204,1.0,True
direct-27017,91500,880,880,1.0,0.9956535198162204,1.0,True
direct-27017,92000,881,881,1.0,0.9956584319724571,1.0,True
direct-27017,92500,879,879,1.0,0.9956485965319258,0.9999999999999999,True
direct-27017,93000,881,881,1.0,0.9956584319724571,1.0,True
direct-27017,93500,880,880,1.0,0.9956535198162204,1.0,True
direct-27017,94000,880,880,1.0,0.9956535198162204,1.0,True
direct-27017,94500,880,880,1.0,0.9956535198162204,1.0,True
direct-27017,95000,880,880,1.0,0.9956535198162204,1.0,True
direct-27017,95500,880,880,1.0,0.9956535198162204,1.0,True
direct-27017,96000,879,879,1.0,0.9956485965319258,0.9999999999999999,True
direct-27017,96500,877,877,1.0,0.995638716427562,1.0,True
direct-27017,97000,877,877,1.0,0.995638716427562,1.0,True
direct-27017,97500,877,877,1.0,0.995638716427562,1.0,True
direct-27017,98000,877,877,1.0,0.995638716427562,1.0,True
direct-27017,98500,876,876,1.0,0.995633759531261,1.0,True
direct-27017,99000,876,876,1.0,0.995633759531261,1.0,True
direct-27017,99500,876,876,1.0,0.995633759531261,1.0,True
direct-27017,100000,876,876,1.0,0.995633759531261,1.0,True
direct-27017,100500,876,876,1.0,0.995633759531261,1.0,True
direct-27017,101000,876,876,1.0,0.995633759531261,1.0,True
direct-27017,101500,876,876,1.0,0.995633759531261,1.0,True
direct-27017,102000,876,876,1.0,0.995633759531261,1.0,True
direct-27017,102500,876,876,1.0,0.995633759531261,1.0,True
direct-27017,103000,875,875,1.0,0.9956287913544376,1.0,True
direct-27017,103500,875,875,1.0,0.9956287913544376,1.0,True
direct-27017,104000,875,875,1.0,0.9956287913544376,1.0,True
direct-27017,104500,875,875,1.0,0.9956287913544376,1.0,True
direct-27017,105000,875,875,1.0,0.9956287913544376,1.0,True
direct-27017,105500,875,875,1.0,0.9956287913544376,1.0,True
direct-27017,106000,875,875,1.0,0.9956287913544376,1.0,True
direct-27017,106500,875,875,1.0,0.9956287913544376,1.0,True
direct-27017,107000,875,875,1.0,0.9956287913544376,1.0,True
direct-27017,107500,875,875,1.0,0.9956287913544376,1.0,True
direct-27017,108000,875,875,1.0,0.9956287913544376,1.0,True
direct-27017,108500,875,875,1.0,0.9956287913544376,1.0,True
direct-27017,109000,875,875,1.0,0.9956287913544376,1.0,True
direct-27017,109500,875,875,1.0,0.9956287913544376,1.0,True
direct-27017,110000,875,875,1.0,0.9956287913544376,1.0,True
direct-27017,110500,875,875,1.0,0.9956287913544376,1.0,True
direct-27017,111000,875,875,1.0,0.9956287913544376,1.0,True
direct-27017,111500,875,875,1.0,0.9956287913544376,1.0,True
direct-27017,112000,874,874,1.0,0.9956238118585403,1.0,True
direct-27017,112500,874,874,1.0,0.9956238118585403,1.0,True
direct-27017,113000,874,874,1.0,0.9956238118585403,1.0,True
direct-27017,113500,875,875,1.0,0.9956287913544376,1.0,True
direct-27017,114000,877,877,1.0,0.995638716427562,1.0,True
direct-27017,114500,878,878,1.0,0.9956436620817164,1.0,True
direct-27017,115000,878,878,1.0,0.9956436620817164,1.0,True
direct-27017,115500,878,878,1.0,0.9956436620817164,1.0,True
direct-27017,116000,879,879,1.0,0.9956485965319258,0.9999999999999999,True
direct-27017,116500,881,881,1.0,0.9956584319724571,1.0,True
direct-27017,117000,881,881,1.0,0.9956584319724571,1.0,True
direct-27017,117500,878,878,1.0,0.9956436620817164,1.0,True
direct-27017,118000,876,876,1.0,0.995633759531261,1.0,True
direct-27017,118500,875,875,1.0,0.9956287913544376,1.0,True
direct-27017,119000,875,875,1.0,0.9956287913544376,1.0,True
direct-27017,119500,875,875,1.0,0.9956287913544376,1.0,True
direct-27017,120000,876,876,1.0,0.995633759531261,1.0,True
direct-27017,120500,877,877,1.0,0.995638716427562,1.0,True
direct-27017,121000,878,878,1.0,0.9956436620817164,1.0,True
direct-27017,121500,880,880,1.0,0.9956535198162204,1.0,True
direct-27017,122000,879,879,1.0,0.9956485965319258,0.9999999999999999,True
direct-27017,122500,879,879,1.0,0.9956485965319258,0.9999999999999999,True
direct-27017,123000,879,879,1.0,0.9956485965319258,0.9999999999999999,True
direct-27017,123500,879,879,1.0,0.9956485965319258,0.9999999999999999,True
direct-27017,124000,879,879,1.0,0.9956485965319258,0.9999999999999999,True
direct-27017,124500,880,880,1.0,0.9956535198162204,1.0,True
direct-27017,125000,879,879,1.0,0.9956485965319258,0.9999999999999999,True
direct-27017,125500,879,879,1.0,0.9956485965319258,0.9999999999999999,True
direct-27017,126000,879,879,1.0,0.9956485965319258,0.9999999999999999,True
direct-27017,126500,879,879,1.0,0.9956485965319258,0.9999999999999999,True
direct-27017,127000,879,879,1.0,0.9956485965319258,0.9999999999999999,True
direct-27017,127500,879,879,1.0,0.9956485965319258,0.9999999999999999,True
direct-27017,128000,879,879,1.0,0.9956485965319258,0.9999999999999999,True
direct-27017,128500,878,878,1.0,0.9956436620817164,1.0,True
direct-27017,129000,880,880,1.0,0.9956535198162204,1.0,True
direct-27017,129500,879,879,1.0,0.9956485965319258,0.9999999999999999,True
direct-27017,130000,879,879,1.0,0.9956485965319258,0.9999999999999999,True
direct-27017,130500,879,879,1.0,0.9956485965319258,0.9999999999999999,True
direct-27017,131000,880,880,1.0,0.9956535198162204,1.0,True
direct-27017,131500,879,879,1.0,0.9956485965319258,0.9999999999999999,True
direct-27017,132000,879,879,1.0,0.9956485965319258,0.9999999999999999,True
direct-27017,132500,879,879,1.0,0.9956485965319258,0.9999999999999999,True
direct-27017,133000,877,877,1.0,0.995638716427562,1.0,True
direct-27017,133500,877,877,1.0,0.995638716427562,1.0,True
direct-27017,134000,879,879,1.0,0.9956485965319258,0.9999999999999999,True
direct-27017,134500,882,882,1.0,0.9956633330383221,1.0,True
direct-27017,135000,880,880,1.0,0.9956535198162204,1.0,True
direct-27017,135500,877,877,1.0,0.995638716427562,1.0,True
direct-27017,136000,873,873,1.0,0.9956188210048429,1.0,True
direct-27017,136500,877,877,1.0,0.995638716427562,1.0,True
direct-27017,137000,876,876,1.0,0.995633759531261,1.0,True
direct-27017,137500,842,842,1.0,0.9954582512848743,1.0,True
direct-27017,138000,877,877,1.0,0.995638716427562,1.0,True
direct-27017,138500,895,895,1.0,0.9957260545128308,1.0,True
direct-27017,139000,889,889,1.0,0.9956973330991744,0.9999999999999999,True
direct-27017,139500,872,872,1.0,0.9956138187544413,0.9999999999999999,True
direct-27017,140000,880,880,1.0,0.9956535198162204,1.0,True
direct-27017,140500,875,875,1.0,0.9956287913544376,1.0,True
direct-27017,141000,874,874,1.0,0.9956238118585403,1.0,True
direct-27017,141500,876,876,1.0,0.995633759531261,1.0,True
direct-27017,142000,881,881,1.0,0.9956584319724571,1.0,True
direct-27017,142500,878,878,1.0,0.9956436620817164,1.0,True
direct-27017,143000,876,876,1.0,0.995633759531261,1.0,True
direct-27017,143500,876,876,1.0,0.995633759531261,1.0,True
direct-27017,144000,876,876,1.0,0.995633759531261,1.0,True
direct-27017,144500,876,876,1.0,0.995633759531261,1.0,True
direct-27017,145000,876,876,1.0,0.995633759531261,1.0,True
direct-27017,145500,876,876,1.0,0.995633759531261,1.0,True
direct-27017,146000,875,875,1.0,0.9956287913544376,1.0,True
direct-27017,146500,877,877,1.0,0.995638716427562,1.0,True
direct-27017,147000,876,876,1.0,0.995633759531261,1.0,True
direct-27017,147500,876,876,1.0,0.995633759531261,1.0,True
direct-27017,148000,876,876,1.0,0.995633759531261,1.0,True
direct-27017,148500,876,876,1.0,0.995633759531261,1.0,True
direct-27017,149000,876,876,1.0,0.995633759531261,1.0,True
direct-27017,149500,876,876,1.0,0.995633759531261,1.0,True
direct-27017,150000,876,876,1.0,0.995633759531261,1.0,True
direct-27017,150500,876,876,1.0,0.995633759531261,1.0,True
direct-27017,151000,876,876,1.0,0.995633759531261,1.0,True
direct-27017,151500,876,876,1.0,0.995633759531261,1.0,True
direct-27017,152000,876,876,1.0,0.995633759531261,1.0,True
direct-27017,152500,876,876,1.0,0.995633759531261,1.0,True
direct-27017,153000,876,876,1.0,0.995633759531261,1.0,True
direct-27017,153500,875,875,1.0,0.9956287913544376,1.0,True
direct-27017,154000,877,877,1.0,0.995638716427562,1.0,True
direct-27017,154500,876,876,1.0,0.995633759531261,1.0,True
direct-27017,155000,876,876,1.0,0.995633759531261,1.0,True
direct-27017,155500,876,876,1.0,0.995633759531261,1.0,True
direct-27017,156000,875,875,1.0,0.9956287913544376,1.0,True
direct-27017,156500,874,874,1.0,0.9956238118585403,1.0,True
direct-27017,157000,873,873,1.0,0.9956188210048429,1.0,True
direct-27017,157500,873,873,1.0,0.9956188210048429,1.0,True
direct-27017,158000,873,873,1.0,0.9956188210048429,1.0,True
direct-27017,158500,873,873,1.0,0.9956188210048429,1.0,True
direct-27017,159000,872,872,1.0,0.9956138187544413,0.9999999999999999,True
direct-27017,159500,873,873,1.0,0.9956188210048429,1.0,True
direct-27017,160000,874,874,1.0,0.9956238118585403,1.0,True
direct-27017,160500,873,873,1.0,0.9956188210048429,1.0,True
direct-27017,161000,874,874,1.0,0.9956238118585403,1.0,True
direct-27017,161500,875,875,1.0,0.9956287913544376,1.0,True
direct-27017,162000,876,876,1.0,0.995633759531261,1.0,True
direct-27017,162500,877,877,1.0,0.995638716427562,1.0,True
direct-27017,163000,876,876,1.0,0.995633759531261,1.0,True
direct-27017,163500,875,875,1.0,0.9956287913544376,1.0,True
direct-27017,164000,874,874,1.0,0.9956238118585403,1.0,True
direct-27017,164500,874,874,1.0,0.9956238118585403,1.0,True
direct-27017,165000,874,874,1.0,0.9956238118585403,1.0,True
direct-27017,165500,873,873,1.0,0.9956188210048429,1.0,True
direct-27017,166000,873,873,1.0,0.9956188210048429,1.0,True
direct-27017,166500,873,873,1.0,0.9956188210048429,1.0,True
direct-27017,167000,872,872,1.0,0.9956138187544413,0.9999999999999999,True
direct-27017,167500,872,872,1.0,0.9956138187544413,0.9999999999999999,True
direct-27017,168000,872,872,1.0,0.9956138187544413,0.9999999999999999,True
direct-27017,168500,872,872,1.0,0.9956138187544413,0.9999999999999999,True
direct-27017,169000,872,872,1.0,0.9956138187544413,0.9999999999999999,True
direct-27017,169500,872,872,1.0,0.9956138187544413,0.9999999999999999,True
direct-27017,170000,872,872,1.0,0.9956138187544413,0.9999999999999999,True
direct-27017,170500,872,872,1.0,0.9956138187544413,0.9999999999999999,True
direct-27017,171000,874,874,1.0,0.9956238118585403,1.0,True
direct-27017,171500,876,876,1.0,0.995633759531261,1.0,True
direct-27017,172000,876,876,1.0,0.995633759531261,1.0,True
direct-27017,172500,876,876,1.0,0.995633759531261,1.0,True
direct-27017,173000,874,874,1.0,0.9956238118585403,1.0,True
direct-27017,173500,875,875,1.0,0.9956287913544376,1.0,True
direct-27017,174000,878,878,1.0,0.9956436620817164,1.0,True
direct-27017,174500,879,879,1.0,0.9956485965319258,0.9999999999999999,True
direct-27017,175000,882,882,1.0,0.9956633330383221,1.0,True
direct-27017,175500,880,880,1.0,0.9956535198162204,1.0,True
direct-27017,176000,878,878,1.0,0.9956436620817164,1.0,True
direct-27017,176500,878,878,1.0,0.9956436620817164,1.0,True
direct-27017,177000,877,877,1.0,0.995638716427562,1.0,True
direct-27017,177500,877,877,1.0,0.995638716427562,1.0,True
direct-27017,178000,878,878,1.0,0.9956436620817164,1.0,True
direct-27017,178500,877,877,1.0,0.995638716427562,1.0,True
direct-27017,179000,877,877,1.0,0.995638716427562,1.0,True
direct-27017,179500,877,877,1.0,0.995638716427562,1.0,True
direct-27017,180000,875,875,1.0,0.9956287913544376,1.0,True
direct-27017,180500,874,874,1.0,0.9956238118585403,1.0,True
direct-27017,181000,874,874,1.0,0.9956238118585403,1.0,True
direct-27017,181500,874,874,1.0,0.9956238118585403,1.0,True
direct-27017,182000,874,874,1.0,0.9956238118585403,1.0,True
direct-27017,182500,874,874,1.0,0.9956238118585403,1.0,True
direct-27017,183000,873,873,1.0,0.9956188210048429,1.0,True
direct-27017,183500,873,873,1.0,0.9956188210048429,1.0,True
direct-27017,184000,873,873,1.0,0.9956188210048429,1.0,True
direct-27017,184500,873,873,1.0,0.9956188210048429,1.0,True
direct-27017,185000,873,873,1.0,0.9956188210048429,1.0,True
direct-27017,185500,873,873,1.0,0.9956188210048429,1.0,True
direct-27017,186000,873,873,1.0,0.9956188210048429,1.0,True
direct-27017,186500,873,873,1.0,0.9956188210048429,1.0,True
direct-27017,187000,873,873,1.0,0.9956188210048429,1.0,True
direct-27017,187500,873,873,1.0,0.9956188210048429,1.0,True
direct-27017,188000,872,872,1.0,0.9956138187544413,0.9999999999999999,True
direct-27017,188500,872,872,1.0,0.9956138187544413,0.9999999999999999,True
direct-27017,189000,872,872,1.0,0.9956138187544413,0.9999999999999999,True
direct-27017,189500,871,871,1.0,0.9956088050682548,1.0,True
direct-27017,190000,871,871,1.0,0.9956088050682548,1.0,True
direct-27017,190500,871,871,1.0,0.9956088050682548,1.0,True
direct-27017,191000,873,873,1.0,0.9956188210048429,1.0,True
direct-27017,191500,874,874,1.0,0.9956238118585403,1.0,True
direct-27017,192000,874,874,1.0,0.9956238118585403,1.0,True
direct-27017,192500,875,875,1.0,0.9956287913544376,1.0,True
direct-27017,193000,876,876,1.0,0.995633759531261,1.0,True
direct-27017,193500,875,875,1.0,0.9956287913544376,1.0,True
direct-27017,194000,875,875,1.0,0.9956287913544376,1.0,True
direct-27017,194500,875,875,1.0,0.9956287913544376,1.0,True
direct-27017,195000,866,866,1.0,0.995583563720107,0.9999999999999999,True
direct-27017,195500,843,843,1.0,0.9954636144469047,0.9999999999999998,True
direct-27017,196000,820,820,1.0,0.9953369676889343,1.0,True
direct-27017,196500,792,792,1.0,0.9951729087798377,1.0,True
direct-27017,197000,772,772,1.0,0.9950484738121801,0.9999999999999998,True
direct-27017,197500,734,734,1.0,0.9947934624450561,1.0,True
direct-27017,198000,701,701,1.0,0.9945496974071905,0.9999999999999999,True
direct-27017,198500,651,651,1.0,0.9941335431347063,1.0,True
direct-27017,199000,615,615,1.0,0.9937922725298366,1.0,True
direct-27017,199500,580,580,1.0,0.9934201331320003,1.0,True
direct-27017,200000,285,285,1.0,0.9866999767346533,1.0,True
direct-27017,200500,248,248,1.0,0.9847459673064339,1.0,True
direct-27017,201000,206,206,1.0,0.9816928578508741,1.0,True
direct-27017,201500,174,174,1.0,0.97839875484701,1.0,True
direct-27017,202000,139,139,1.0,0.9731058739190823,1.0,True
direct-27017,202500,107,107,1.0,0.9653415324210404,1.0,True
direct-27017,203000,86,86,1.0,0.9572402984808819,1.0,True
direct-27017,203500,58,58,1.0,0.9378800031047062,0.9999999999999999,True
direct-27017,204000,1,1,1.0,0.20654329147389294,1.0,False
direct-27018,0,15,925,0.016216216216216217,0.009851416627910382,0.026582782701663147,True
direct-27018,500,733,883,0.8301245753114382,0.8039376820115478,0.8534514165602827,True
direct-27018,1000,866,878,0.9863325740318907,0.9762631741279552,0.9921647158695229,True
direct-27018,1500,882,885,0.9966101694915255,0.9900810936219374,0.998846517326965,True
direct-27018,2000,884,885,0.9988700564971752,0.9936273358583059,0.9998005145033335,True
direct-27018,2500,884,885,0.9988700564971752,0.9936273358583059,0.9998005145033335,True
direct-27018,3000,887,887,1.0,0.9956876733192523,1.0,True
direct-27018,3500,885,885,1.0,0.9956779700680075,0.9999999999999999,True
direct-27018,4000,885,885,1.0,0.9956779700680075,0.9999999999999999,True
direct-27018,4500,889,889,1.0,0.9956973330991744,0.9999999999999999,True
direct-27018,5000,886,886,1.0,0.9956828271458652,1.0,True
direct-27018,5500,886,886,1.0,0.9956828271458652,1.0,True
direct-27018,6000,888,888,1.0,0.9956925086248501,1.0,True
direct-27018,6500,887,887,1.0,0.9956876733192523,1.0,True
direct-27018,7000,884,884,1.0,0.9956731020488339,1.0,True
direct-27018,7500,885,885,1.0,0.9956779700680075,0.9999999999999999,True
direct-27018,8000,888,888,1.0,0.9956925086248501,1.0,True
direct-27018,8500,883,883,1.0,0.9956682230513316,0.9999999999999998,True
direct-27018,9000,882,883,0.9988674971687429,0.9936129662838301,0.999800062604305,True
direct-27018,9500,883,884,0.998868778280543,0.9936201591623464,0.9998002888094539,True
direct-27018,10000,884,885,0.9988700564971752,0.9936273358583059,0.9998005145033335,True
direct-27018,10500,885,885,1.0,0.9956779700680075,0.9999999999999999,True
direct-27018,11000,885,885,1.0,0.9956779700680075,0.9999999999999999,True
direct-27018,11500,885,885,1.0,0.9956779700680075,0.9999999999999999,True
direct-27018,12000,884,884,1.0,0.9956731020488339,1.0,True
direct-27018,12500,882,882,1.0,0.9956633330383221,1.0,True
direct-27018,13000,884,884,1.0,0.9956731020488339,1.0,True
direct-27018,13500,883,883,1.0,0.9956682230513316,0.9999999999999998,True
direct-27018,14000,878,878,1.0,0.9956436620817164,1.0,True
direct-27018,14500,878,878,1.0,0.9956436620817164,1.0,True
direct-27018,15000,878,878,1.0,0.9956436620817164,1.0,True
direct-27018,15500,879,879,1.0,0.9956485965319258,0.9999999999999999,True
direct-27018,16000,882,882,1.0,0.9956633330383221,1.0,True
direct-27018,16500,880,880,1.0,0.9956535198162204,1.0,True
direct-27018,17000,883,883,1.0,0.9956682230513316,0.9999999999999998,True
direct-27018,17500,881,881,1.0,0.9956584319724571,1.0,True
direct-27018,18000,882,882,1.0,0.9956633330383221,1.0,True
direct-27018,18500,881,881,1.0,0.9956584319724571,1.0,True
direct-27018,19000,879,879,1.0,0.9956485965319258,0.9999999999999999,True
direct-27018,19500,879,879,1.0,0.9956485965319258,0.9999999999999999,True
direct-27018,20000,882,882,1.0,0.9956633330383221,1.0,True
direct-27018,20500,884,884,1.0,0.9956731020488339,1.0,True
direct-27018,21000,884,884,1.0,0.9956731020488339,1.0,True
direct-27018,21500,880,880,1.0,0.9956535198162204,1.0,True
direct-27018,22000,881,881,1.0,0.9956584319724571,1.0,True
direct-27018,22500,880,880,1.0,0.9956535198162204,1.0,True
direct-27018,23000,879,879,1.0,0.9956485965319258,0.9999999999999999,True
direct-27018,23500,879,879,1.0,0.9956485965319258,0.9999999999999999,True
direct-27018,24000,877,877,1.0,0.995638716427562,1.0,True
direct-27018,24500,877,877,1.0,0.995638716427562,1.0,True
direct-27018,25000,877,877,1.0,0.995638716427562,1.0,True
direct-27018,25500,878,878,1.0,0.9956436620817164,1.0,True
direct-27018,26000,876,876,1.0,0.995633759531261,1.0,True
direct-27018,26500,878,878,1.0,0.9956436620817164,1.0,True
direct-27018,27000,878,878,1.0,0.9956436620817164,1.0,True
direct-27018,27500,877,877,1.0,0.995638716427562,1.0,True
direct-27018,28000,878,878,1.0,0.9956436620817164,1.0,True
direct-27018,28500,877,877,1.0,0.995638716427562,1.0,True
direct-27018,29000,878,878,1.0,0.9956436620817164,1.0,True
direct-27018,29500,878,878,1.0,0.9956436620817164,1.0,True
direct-27018,30000,877,877,1.0,0.995638716427562,1.0,True
direct-27018,30500,877,877,1.0,0.995638716427562,1.0,True
direct-27018,31000,878,878,1.0,0.9956436620817164,1.0,True
direct-27018,31500,879,879,1.0,0.9956485965319258,0.9999999999999999,True
direct-27018,32000,880,880,1.0,0.9956535198162204,1.0,True
direct-27018,32500,880,880,1.0,0.9956535198162204,1.0,True
direct-27018,33000,881,881,1.0,0.9956584319724571,1.0,True
direct-27018,33500,880,880,1.0,0.9956535198162204,1.0,True
direct-27018,34000,880,880,1.0,0.9956535198162204,1.0,True
direct-27018,34500,881,881,1.0,0.9956584319724571,1.0,True
direct-27018,35000,880,880,1.0,0.9956535198162204,1.0,True
direct-27018,35500,881,881,1.0,0.9956584319724571,1.0,True
direct-27018,36000,882,882,1.0,0.9956633330383221,1.0,True
direct-27018,36500,881,881,1.0,0.9956584319724571,1.0,True
direct-27018,37000,882,882,1.0,0.9956633330383221,1.0,True
direct-27018,37500,881,881,1.0,0.9956584319724571,1.0,True
direct-27018,38000,881,881,1.0,0.9956584319724571,1.0,True
direct-27018,38500,880,880,1.0,0.9956535198162204,1.0,True
direct-27018,39000,881,881,1.0,0.9956584319724571,1.0,True
direct-27018,39500,880,880,1.0,0.9956535198162204,1.0,True
direct-27018,40000,881,881,1.0,0.9956584319724571,1.0,True
direct-27018,40500,877,877,1.0,0.995638716427562,1.0,True
direct-27018,41000,877,877,1.0,0.995638716427562,1.0,True
direct-27018,41500,877,877,1.0,0.995638716427562,1.0,True
direct-27018,42000,877,877,1.0,0.995638716427562,1.0,True
direct-27018,42500,874,874,1.0,0.9956238118585403,1.0,True
direct-27018,43000,877,877,1.0,0.995638716427562,1.0,True
direct-27018,43500,875,875,1.0,0.9956287913544376,1.0,True
direct-27018,44000,882,882,1.0,0.9956633330383221,1.0,True
direct-27018,44500,880,880,1.0,0.9956535198162204,1.0,True
direct-27018,45000,878,878,1.0,0.9956436620817164,1.0,True
direct-27018,45500,876,876,1.0,0.995633759531261,1.0,True
direct-27018,46000,874,874,1.0,0.9956238118585403,1.0,True
direct-27018,46500,874,874,1.0,0.9956238118585403,1.0,True
direct-27018,47000,885,885,1.0,0.9956779700680075,0.9999999999999999,True
direct-27018,47500,879,879,1.0,0.9956485965319258,0.9999999999999999,True
direct-27018,48000,875,875,1.0,0.9956287913544376,1.0,True
direct-27018,48500,876,876,1.0,0.995633759531261,1.0,True
direct-27018,49000,875,875,1.0,0.9956287913544376,1.0,True
direct-27018,49500,876,876,1.0,0.995633759531261,1.0,True
direct-27018,50000,877,877,1.0,0.995638716427562,1.0,True
direct-27018,50500,875,875,1.0,0.9956287913544376,1.0,True
direct-27018,51000,877,877,1.0,0.995638716427562,1.0,True
direct-27018,51500,875,875,1.0,0.9956287913544376,1.0,True
direct-27018,52000,878,878,1.0,0.9956436620817164,1.0,True
direct-27018,52500,878,878,1.0,0.9956436620817164,1.0,True
direct-27018,53000,879,879,1.0,0.9956485965319258,0.9999999999999999,True
direct-27018,53500,879,879,1.0,0.9956485965319258,0.9999999999999999,True
direct-27018,54000,877,877,1.0,0.995638716427562,1.0,True
direct-27018,54500,879,879,1.0,0.9956485965319258,0.9999999999999999,True
direct-27018,55000,879,879,1.0,0.9956485965319258,0.9999999999999999,True
direct-27018,55500,877,877,1.0,0.995638716427562,1.0,True
direct-27018,56000,876,876,1.0,0.995633759531261,1.0,True
direct-27018,56500,876,876,1.0,0.995633759531261,1.0,True
direct-27018,57000,878,878,1.0,0.9956436620817164,1.0,True
direct-27018,57500,878,878,1.0,0.9956436620817164,1.0,True
direct-27018,58000,880,880,1.0,0.9956535198162204,1.0,True
direct-27018,58500,878,878,1.0,0.9956436620817164,1.0,True
direct-27018,59000,880,880,1.0,0.9956535198162204,1.0,True
direct-27018,59500,879,879,1.0,0.9956485965319258,0.9999999999999999,True
direct-27018,60000,876,876,1.0,0.995633759531261,1.0,True
direct-27018,60500,878,878,1.0,0.9956436620817164,1.0,True
direct-27018,61000,877,877,1.0,0.995638716427562,1.0,True
direct-27018,61500,878,878,1.0,0.9956436620817164,1.0,True
direct-27018,62000,877,877,1.0,0.995638716427562,1.0,True
direct-27018,62500,878,878,1.0,0.9956436620817164,1.0,True
direct-27018,63000,878,878,1.0,0.9956436620817164,1.0,True
direct-27018,63500,876,876,1.0,0.995633759531261,1.0,True
direct-27018,64000,878,878,1.0,0.9956436620817164,1.0,True
direct-27018,64500,877,877,1.0,0.995638716427562,1.0,True
direct-27018,65000,875,875,1.0,0.9956287913544376,1.0,True
direct-27018,65500,878,878,1.0,0.9956436620817164,1.0,True
direct-27018,66000,876,876,1.0,0.995633759531261,1.0,True
direct-27018,66500,875,875,1.0,0.9956287913544376,1.0,True
direct-27018,67000,876,876,1.0,0.995633759531261,1.0,True
direct-27018,67500,874,874,1.0,0.9956238118585403,1.0,True
direct-27018,68000,877,877,1.0,0.995638716427562,1.0,True
direct-27018,68500,876,876,1.0,0.995633759531261,1.0,True
direct-27018,69000,878,878,1.0,0.9956436620817164,1.0,True
direct-27018,69500,876,876,1.0,0.995633759531261,1.0,True
direct-27018,70000,877,877,1.0,0.995638716427562,1.0,True
direct-27018,70500,876,876,1.0,0.995633759531261,1.0,True
direct-27018,71000,876,876,1.0,0.995633759531261,1.0,True
direct-27018,71500,876,876,1.0,0.995633759531261,1.0,True
direct-27018,72000,876,876,1.0,0.995633759531261,1.0,True
direct-27018,72500,876,876,1.0,0.995633759531261,1.0,True
direct-27018,73000,876,876,1.0,0.995633759531261,1.0,True
direct-27018,73500,876,876,1.0,0.995633759531261,1.0,True
direct-27018,74000,875,875,1.0,0.9956287913544376,1.0,True
direct-27018,74500,875,875,1.0,0.9956287913544376,1.0,True
direct-27018,75000,878,878,1.0,0.9956436620817164,1.0,True
direct-27018,75500,875,875,1.0,0.9956287913544376,1.0,True
direct-27018,76000,875,875,1.0,0.9956287913544376,1.0,True
direct-27018,76500,875,875,1.0,0.9956287913544376,1.0,True
direct-27018,77000,876,876,1.0,0.995633759531261,1.0,True
direct-27018,77500,877,877,1.0,0.995638716427562,1.0,True
direct-27018,78000,877,877,1.0,0.995638716427562,1.0,True
direct-27018,78500,877,877,1.0,0.995638716427562,1.0,True
direct-27018,79000,876,876,1.0,0.995633759531261,1.0,True
direct-27018,79500,876,876,1.0,0.995633759531261,1.0,True
direct-27018,80000,876,876,1.0,0.995633759531261,1.0,True
direct-27018,80500,875,875,1.0,0.9956287913544376,1.0,True
direct-27018,81000,877,877,1.0,0.995638716427562,1.0,True
direct-27018,81500,877,877,1.0,0.995638716427562,1.0,True
direct-27018,82000,876,876,1.0,0.995633759531261,1.0,True
direct-27018,82500,878,878,1.0,0.9956436620817164,1.0,True
direct-27018,83000,876,876,1.0,0.995633759531261,1.0,True
direct-27018,83500,880,880,1.0,0.9956535198162204,1.0,True
direct-27018,84000,877,877,1.0,0.995638716427562,1.0,True
direct-27018,84500,878,878,1.0,0.9956436620817164,1.0,True
direct-27018,85000,879,879,1.0,0.9956485965319258,0.9999999999999999,True
direct-27018,85500,879,879,1.0,0.9956485965319258,0.9999999999999999,True
direct-27018,86000,878,878,1.0,0.9956436620817164,1.0,True
direct-27018,86500,878,878,1.0,0.9956436620817164,1.0,True
direct-27018,87000,878,878,1.0,0.9956436620817164,1.0,True
direct-27018,87500,879,879,1.0,0.9956485965319258,0.9999999999999999,True
direct-27018,88000,879,879,1.0,0.9956485965319258,0.9999999999999999,True
direct-27018,88500,880,880,1.0,0.9956535198162204,1.0,True
direct-27018,89000,878,878,1.0,0.9956436620817164,1.0,True
direct-27018,89500,878,878,1.0,0.9956436620817164,1.0,True
direct-27018,90000,879,879,1.0,0.9956485965319258,0.9999999999999999,True
direct-27018,90500,879,879,1.0,0.9956485965319258,0.9999999999999999,True
direct-27018,91000,878,878,1.0,0.9956436620817164,1.0,True
direct-27018,91500,879,879,1.0,0.9956485965319258,0.9999999999999999,True
direct-27018,92000,877,877,1.0,0.995638716427562,1.0,True
direct-27018,92500,877,877,1.0,0.995638716427562,1.0,True
direct-27018,93000,879,879,1.0,0.9956485965319258,0.9999999999999999,True
direct-27018,93500,880,880,1.0,0.9956535198162204,1.0,True
direct-27018,94000,880,880,1.0,0.9956535198162204,1.0,True
direct-27018,94500,878,878,1.0,0.9956436620817164,1.0,True
direct-27018,95000,879,879,1.0,0.9956485965319258,0.9999999999999999,True
direct-27018,95500,879,879,1.0,0.9956485965319258,0.9999999999999999,True
direct-27018,96000,879,879,1.0,0.9956485965319258,0.9999999999999999,True
direct-27018,96500,880,880,1.0,0.9956535198162204,1.0,True
direct-27018,97000,880,880,1.0,0.9956535198162204,1.0,True
direct-27018,97500,879,879,1.0,0.9956485965319258,0.9999999999999999,True
direct-27018,98000,880,880,1.0,0.9956535198162204,1.0,True
direct-27018,98500,881,881,1.0,0.9956584319724571,1.0,True
direct-27018,99000,879,879,1.0,0.9956485965319258,0.9999999999999999,True
direct-27018,99500,881,881,1.0,0.9956584319724571,1.0,True
direct-27018,100000,880,880,1.0,0.9956535198162204,1.0,True
direct-27018,100500,876,876,1.0,0.995633759531261,1.0,True
direct-27018,101000,875,875,1.0,0.9956287913544376,1.0,True
direct-27018,101500,876,876,1.0,0.995633759531261,1.0,True
direct-27018,102000,877,877,1.0,0.995638716427562,1.0,True
direct-27018,102500,876,876,1.0,0.995633759531261,1.0,True
direct-27018,103000,876,876,1.0,0.995633759531261,1.0,True
direct-27018,103500,876,876,1.0,0.995633759531261,1.0,True
direct-27018,104000,876,876,1.0,0.995633759531261,1.0,True
direct-27018,104500,876,876,1.0,0.995633759531261,1.0,True
direct-27018,105000,876,876,1.0,0.995633759531261,1.0,True
direct-27018,105500,876,876,1.0,0.995633759531261,1.0,True
direct-27018,106000,876,876,1.0,0.995633759531261,1.0,True
direct-27018,106500,876,876,1.0,0.995633759531261,1.0,True
direct-27018,107000,875,875,1.0,0.9956287913544376,1.0,True
direct-27018,107500,876,876,1.0,0.995633759531261,1.0,True
direct-27018,108000,876,876,1.0,0.995633759531261,1.0,True
direct-27018,108500,876,876,1.0,0.995633759531261,1.0,True
direct-27018,109000,875,875,1.0,0.9956287913544376,1.0,True
direct-27018,109500,879,879,1.0,0.9956485965319258,0.9999999999999999,True
direct-27018,110000,880,880,1.0,0.9956535198162204,1.0,True
direct-27018,110500,879,879,1.0,0.9956485965319258,0.9999999999999999,True
direct-27018,111000,881,881,1.0,0.9956584319724571,1.0,True
direct-27018,111500,879,879,1.0,0.9956485965319258,0.9999999999999999,True
direct-27018,112000,881,881,1.0,0.9956584319724571,1.0,True
direct-27018,112500,880,880,1.0,0.9956535198162204,1.0,True
direct-27018,113000,880,880,1.0,0.9956535198162204,1.0,True
direct-27018,113500,880,880,1.0,0.9956535198162204,1.0,True
direct-27018,114000,879,879,1.0,0.9956485965319258,0.9999999999999999,True
direct-27018,114500,879,879,1.0,0.9956485965319258,0.9999999999999999,True
direct-27018,115000,879,879,1.0,0.9956485965319258,0.9999999999999999,True
direct-27018,115500,879,879,1.0,0.9956485965319258,0.9999999999999999,True
direct-27018,116000,882,882,1.0,0.9956633330383221,1.0,True
direct-27018,116500,881,881,1.0,0.9956584319724571,1.0,True
direct-27018,117000,880,880,1.0,0.9956535198162204,1.0,True
direct-27018,117500,882,882,1.0,0.9956633330383221,1.0,True
direct-27018,118000,880,880,1.0,0.9956535198162204,1.0,True
direct-27018,118500,884,884,1.0,0.9956731020488339,1.0,True
direct-27018,119000,885,885,1.0,0.9956779700680075,0.9999999999999999,True
direct-27018,119500,883,883,1.0,0.9956682230513316,0.9999999999999998,True
direct-27018,120000,879,879,1.0,0.9956485965319258,0.9999999999999999,True
direct-27018,120500,881,881,1.0,0.9956584319724571,1.0,True
direct-27018,121000,880,880,1.0,0.9956535198162204,1.0,True
direct-27018,121500,880,880,1.0,0.9956535198162204,1.0,True
direct-27018,122000,879,879,1.0,0.9956485965319258,0.9999999999999999,True
direct-27018,122500,881,881,1.0,0.9956584319724571,1.0,True
direct-27018,123000,879,879,1.0,0.9956485965319258,0.9999999999999999,True
direct-27018,123500,881,881,1.0,0.9956584319724571,1.0,True
direct-27018,124000,881,881,1.0,0.9956584319724571,1.0,True
direct-27018,124500,880,880,1.0,0.9956535198162204,1.0,True
direct-27018,125000,879,879,1.0,0.9956485965319258,0.9999999999999999,True
direct-27018,125500,881,881,1.0,0.9956584319724571,1.0,True
direct-27018,126000,881,881,1.0,0.9956584319724571,1.0,True
direct-27018,126500,880,880,1.0,0.9956535198162204,1.0,True
direct-27018,127000,880,880,1.0,0.9956535198162204,1.0,True
direct-27018,127500,880,880,1.0,0.9956535198162204,1.0,True
direct-27018,128000,880,880,1.0,0.9956535198162204,1.0,True
direct-27018,128500,879,879,1.0,0.9956485965319258,0.9999999999999999,True
direct-27018,129000,877,877,1.0,0.995638716427562,1.0,True
direct-27018,129500,877,877,1.0,0.995638716427562,1.0,True
direct-27018,130000,877,877,1.0,0.995638716427562,1.0,True
direct-27018,130500,877,877,1.0,0.995638716427562,1.0,True
direct-27018,131000,877,877,1.0,0.995638716427562,1.0,True
direct-27018,131500,877,877,1.0,0.995638716427562,1.0,True
direct-27018,132000,877,877,1.0,0.995638716427562,1.0,True
direct-27018,132500,877,877,1.0,0.995638716427562,1.0,True
direct-27018,133000,876,876,1.0,0.995633759531261,1.0,True
direct-27018,133500,877,877,1.0,0.995638716427562,1.0,True
direct-27018,134000,877,877,1.0,0.995638716427562,1.0,True
direct-27018,134500,878,878,1.0,0.9956436620817164,1.0,True
direct-27018,135000,877,877,1.0,0.995638716427562,1.0,True
direct-27018,135500,877,877,1.0,0.995638716427562,1.0,True
direct-27018,136000,877,877,1.0,0.995638716427562,1.0,True
direct-27018,136500,877,877,1.0,0.995638716427562,1.0,True
direct-27018,137000,877,877,1.0,0.995638716427562,1.0,True
direct-27018,137500,877,877,1.0,0.995638716427562,1.0,True
direct-27018,138000,877,877,1.0,0.995638716427562,1.0,True
direct-27018,138500,877,877,1.0,0.995638716427562,1.0,True
direct-27018,139000,877,877,1.0,0.995638716427562,1.0,True
direct-27018,139500,876,876,1.0,0.995633759531261,1.0,True
direct-27018,140000,877,877,1.0,0.995638716427562,1.0,True
direct-27018,140500,877,877,1.0,0.995638716427562,1.0,True
direct-27018,141000,877,877,1.0,0.995638716427562,1.0,True
direct-27018,141500,877,877,1.0,0.995638716427562,1.0,True
direct-27018,142000,878,878,1.0,0.9956436620817164,1.0,True
direct-27018,142500,876,876,1.0,0.995633759531261,1.0,True
direct-27018,143000,878,878,1.0,0.9956436620817164,1.0,True
direct-27018,143500,876,876,1.0,0.995633759531261,1.0,True
direct-27018,144000,875,875,1.0,0.9956287913544376,1.0,True
direct-27018,144500,876,876,1.0,0.995633759531261,1.0,True
direct-27018,145000,877,877,1.0,0.995638716427562,1.0,True
direct-27018,145500,876,876,1.0,0.995633759531261,1.0,True
direct-27018,146000,876,876,1.0,0.995633759531261,1.0,True
direct-27018,146500,876,876,1.0,0.995633759531261,1.0,True
direct-27018,147000,876,876,1.0,0.995633759531261,1.0,True
direct-27018,147500,876,876,1.0,0.995633759531261,1.0,True
direct-27018,148000,876,876,1.0,0.995633759531261,1.0,True
direct-27018,148500,876,876,1.0,0.995633759531261,1.0,True
direct-27018,149000,876,876,1.0,0.995633759531261,1.0,True
direct-27018,149500,876,876,1.0,0.995633759531261,1.0,True
direct-27018,150000,875,875,1.0,0.9956287913544376,1.0,True
direct-27018,150500,875,875,1.0,0.9956287913544376,1.0,True
direct-27018,151000,875,875,1.0,0.9956287913544376,1.0,True
direct-27018,151500,875,875,1.0,0.9956287913544376,1.0,True
direct-27018,152000,875,875,1.0,0.9956287913544376,1.0,True
direct-27018,152500,875,875,1.0,0.9956287913544376,1.0,True
direct-27018,153000,875,875,1.0,0.9956287913544376,1.0,True
direct-27018,153500,875,875,1.0,0.9956287913544376,1.0,True
direct-27018,154000,875,875,1.0,0.9956287913544376,1.0,True
direct-27018,154500,875,875,1.0,0.9956287913544376,1.0,True
direct-27018,155000,875,875,1.0,0.9956287913544376,1.0,True
direct-27018,155500,875,875,1.0,0.9956287913544376,1.0,True
direct-27018,156000,875,875,1.0,0.9956287913544376,1.0,True
direct-27018,156500,875,875,1.0,0.9956287913544376,1.0,True
direct-27018,157000,875,875,1.0,0.9956287913544376,1.0,True
direct-27018,157500,875,875,1.0,0.9956287913544376,1.0,True
direct-27018,158000,875,875,1.0,0.9956287913544376,1.0,True
direct-27018,158500,873,873,1.0,0.9956188210048429,1.0,True
direct-27018,159000,875,875,1.0,0.9956287913544376,1.0,True
direct-27018,159500,874,874,1.0,0.9956238118585403,1.0,True
direct-27018,160000,874,874,1.0,0.9956238118585403,1.0,True
direct-27018,160500,873,873,1.0,0.9956188210048429,1.0,True
direct-27018,161000,874,874,1.0,0.9956238118585403,1.0,True
direct-27018,161500,873,873,1.0,0.9956188210048429,1.0,True
direct-27018,162000,873,873,1.0,0.9956188210048429,1.0,True
direct-27018,162500,874,874,1.0,0.9956238118585403,1.0,True
direct-27018,163000,874,874,1.0,0.9956238118585403,1.0,True
direct-27018,163500,873,873,1.0,0.9956188210048429,1.0,True
direct-27018,164000,875,875,1.0,0.9956287913544376,1.0,True
direct-27018,164500,875,875,1.0,0.9956287913544376,1.0,True
direct-27018,165000,875,875,1.0,0.9956287913544376,1.0,True
direct-27018,165500,873,873,1.0,0.9956188210048429,1.0,True
direct-27018,166000,875,875,1.0,0.9956287913544376,1.0,True
direct-27018,166500,872,872,1.0,0.9956138187544413,0.9999999999999999,True
direct-27018,167000,872,872,1.0,0.9956138187544413,0.9999999999999999,True
direct-27018,167500,875,875,1.0,0.9956287913544376,1.0,True
direct-27018,168000,875,875,1.0,0.9956287913544376,1.0,True
direct-27018,168500,877,877,1.0,0.995638716427562,1.0,True
direct-27018,169000,875,875,1.0,0.9956287913544376,1.0,True
direct-27018,169500,875,875,1.0,0.9956287913544376,1.0,True
direct-27018,170000,875,875,1.0,0.9956287913544376,1.0,True
direct-27018,170500,876,876,1.0,0.995633759531261,1.0,True
direct-27018,171000,876,876,1.0,0.995633759531261,1.0,True
direct-27018,171500,879,879,1.0,0.9956485965319258,0.9999999999999999,True
direct-27018,172000,880,880,1.0,0.9956535198162204,1.0,True
direct-27018,172500,875,875,1.0,0.9956287913544376,1.0,True
direct-27018,173000,874,874,1.0,0.9956238118585403,1.0,True
direct-27018,173500,875,875,1.0,0.9956287913544376,1.0,True
direct-27018,174000,876,876,1.0,0.995633759531261,1.0,True
direct-27018,174500,877,877,1.0,0.995638716427562,1.0,True
direct-27018,175000,875,875,1.0,0.9956287913544376,1.0,True
direct-27018,175500,874,874,1.0,0.9956238118585403,1.0,True
direct-27018,176000,872,872,1.0,0.9956138187544413,0.9999999999999999,True
direct-27018,176500,875,875,1.0,0.9956287913544376,1.0,True
direct-27018,177000,873,873,1.0,0.9956188210048429,1.0,True
direct-27018,177500,873,873,1.0,0.9956188210048429,1.0,True
direct-27018,178000,874,874,1.0,0.9956238118585403,1.0,True
direct-27018,178500,874,874,1.0,0.9956238118585403,1.0,True
direct-27018,179000,873,873,1.0,0.9956188210048429,1.0,True
direct-27018,179500,874,874,1.0,0.9956238118585403,1.0,True
direct-27018,180000,873,873,1.0,0.9956188210048429,1.0,True
direct-27018,180500,872,872,1.0,0.9956138187544413,0.9999999999999999,True
direct-27018,181000,873,873,1.0,0.9956188210048429,1.0,True
direct-27018,181500,872,872,1.0,0.9956138187544413,0.9999999999999999,True
direct-27018,182000,873,873,1.0,0.9956188210048429,1.0,True
direct-27018,182500,873,873,1.0,0.9956188210048429,1.0,True
direct-27018,183000,872,872,1.0,0.9956138187544413,0.9999999999999999,True
direct-27018,183500,872,872,1.0,0.9956138187544413,0.9999999999999999,True
direct-27018,184000,872,872,1.0,0.9956138187544413,0.9999999999999999,True
direct-27018,184500,873,873,1.0,0.9956188210048429,1.0,True
direct-27018,185000,872,872,1.0,0.9956138187544413,0.9999999999999999,True
direct-27018,185500,872,872,1.0,0.9956138187544413,0.9999999999999999,True
direct-27018,186000,870,870,1.0,0.9956037799070222,1.0,True
direct-27018,186500,870,870,1.0,0.9956037799070222,1.0,True
direct-27018,187000,871,871,1.0,0.9956088050682548,1.0,True
direct-27018,187500,873,873,1.0,0.9956188210048429,1.0,True
direct-27018,188000,873,873,1.0,0.9956188210048429,1.0,True
direct-27018,188500,875,875,1.0,0.9956287913544376,1.0,True
direct-27018,189000,875,875,1.0,0.9956287913544376,1.0,True
direct-27018,189500,873,873,1.0,0.9956188210048429,1.0,True
direct-27018,190000,876,876,1.0,0.995633759531261,1.0,True
direct-27018,190500,878,878,1.0,0.9956436620817164,1.0,True
direct-27018,191000,878,878,1.0,0.9956436620817164,1.0,True
direct-27018,191500,878,878,1.0,0.9956436620817164,1.0,True
direct-27018,192000,876,876,1.0,0.995633759531261,1.0,True
direct-27018,192500,876,876,1.0,0.995633759531261,1.0,True
direct-27018,193000,875,875,1.0,0.9956287913544376,1.0,True
direct-27018,193500,876,876,1.0,0.995633759531261,1.0,True
direct-27018,194000,876,876,1.0,0.995633759531261,1.0,True
direct-27018,194500,877,877,1.0,0.995638716427562,1.0,True
direct-27018,195000,872,872,1.0,0.9956138187544413,0.9999999999999999,True
direct-27018,195500,852,852,1.0,0.9955113189169584,1.0,True
direct-27018,196000,829,829,1.0,0.9953873581723103,1.0,True
direct-27018,196500,807,807,1.0,0.9952622065764755,0.9999999999999999,True
direct-27018,197000,791,791,1.0,0.995166835756961,1.0,True
direct-27018,197500,774,774,1.0,0.9950612052633853,1.0,True
direct-27018,198000,750,750,1.0,0.9949039692158141,1.0,True
direct-27018,198500,731,731,1.0,0.9947722066905302,1.0,True
direct-27018,199000,718,718,1.0,0.9946780567925151,1.0,True
direct-27018,199500,684,684,1.0,0.9944149932193691,1.0,True
direct-27018,200000,198,198,1.0,0.9809672535295005,1.0,True
direct-27018,200500,171,171,1.0,0.978028112302793,1.0,True
direct-27018,201000,151,151,1.0,0.9751901297842439,0.9999999999999999,True
direct-27018,201500,128,128,1.0,0.9708620041018919,0.9999999999999999,True
direct-27018,202000,107,107,1.0,0.9653415324210404,1.0,True
direct-27018,202500,79,79,1.0,0.9536271631644004,1.0,True
direct-27018,203000,62,62,1.0,0.9416539087749995,1.0,True
direct-27018,203500,41,41,1.0,0.9143295511310926,1.0,True
direct-27019,0,30,938,0.031982942430703626,0.022493458290083583,0.04529033890044188,True
direct-27019,500,732,885,0.8271186440677966,0.8008046146335371,0.8506050403601083,True
direct-27019,1000,881,887,0.9932356257046223,0.9853209755592949,0.9968962895527071,True
direct-27019,1500,888,888,1.0,0.9956925086248501,1.0,True
direct-27019,2000,893,893,1.0,0.9957165234083698,0.9999999999999998,True
direct-27019,2500,893,893,1.0,0.9957165234083698,0.9999999999999998,True
direct-27019,3000,890,890,1.0,0.9957021467785793,1.0,True
direct-27019,3500,888,888,1.0,0.9956925086248501,1.0,True
direct-27019,4000,890,890,1.0,0.9957021467785793,1.0,True
direct-27019,4500,888,888,1.0,0.9956925086248501,1.0,True
direct-27019,5000,887,887,1.0,0.9956876733192523,1.0,True
direct-27019,5500,891,891,1.0,0.9957069496992542,1.0,True
direct-27019,6000,888,888,1.0,0.9956925086248501,1.0,True
direct-27019,6500,889,889,1.0,0.9956973330991744,0.9999999999999999,True
direct-27019,7000,888,888,1.0,0.9956925086248501,1.0,True
direct-27019,7500,890,890,1.0,0.9957021467785793,1.0,True
direct-27019,8000,888,888,1.0,0.9956925086248501,1.0,True
direct-27019,8500,887,887,1.0,0.9956876733192523,1.0,True
direct-27019,9000,885,885,1.0,0.9956779700680075,0.9999999999999999,True
direct-27019,9500,892,892,1.0,0.9957117418972284,1.0,True
direct-27019,10000,886,886,1.0,0.9956828271458652,1.0,True
direct-27019,10500,884,884,1.0,0.9956731020488339,1.0,True
direct-27019,11000,884,884,1.0,0.9956731020488339,1.0,True
direct-27019,11500,883,883,1.0,0.9956682230513316,0.9999999999999998,True
direct-27019,12000,882,882,1.0,0.9956633330383221,1.0,True
direct-27019,12500,880,880,1.0,0.9956535198162204,1.0,True
direct-27019,13000,880,880,1.0,0.9956535198162204,1.0,True
direct-27019,13500,880,880,1.0,0.9956535198162204,1.0,True
direct-27019,14000,880,880,1.0,0.9956535198162204,1.0,True
direct-27019,14500,880,880,1.0,0.9956535198162204,1.0,True
direct-27019,15000,880,880,1.0,0.9956535198162204,1.0,True
direct-27019,15500,881,881,1.0,0.9956584319724571,1.0,True
direct-27019,16000,882,882,1.0,0.9956633330383221,1.0,True
direct-27019,16500,880,880,1.0,0.9956535198162204,1.0,True
direct-27019,17000,876,876,1.0,0.995633759531261,1.0,True
direct-27019,17500,874,874,1.0,0.9956238118585403,1.0,True
direct-27019,18000,874,874,1.0,0.9956238118585403,1.0,True
direct-27019,18500,876,876,1.0,0.995633759531261,1.0,True
direct-27019,19000,874,874,1.0,0.9956238118585403,1.0,True
direct-27019,19500,881,881,1.0,0.9956584319724571,1.0,True
direct-27019,20000,873,873,1.0,0.9956188210048429,1.0,True
direct-27019,20500,877,877,1.0,0.995638716427562,1.0,True
direct-27019,21000,873,873,1.0,0.9956188210048429,1.0,True
direct-27019,21500,877,877,1.0,0.995638716427562,1.0,True
direct-27019,22000,876,876,1.0,0.995633759531261,1.0,True
direct-27019,22500,878,878,1.0,0.9956436620817164,1.0,True
direct-27019,23000,876,876,1.0,0.995633759531261,1.0,True
direct-27019,23500,876,876,1.0,0.995633759531261,1.0,True
direct-27019,24000,876,876,1.0,0.995633759531261,1.0,True
direct-27019,24500,875,875,1.0,0.9956287913544376,1.0,True
direct-27019,25000,877,877,1.0,0.995638716427562,1.0,True
direct-27019,25500,877,877,1.0,0.995638716427562,1.0,True
direct-27019,26000,878,878,1.0,0.9956436620817164,1.0,True
direct-27019,26500,878,878,1.0,0.9956436620817164,1.0,True
direct-27019,27000,879,879,1.0,0.9956485965319258,0.9999999999999999,True
direct-27019,27500,879,879,1.0,0.9956485965319258,0.9999999999999999,True
direct-27019,28000,880,880,1.0,0.9956535198162204,1.0,True
direct-27019,28500,879,879,1.0,0.9956485965319258,0.9999999999999999,True
direct-27019,29000,881,881,1.0,0.9956584319724571,1.0,True
direct-27019,29500,880,880,1.0,0.9956535198162204,1.0,True
direct-27019,30000,880,880,1.0,0.9956535198162204,1.0,True
direct-27019,30500,877,877,1.0,0.995638716427562,1.0,True
direct-27019,31000,880,880,1.0,0.9956535198162204,1.0,True
direct-27019,31500,881,881,1.0,0.9956584319724571,1.0,True
direct-27019,32000,881,881,1.0,0.9956584319724571,1.0,True
direct-27019,32500,882,882,1.0,0.9956633330383221,1.0,True
direct-27019,33000,881,881,1.0,0.9956584319724571,1.0,True
direct-27019,33500,880,880,1.0,0.9956535198162204,1.0,True
direct-27019,34000,883,883,1.0,0.9956682230513316,0.9999999999999998,True
direct-27019,34500,881,881,1.0,0.9956584319724571,1.0,True
direct-27019,35000,881,881,1.0,0.9956584319724571,1.0,True
direct-27019,35500,881,881,1.0,0.9956584319724571,1.0,True
direct-27019,36000,882,882,1.0,0.9956633330383221,1.0,True
direct-27019,36500,881,881,1.0,0.9956584319724571,1.0,True
direct-27019,37000,880,880,1.0,0.9956535198162204,1.0,True
direct-27019,37500,882,882,1.0,0.9956633330383221,1.0,True
direct-27019,38000,878,878,1.0,0.9956436620817164,1.0,True
direct-27019,38500,878,878,1.0,0.9956436620817164,1.0,True
direct-27019,39000,878,878,1.0,0.9956436620817164,1.0,True
direct-27019,39500,878,878,1.0,0.9956436620817164,1.0,True
direct-27019,40000,877,877,1.0,0.995638716427562,1.0,True
direct-27019,40500,878,878,1.0,0.9956436620817164,1.0,True
direct-27019,41000,879,879,1.0,0.9956485965319258,0.9999999999999999,True
direct-27019,41500,878,878,1.0,0.9956436620817164,1.0,True
direct-27019,42000,878,878,1.0,0.9956436620817164,1.0,True
direct-27019,42500,878,878,1.0,0.9956436620817164,1.0,True
direct-27019,43000,878,878,1.0,0.9956436620817164,1.0,True
direct-27019,43500,878,878,1.0,0.9956436620817164,1.0,True
direct-27019,44000,878,878,1.0,0.9956436620817164,1.0,True
direct-27019,44500,878,878,1.0,0.9956436620817164,1.0,True
direct-27019,45000,878,878,1.0,0.9956436620817164,1.0,True
direct-27019,45500,878,878,1.0,0.9956436620817164,1.0,True
direct-27019,46000,878,878,1.0,0.9956436620817164,1.0,True
direct-27019,46500,878,878,1.0,0.9956436620817164,1.0,True
direct-27019,47000,877,877,1.0,0.995638716427562,1.0,True
direct-27019,47500,879,879,1.0,0.9956485965319258,0.9999999999999999,True
direct-27019,48000,878,878,1.0,0.9956436620817164,1.0,True
direct-27019,48500,878,878,1.0,0.9956436620817164,1.0,True
direct-27019,49000,878,878,1.0,0.9956436620817164,1.0,True
direct-27019,49500,878,878,1.0,0.9956436620817164,1.0,True
direct-27019,50000,878,878,1.0,0.9956436620817164,1.0,True
direct-27019,50500,878,878,1.0,0.9956436620817164,1.0,True
direct-27019,51000,877,877,1.0,0.995638716427562,1.0,True
direct-27019,51500,877,877,1.0,0.995638716427562,1.0,True
direct-27019,52000,877,877,1.0,0.995638716427562,1.0,True
direct-27019,52500,877,877,1.0,0.995638716427562,1.0,True
direct-27019,53000,877,877,1.0,0.995638716427562,1.0,True
direct-27019,53500,876,876,1.0,0.995633759531261,1.0,True
direct-27019,54000,878,878,1.0,0.9956436620817164,1.0,True
direct-27019,54500,877,877,1.0,0.995638716427562,1.0,True
direct-27019,55000,877,877,1.0,0.995638716427562,1.0,True
direct-27019,55500,877,877,1.0,0.995638716427562,1.0,True
direct-27019,56000,877,877,1.0,0.995638716427562,1.0,True
direct-27019,56500,877,877,1.0,0.995638716427562,1.0,True
direct-27019,57000,877,877,1.0,0.995638716427562,1.0,True
direct-27019,57500,877,877,1.0,0.995638716427562,1.0,True
direct-27019,58000,877,877,1.0,0.995638716427562,1.0,True
direct-27019,58500,877,877,1.0,0.995638716427562,1.0,True
direct-27019,59000,876,876,1.0,0.995633759531261,1.0,True
direct-27019,59500,877,877,1.0,0.995638716427562,1.0,True
direct-27019,60000,878,878,1.0,0.9956436620817164,1.0,True
direct-27019,60500,877,877,1.0,0.995638716427562,1.0,True
direct-27019,61000,877,877,1.0,0.995638716427562,1.0,True
direct-27019,61500,877,877,1.0,0.995638716427562,1.0,True
direct-27019,62000,877,877,1.0,0.995638716427562,1.0,True
direct-27019,62500,877,877,1.0,0.995638716427562,1.0,True
direct-27019,63000,877,877,1.0,0.995638716427562,1.0,True
direct-27019,63500,877,877,1.0,0.995638716427562,1.0,True
direct-27019,64000,877,877,1.0,0.995638716427562,1.0,True
direct-27019,64500,877,877,1.0,0.995638716427562,1.0,True
direct-27019,65000,877,877,1.0,0.995638716427562,1.0,True
direct-27019,65500,877,877,1.0,0.995638716427562,1.0,True
direct-27019,66000,877,877,1.0,0.995638716427562,1.0,True
direct-27019,66500,877,877,1.0,0.995638716427562,1.0,True
direct-27019,67000,877,877,1.0,0.995638716427562,1.0,True
direct-27019,67500,877,877,1.0,0.995638716427562,1.0,True
direct-27019,68000,877,877,1.0,0.995638716427562,1.0,True
direct-27019,68500,876,876,1.0,0.995633759531261,1.0,True
direct-27019,69000,876,876,1.0,0.995633759531261,1.0,True
direct-27019,69500,876,876,1.0,0.995633759531261,1.0,True
direct-27019,70000,876,876,1.0,0.995633759531261,1.0,True
direct-27019,70500,876,876,1.0,0.995633759531261,1.0,True
direct-27019,71000,876,876,1.0,0.995633759531261,1.0,True
direct-27019,71500,876,876,1.0,0.995633759531261,1.0,True
direct-27019,72000,876,876,1.0,0.995633759531261,1.0,True
direct-27019,72500,876,876,1.0,0.995633759531261,1.0,True
direct-27019,73000,876,876,1.0,0.995633759531261,1.0,True
direct-27019,73500,876,876,1.0,0.995633759531261,1.0,True
direct-27019,74000,875,875,1.0,0.9956287913544376,1.0,True
direct-27019,74500,876,876,1.0,0.995633759531261,1.0,True
direct-27019,75000,876,876,1.0,0.995633759531261,1.0,True
direct-27019,75500,875,875,1.0,0.9956287913544376,1.0,True
direct-27019,76000,876,876,1.0,0.995633759531261,1.0,True
direct-27019,76500,877,877,1.0,0.995638716427562,1.0,True
direct-27019,77000,877,877,1.0,0.995638716427562,1.0,True
direct-27019,77500,876,876,1.0,0.995633759531261,1.0,True
direct-27019,78000,876,876,1.0,0.995633759531261,1.0,True
direct-27019,78500,876,876,1.0,0.995633759531261,1.0,True
direct-27019,79000,875,875,1.0,0.9956287913544376,1.0,True
direct-27019,79500,876,876,1.0,0.995633759531261,1.0,True
direct-27019,80000,877,877,1.0,0.995638716427562,1.0,True
direct-27019,80500,878,878,1.0,0.9956436620817164,1.0,True
direct-27019,81000,880,880,1.0,0.9956535198162204,1.0,True
direct-27019,81500,879,879,1.0,0.9956485965319258,0.9999999999999999,True
direct-27019,82000,880,880,1.0,0.9956535198162204,1.0,True
direct-27019,82500,881,881,1.0,0.9956584319724571,1.0,True
direct-27019,83000,882,882,1.0,0.9956633330383221,1.0,True
direct-27019,83500,881,881,1.0,0.9956584319724571,1.0,True
direct-27019,84000,883,883,1.0,0.9956682230513316,0.9999999999999998,True
direct-27019,84500,879,879,1.0,0.9956485965319258,0.9999999999999999,True
direct-27019,85000,880,880,1.0,0.9956535198162204,1.0,True
direct-27019,85500,879,879,1.0,0.9956485965319258,0.9999999999999999,True
direct-27019,86000,880,880,1.0,0.9956535198162204,1.0,True
direct-27019,86500,877,877,1.0,0.995638716427562,1.0,True
direct-27019,87000,883,883,1.0,0.9956682230513316,0.9999999999999998,True
direct-27019,87500,881,881,1.0,0.9956584319724571,1.0,True
direct-27019,88000,881,881,1.0,0.9956584319724571,1.0,True
direct-27019,88500,879,879,1.0,0.9956485965319258,0.9999999999999999,True
direct-27019,89000,882,882,1.0,0.9956633330383221,1.0,True
direct-27019,89500,877,877,1.0,0.995638716427562,1.0,True
direct-27019,90000,877,877,1.0,0.995638716427562,1.0,True
direct-27019,90500,877,877,1.0,0.995638716427562,1.0,True
direct-27019,91000,877,877,1.0,0.995638716427562,1.0,True
direct-27019,91500,877,877,1.0,0.995638716427562,1.0,True
direct-27019,92000,877,877,1.0,0.995638716427562,1.0,True
direct-27019,92500,876,876,1.0,0.995633759531261,1.0,True
direct-27019,93000,878,878,1.0,0.9956436620817164,1.0,True
direct-27019,93500,877,877,1.0,0.995638716427562,1.0,True
direct-27019,94000,877,877,1.0,0.995638716427562,1.0,True
direct-27019,94500,877,877,1.0,0.995638716427562,1.0,True
direct-27019,95000,877,877,1.0,0.995638716427562,1.0,True
direct-27019,95500,877,877,1.0,0.995638716427562,1.0,True
direct-27019,96000,877,877,1.0,0.995638716427562,1.0,True
direct-27019,96500,877,877,1.0,0.995638716427562,1.0,True
direct-27019,97000,877,877,1.0,0.995638716427562,1.0,True
direct-27019,97500,877,877,1.0,0.995638716427562,1.0,True
direct-27019,98000,877,877,1.0,0.995638716427562,1.0,True
direct-27019,98500,876,876,1.0,0.995633759531261,1.0,True
direct-27019,99000,878,878,1.0,0.9956436620817164,1.0,True
direct-27019,99500,877,877,1.0,0.995638716427562,1.0,True
direct-27019,100000,877,877,1.0,0.995638716427562,1.0,True
direct-27019,100500,877,877,1.0,0.995638716427562,1.0,True
direct-27019,101000,877,877,1.0,0.995638716427562,1.0,True
direct-27019,101500,877,877,1.0,0.995638716427562,1.0,True
direct-27019,102000,877,877,1.0,0.995638716427562,1.0,True
direct-27019,102500,877,877,1.0,0.995638716427562,1.0,True
direct-27019,103000,877,877,1.0,0.995638716427562,1.0,True
direct-27019,103500,877,877,1.0,0.995638716427562,1.0,True
direct-27019,104000,877,877,1.0,0.995638716427562,1.0,True
direct-27019,104500,877,877,1.0,0.995638716427562,1.0,True
direct-27019,105000,877,877,1.0,0.995638716427562,1.0,True
direct-27019,105500,875,875,1.0,0.9956287913544376,1.0,True
direct-27019,106000,877,877,1.0,0.995638716427562,1.0,True
direct-27019,106500,876,876,1.0,0.995633759531261,1.0,True
direct-27019,107000,876,876,1.0,0.995633759531261,1.0,True
direct-27019,107500,874,874,1.0,0.9956238118585403,1.0,True
direct-27019,108000,876,876,1.0,0.995633759531261,1.0,True
direct-27019,108500,876,876,1.0,0.995633759531261,1.0,True
direct-27019,109000,874,874,1.0,0.9956238118585403,1.0,True
direct-27019,109500,875,875,1.0,0.9956287913544376,1.0,True
direct-27019,110000,876,876,1.0,0.995633759531261,1.0,True
direct-27019,110500,876,876,1.0,0.995633759531261,1.0,True
direct-27019,111000,876,876,1.0,0.995633759531261,1.0,True
direct-27019,111500,875,875,1.0,0.9956287913544376,1.0,True
direct-27019,112000,875,875,1.0,0.9956287913544376,1.0,True
direct-27019,112500,876,876,1.0,0.995633759531261,1.0,True
direct-27019,113000,876,876,1.0,0.995633759531261,1.0,True
direct-27019,113500,881,881,1.0,0.9956584319724571,1.0,True
direct-27019,114000,881,881,1.0,0.9956584319724571,1.0,True
direct-27019,114500,880,880,1.0,0.9956535198162204,1.0,True
direct-27019,115000,879,879,1.0,0.9956485965319258,0.9999999999999999,True
direct-27019,115500,879,879,1.0,0.9956485965319258,0.9999999999999999,True
direct-27019,116000,880,880,1.0,0.9956535198162204,1.0,True
direct-27019,116500,882,882,1.0,0.9956633330383221,1.0,True
direct-27019,117000,884,884,1.0,0.9956731020488339,1.0,True
direct-27019,117500,881,881,1.0,0.9956584319724571,1.0,True
direct-27019,118000,885,885,1.0,0.9956779700680075,0.9999999999999999,True
direct-27019,118500,888,888,1.0,0.9956925086248501,1.0,True
direct-27019,119000,886,886,1.0,0.9956828271458652,1.0,True
direct-27019,119500,884,884,1.0,0.9956731020488339,1.0,True
direct-27019,120000,881,881,1.0,0.9956584319724571,1.0,True
direct-27019,120500,880,880,1.0,0.9956535198162204,1.0,True
direct-27019,121000,881,881,1.0,0.9956584319724571,1.0,True
direct-27019,121500,880,880,1.0,0.9956535198162204,1.0,True
direct-27019,122000,880,880,1.0,0.9956535198162204,1.0,True
direct-27019,122500,880,880,1.0,0.9956535198162204,1.0,True
direct-27019,123000,881,881,1.0,0.9956584319724571,1.0,True
direct-27019,123500,879,879,1.0,0.9956485965319258,0.9999999999999999,True
direct-27019,124000,880,880,1.0,0.9956535198162204,1.0,True
direct-27019,124500,880,880,1.0,0.9956535198162204,1.0,True
direct-27019,125000,879,879,1.0,0.9956485965319258,0.9999999999999999,True
direct-27019,125500,880,880,1.0,0.9956535198162204,1.0,True
direct-27019,126000,880,880,1.0,0.9956535198162204,1.0,True
direct-27019,126500,881,881,1.0,0.9956584319724571,1.0,True
direct-27019,127000,878,878,1.0,0.9956436620817164,1.0,True
direct-27019,127500,877,877,1.0,0.995638716427562,1.0,True
direct-27019,128000,878,878,1.0,0.9956436620817164,1.0,True
direct-27019,128500,878,878,1.0,0.9956436620817164,1.0,True
direct-27019,129000,877,877,1.0,0.995638716427562,1.0,True
direct-27019,129500,877,877,1.0,0.995638716427562,1.0,True
direct-27019,130000,877,877,1.0,0.995638716427562,1.0,True
direct-27019,130500,876,876,1.0,0.995633759531261,1.0,True
direct-27019,131000,876,876,1.0,0.995633759531261,1.0,True
direct-27019,131500,876,876,1.0,0.995633759531261,1.0,True
direct-27019,132000,876,876,1.0,0.995633759531261,1.0,True
direct-27019,132500,876,876,1.0,0.995633759531261,1.0,True
direct-27019,133000,876,876,1.0,0.995633759531261,1.0,True
direct-27019,133500,875,875,1.0,0.9956287913544376,1.0,True
direct-27019,134000,877,877,1.0,0.995638716427562,1.0,True
direct-27019,134500,876,876,1.0,0.995633759531261,1.0,True
direct-27019,135000,876,876,1.0,0.995633759531261,1.0,True
direct-27019,135500,876,876,1.0,0.995633759531261,1.0,True
direct-27019,136000,876,876,1.0,0.995633759531261,1.0,True
direct-27019,136500,876,876,1.0,0.995633759531261,1.0,True
direct-27019,137000,876,876,1.0,0.995633759531261,1.0,True
direct-27019,137500,876,876,1.0,0.995633759531261,1.0,True
direct-27019,138000,875,875,1.0,0.9956287913544376,1.0,True
direct-27019,138500,877,877,1.0,0.995638716427562,1.0,True
direct-27019,139000,876,876,1.0,0.995633759531261,1.0,True
direct-27019,139500,876,876,1.0,0.995633759531261,1.0,True
direct-27019,140000,876,876,1.0,0.995633759531261,1.0,True
direct-27019,140500,876,876,1.0,0.995633759531261,1.0,True
direct-27019,141000,876,876,1.0,0.995633759531261,1.0,True
direct-27019,141500,876,876,1.0,0.995633759531261,1.0,True
direct-27019,142000,876,876,1.0,0.995633759531261,1.0,True
direct-27019,142500,875,875,1.0,0.9956287913544376,1.0,True
direct-27019,143000,877,877,1.0,0.995638716427562,1.0,True
direct-27019,143500,875,875,1.0,0.9956287913544376,1.0,True
direct-27019,144000,877,877,1.0,0.995638716427562,1.0,True
direct-27019,144500,876,876,1.0,0.995633759531261,1.0,True
direct-27019,145000,876,876,1.0,0.995633759531261,1.0,True
direct-27019,145500,876,876,1.0,0.995633759531261,1.0,True
direct-27019,146000,876,876,1.0,0.995633759531261,1.0,True
direct-27019,146500,876,876,1.0,0.995633759531261,1.0,True
direct-27019,147000,876,876,1.0,0.995633759531261,1.0,True
direct-27019,147500,875,875,1.0,0.9956287913544376,1.0,True
direct-27019,148000,877,877,1.0,0.995638716427562,1.0,True
direct-27019,148500,875,875,1.0,0.9956287913544376,1.0,True
direct-27019,149000,875,875,1.0,0.9956287913544376,1.0,True
direct-27019,149500,875,875,1.0,0.9956287913544376,1.0,True
direct-27019,150000,876,876,1.0,0.995633759531261,1.0,True
direct-27019,150500,876,876,1.0,0.995633759531261,1.0,True
direct-27019,151000,876,876,1.0,0.995633759531261,1.0,True
direct-27019,151500,876,876,1.0,0.995633759531261,1.0,True
direct-27019,152000,878,878,1.0,0.9956436620817164,1.0,True
direct-27019,152500,877,877,1.0,0.995638716427562,1.0,True
direct-27019,153000,876,876,1.0,0.995633759531261,1.0,True
direct-27019,153500,876,876,1.0,0.995633759531261,1.0,True
direct-27019,154000,875,875,1.0,0.9956287913544376,1.0,True
direct-27019,154500,875,875,1.0,0.9956287913544376,1.0,True
direct-27019,155000,875,875,1.0,0.9956287913544376,1.0,True
direct-27019,155500,875,875,1.0,0.9956287913544376,1.0,True
direct-27019,156000,874,874,1.0,0.9956238118585403,1.0,True
direct-27019,156500,876,876,1.0,0.995633759531261,1.0,True
direct-27019,157000,875,875,1.0,0.9956287913544376,1.0,True
direct-27019,157500,875,875,1.0,0.9956287913544376,1.0,True
direct-27019,158000,875,875,1.0,0.9956287913544376,1.0,True
direct-27019,158500,875,875,1.0,0.9956287913544376,1.0,True
direct-27019,159000,875,875,1.0,0.9956287913544376,1.0,True
direct-27019,159500,874,874,1.0,0.9956238118585403,1.0,True
direct-27019,160000,875,875,1.0,0.9956287913544376,1.0,True
direct-27019,160500,872,872,1.0,0.9956138187544413,0.9999999999999999,True
direct-27019,161000,875,875,1.0,0.9956287913544376,1.0,True
direct-27019,161500,873,873,1.0,0.9956188210048429,1.0,True
direct-27019,162000,874,874,1.0,0.9956238118585403,1.0,True
direct-27019,162500,875,875,1.0,0.9956287913544376,1.0,True
direct-27019,163000,876,876,1.0,0.995633759531261,1.0,True
direct-27019,163500,874,874,1.0,0.9956238118585403,1.0,True
direct-27019,164000,874,874,1.0,0.9956238118585403,1.0,True
direct-27019,164500,874,874,1.0,0.9956238118585403,1.0,True
direct-27019,165000,874,874,1.0,0.9956238118585403,1.0,True
direct-27019,165500,874,874,1.0,0.9956238118585403,1.0,True
direct-27019,166000,873,873,1.0,0.9956188210048429,1.0,True
direct-27019,166500,873,873,1.0,0.9956188210048429,1.0,True
direct-27019,167000,873,873,1.0,0.9956188210048429,1.0,True
direct-27019,167500,872,872,1.0,0.9956138187544413,0.9999999999999999,True
direct-27019,168000,872,872,1.0,0.9956138187544413,0.9999999999999999,True
direct-27019,168500,873,873,1.0,0.9956188210048429,1.0,True
direct-27019,169000,870,870,1.0,0.9956037799070222,1.0,True
direct-27019,169500,874,874,1.0,0.9956238118585403,1.0,True
direct-27019,170000,872,872,1.0,0.9956138187544413,0.9999999999999999,True
direct-27019,170500,872,872,1.0,0.9956138187544413,0.9999999999999999,True
direct-27019,171000,873,873,1.0,0.9956188210048429,1.0,True
direct-27019,171500,879,879,1.0,0.9956485965319258,0.9999999999999999,True
direct-27019,172000,879,879,1.0,0.9956485965319258,0.9999999999999999,True
direct-27019,172500,878,878,1.0,0.9956436620817164,1.0,True
direct-27019,173000,876,876,1.0,0.995633759531261,1.0,True
direct-27019,173500,875,875,1.0,0.9956287913544376,1.0,True
direct-27019,174000,878,878,1.0,0.9956436620817164,1.0,True
direct-27019,174500,876,876,1.0,0.995633759531261,1.0,True
direct-27019,175000,878,878,1.0,0.9956436620817164,1.0,True
direct-27019,175500,882,882,1.0,0.9956633330383221,1.0,True
direct-27019,176000,879,879,1.0,0.9956485965319258,0.9999999999999999,True
direct-27019,176500,878,878,1.0,0.9956436620817164,1.0,True
direct-27019,177000,878,878,1.0,0.9956436620817164,1.0,True
direct-27019,177500,877,877,1.0,0.995638716427562,1.0,True
direct-27019,178000,874,874,1.0,0.9956238118585403,1.0,True
direct-27019,178500,874,874,1.0,0.9956238118585403,1.0,True
direct-27019,179000,874,874,1.0,0.9956238118585403,1.0,True
direct-27019,179500,874,874,1.0,0.9956238118585403,1.0,True
direct-27019,180000,873,873,1.0,0.9956188210048429,1.0,True
direct-27019,180500,875,875,1.0,0.9956287913544376,1.0,True
direct-27019,181000,874,874,1.0,0.9956238118585403,1.0,True
direct-27019,181500,873,873,1.0,0.9956188210048429,1.0,True
direct-27019,182000,873,873,1.0,0.9956188210048429,1.0,True
direct-27019,182500,874,874,1.0,0.9956238118585403,1.0,True
direct-27019,183000,874,874,1.0,0.9956238118585403,1.0,True
direct-27019,183500,874,874,1.0,0.9956238118585403,1.0,True
direct-27019,184000,874,874,1.0,0.9956238118585403,1.0,True
direct-27019,184500,872,872,1.0,0.9956138187544413,0.9999999999999999,True
direct-27019,185000,875,875,1.0,0.9956287913544376,1.0,True
direct-27019,185500,876,876,1.0,0.995633759531261,1.0,True
direct-27019,186000,876,876,1.0,0.995633759531261,1.0,True
direct-27019,186500,875,875,1.0,0.9956287913544376,1.0,True
direct-27019,187000,877,877,1.0,0.995638716427562,1.0,True
direct-27019,187500,875,875,1.0,0.9956287913544376,1.0,True
direct-27019,188000,878,878,1.0,0.9956436620817164,1.0,True
direct-27019,188500,874,874,1.0,0.9956238118585403,1.0,True
direct-27019,189000,878,878,1.0,0.9956436620817164,1.0,True
direct-27019,189500,877,877,1.0,0.995638716427562,1.0,True
direct-27019,190000,875,875,1.0,0.9956287913544376,1.0,True
direct-27019,190500,876,876,1.0,0.995633759531261,1.0,True
direct-27019,191000,877,877,1.0,0.995638716427562,1.0,True
direct-27019,191500,877,877,1.0,0.995638716427562,1.0,True
direct-27019,192000,876,876,1.0,0.995633759531261,1.0,True
direct-27019,192500,876,876,1.0,0.995633759531261,1.0,True
direct-27019,193000,877,877,1.0,0.995638716427562,1.0,True
direct-27019,193500,876,876,1.0,0.995633759531261,1.0,True
direct-27019,194000,876,876,1.0,0.995633759531261,1.0,True
direct-27019,194500,875,875,1.0,0.9956287913544376,1.0,True
direct-27019,195000,858,858,1.0,0.9955425683791547,1.0,True
direct-27019,195500,847,847,1.0,0.9954849410278014,1.0,True
direct-27019,196000,820,820,1.0,0.9953369676889343,1.0,True
direct-27019,196500,800,800,1.0,0.9952209490028883,1.0,True
direct-27019,197000,759,759,1.0,0.9949640921522894,0.9999999999999999,True
direct-27019,197500,743,743,1.0,0.9948562051176582,1.0,True
direct-27019,198000,718,718,1.0,0.9946780567925151,1.0,True
direct-27019,198500,704,704,1.0,0.9945727970777641,0.9999999999999999,True
direct-27019,199000,671,671,1.0,0.9943074048784187,0.9999999999999999,True
direct-27019,199500,646,646,1.0,0.9940884055437511,1.0,True
direct-27019,200000,227,227,1.0,0.9833582855083312,1.0,True
direct-27019,200500,207,207,1.0,0.9817796867411365,0.9999999999999999,True
direct-27019,201000,175,175,1.0,0.9785195390781564,1.0,True
direct-27019,201500,154,154,1.0,0.9756616760093663,0.9999999999999999,True
direct-27019,202000,125,125,1.0,0.9701835432034374,1.0,True
direct-27019,202500,106,106,1.0,0.9650260010779157,0.9999999999999998,True
direct-27019,203000,70,70,1.0,0.9479751251327163,0.9999999999999999,True
direct-27019,203500,48,48,1.0,0.9258973488472576,0.9999999999999999,True
direct-27019,205500,1,1,1.0,0.20654329147389294,1.0,False
direct-27020,0,587,928,0.6325431034482759,0.6010366836280278,0.6629566817679796,True
direct-27020,500,875,884,0.9898190045248869,0.9807645174161225,0.9946346979394095,True
direct-27020,1000,886,886,1.0,0.9956828271458652,1.0,True
direct-27020,1500,884,884,1.0,0.9956731020488339,1.0,True
direct-27020,2000,890,890,1.0,0.9957021467785793,1.0,True
direct-27020,2500,891,891,1.0,0.9957069496992542,1.0,True
direct-27020,3000,891,891,1.0,0.9957069496992542,1.0,True
direct-27020,3500,891,891,1.0,0.9957069496992542,1.0,True
direct-27020,4000,890,890,1.0,0.9957021467785793,1.0,True
direct-27020,4500,883,883,1.0,0.9956682230513316,0.9999999999999998,True
direct-27020,5000,885,885,1.0,0.9956779700680075,0.9999999999999999,True
direct-27020,5500,885,885,1.0,0.9956779700680075,0.9999999999999999,True
direct-27020,6000,886,886,1.0,0.9956828271458652,1.0,True
direct-27020,6500,884,884,1.0,0.9956731020488339,1.0,True
direct-27020,7000,885,885,1.0,0.9956779700680075,0.9999999999999999,True
direct-27020,7500,886,886,1.0,0.9956828271458652,1.0,True
direct-27020,8000,886,886,1.0,0.9956828271458652,1.0,True
direct-27020,8500,883,883,1.0,0.9956682230513316,0.9999999999999998,True
direct-27020,9000,884,884,1.0,0.9956731020488339,1.0,True
direct-27020,9500,885,885,1.0,0.9956779700680075,0.9999999999999999,True
direct-27020,10000,884,884,1.0,0.9956731020488339,1.0,True
direct-27020,10500,885,885,1.0,0.9956779700680075,0.9999999999999999,True
direct-27020,11000,883,883,1.0,0.9956682230513316,0.9999999999999998,True
direct-27020,11500,882,882,1.0,0.9956633330383221,1.0,True
direct-27020,12000,880,880,1.0,0.9956535198162204,1.0,True
direct-27020,12500,880,880,1.0,0.9956535198162204,1.0,True
direct-27020,13000,881,881,1.0,0.9956584319724571,1.0,True
direct-27020,13500,880,880,1.0,0.9956535198162204,1.0,True
direct-27020,14000,880,880,1.0,0.9956535198162204,1.0,True
direct-27020,14500,881,881,1.0,0.9956584319724571,1.0,True
direct-27020,15000,880,880,1.0,0.9956535198162204,1.0,True
direct-27020,15500,881,881,1.0,0.9956584319724571,1.0,True
direct-27020,16000,881,881,1.0,0.9956584319724571,1.0,True
direct-27020,16500,880,880,1.0,0.9956535198162204,1.0,True
direct-27020,17000,879,879,1.0,0.9956485965319258,0.9999999999999999,True
direct-27020,17500,877,877,1.0,0.995638716427562,1.0,True
direct-27020,18000,876,876,1.0,0.995633759531261,1.0,True
direct-27020,18500,876,876,1.0,0.995633759531261,1.0,True
direct-27020,19000,876,876,1.0,0.995633759531261,1.0,True
direct-27020,19500,876,876,1.0,0.995633759531261,1.0,True
direct-27020,20000,875,875,1.0,0.9956287913544376,1.0,True
direct-27020,20500,876,876,1.0,0.995633759531261,1.0,True
direct-27020,21000,877,877,1.0,0.995638716427562,1.0,True
direct-27020,21500,876,876,1.0,0.995633759531261,1.0,True
direct-27020,22000,876,876,1.0,0.995633759531261,1.0,True
direct-27020,22500,876,876,1.0,0.995633759531261,1.0,True
direct-27020,23000,876,876,1.0,0.995633759531261,1.0,True
direct-27020,23500,876,876,1.0,0.995633759531261,1.0,True
direct-27020,24000,876,876,1.0,0.995633759531261,1.0,True
direct-27020,24500,876,876,1.0,0.995633759531261,1.0,True
direct-27020,25000,876,876,1.0,0.995633759531261,1.0,True
direct-27020,25500,876,876,1.0,0.995633759531261,1.0,True
direct-27020,26000,876,876,1.0,0.995633759531261,1.0,True
direct-27020,26500,876,876,1.0,0.995633759531261,1.0,True
direct-27020,27000,879,879,1.0,0.9956485965319258,0.9999999999999999,True
direct-27020,27500,880,880,1.0,0.9956535198162204,1.0,True
direct-27020,28000,880,880,1.0,0.9956535198162204,1.0,True
direct-27020,28500,880,880,1.0,0.9956535198162204,1.0,True
direct-27020,29000,880,880,1.0,0.9956535198162204,1.0,True
direct-27020,29500,880,880,1.0,0.9956535198162204,1.0,True
direct-27020,30000,878,878,1.0,0.9956436620817164,1.0,True
direct-27020,30500,877,877,1.0,0.995638716427562,1.0,True
direct-27020,31000,877,877,1.0,0.995638716427562,1.0,True
direct-27020,31500,877,877,1.0,0.995638716427562,1.0,True
direct-27020,32000,877,877,1.0,0.995638716427562,1.0,True
direct-27020,32500,877,877,1.0,0.995638716427562,1.0,True
direct-27020,33000,877,877,1.0,0.995638716427562,1.0,True
direct-27020,33500,877,877,1.0,0.995638716427562,1.0,True
direct-27020,34000,877,877,1.0,0.995638716427562,1.0,True
direct-27020,34500,877,877,1.0,0.995638716427562,1.0,True
direct-27020,35000,878,878,1.0,0.9956436620817164,1.0,True
direct-27020,35500,880,880,1.0,0.9956535198162204,1.0,True
direct-27020,36000,881,881,1.0,0.9956584319724571,1.0,True
direct-27020,36500,881,881,1.0,0.9956584319724571,1.0,True
direct-27020,37000,881,881,1.0,0.9956584319724571,1.0,True
direct-27020,37500,881,881,1.0,0.9956584319724571,1.0,True
direct-27020,38000,880,880,1.0,0.9956535198162204,1.0,True
direct-27020,38500,881,881,1.0,0.9956584319724571,1.0,True
direct-27020,39000,879,879,1.0,0.9956485965319258,0.9999999999999999,True
direct-27020,39500,882,882,1.0,0.9956633330383221,1.0,True
direct-27020,40000,881,881,1.0,0.9956584319724571,1.0,True
direct-27020,40500,880,880,1.0,0.9956535198162204,1.0,True
direct-27020,41000,881,881,1.0,0.9956584319724571,1.0,True
direct-27020,41500,880,880,1.0,0.9956535198162204,1.0,True
direct-27020,42000,880,880,1.0,0.9956535198162204,1.0,True
direct-27020,42500,880,880,1.0,0.9956535198162204,1.0,True
direct-27020,43000,880,880,1.0,0.9956535198162204,1.0,True
direct-27020,43500,880,880,1.0,0.9956535198162204,1.0,True
direct-27020,44000,881,881,1.0,0.9956584319724571,1.0,True
direct-27020,44500,880,880,1.0,0.9956535198162204,1.0,True
direct-27020,45000,880,880,1.0,0.9956535198162204,1.0,True
direct-27020,45500,878,878,1.0,0.9956436620817164,1.0,True
direct-27020,46000,878,878,1.0,0.9956436620817164,1.0,True
direct-27020,46500,878,878,1.0,0.9956436620817164,1.0,True
direct-27020,47000,878,878,1.0,0.9956436620817164,1.0,True
direct-27020,47500,878,878,1.0,0.9956436620817164,1.0,True
direct-27020,48000,878,878,1.0,0.9956436620817164,1.0,True
direct-27020,48500,878,878,1.0,0.9956436620817164,1.0,True
direct-27020,49000,878,878,1.0,0.9956436620817164,1.0,True
direct-27020,49500,878,878,1.0,0.9956436620817164,1.0,True
direct-27020,50000,878,878,1.0,0.9956436620817164,1.0,True
direct-27020,50500,878,878,1.0,0.9956436620817164,1.0,True
direct-27020,51000,878,878,1.0,0.9956436620817164,1.0,True
direct-27020,51500,878,878,1.0,0.9956436620817164,1.0,True
direct-27020,52000,878,878,1.0,0.9956436620817164,1.0,True
direct-27020,52500,878,878,1.0,0.9956436620817164,1.0,True
direct-27020,53000,878,878,1.0,0.9956436620817164,1.0,True
direct-27020,53500,877,877,1.0,0.995638716427562,1.0,True
direct-27020,54000,879,879,1.0,0.9956485965319258,0.9999999999999999,True
direct-27020,54500,877,877,1.0,0.995638716427562,1.0,True
direct-27020,55000,877,877,1.0,0.995638716427562,1.0,True
direct-27020,55500,877,877,1.0,0.995638716427562,1.0,True
direct-27020,56000,877,877,1.0,0.995638716427562,1.0,True
direct-27020,56500,877,877,1.0,0.995638716427562,1.0,True
direct-27020,57000,877,877,1.0,0.995638716427562,1.0,True
direct-27020,57500,876,876,1.0,0.995633759531261,1.0,True
direct-27020,58000,877,877,1.0,0.995638716427562,1.0,True
direct-27020,58500,878,878,1.0,0.9956436620817164,1.0,True
direct-27020,59000,877,877,1.0,0.995638716427562,1.0,True
direct-27020,59500,876,876,1.0,0.995633759531261,1.0,True
direct-27020,60000,878,878,1.0,0.9956436620817164,1.0,True
direct-27020,60500,877,877,1.0,0.995638716427562,1.0,True
direct-27020,61000,876,876,1.0,0.995633759531261,1.0,True
direct-27020,61500,878,878,1.0,0.9956436620817164,1.0,True
direct-27020,62000,877,877,1.0,0.995638716427562,1.0,True
direct-27020,62500,877,877,1.0,0.995638716427562,1.0,True
direct-27020,63000,877,877,1.0,0.995638716427562,1.0,True
direct-27020,63500,877,877,1.0,0.995638716427562,1.0,True
direct-27020,64000,877,877,1.0,0.995638716427562,1.0,True
direct-27020,64500,875,875,1.0,0.9956287913544376,1.0,True
direct-27020,65000,878,878,1.0,0.9956436620817164,1.0,True
direct-27020,65500,877,877,1.0,0.995638716427562,1.0,True
direct-27020,66000,877,877,1.0,0.995638716427562,1.0,True
direct-27020,66500,877,877,1.0,0.995638716427562,1.0,True
direct-27020,67000,876,876,1.0,0.995633759531261,1.0,True
direct-27020,67500,876,876,1.0,0.995633759531261,1.0,True
direct-27020,68000,875,875,1.0,0.9956287913544376,1.0,True
direct-27020,68500,878,878,1.0,0.9956436620817164,1.0,True
direct-27020,69000,876,876,1.0,0.995633759531261,1.0,True
direct-27020,69500,876,876,1.0,0.995633759531261,1.0,True
direct-27020,70000,875,875,1.0,0.9956287913544376,1.0,True
direct-27020,70500,877,877,1.0,0.995638716427562,1.0,True
direct-27020,71000,876,876,1.0,0.995633759531261,1.0,True
direct-27020,71500,875,875,1.0,0.9956287913544376,1.0,True
direct-27020,72000,876,876,1.0,0.995633759531261,1.0,True
direct-27020,72500,875,875,1.0,0.9956287913544376,1.0,True
direct-27020,73000,875,875,1.0,0.9956287913544376,1.0,True
direct-27020,73500,875,875,1.0,0.9956287913544376,1.0,True
direct-27020,74000,874,874,1.0,0.9956238118585403,1.0,True
direct-27020,74500,876,876,1.0,0.995633759531261,1.0,True
direct-27020,75000,875,875,1.0,0.9956287913544376,1.0,True
direct-27020,75500,875,875,1.0,0.9956287913544376,1.0,True
direct-27020,76000,877,877,1.0,0.995638716427562,1.0,True
direct-27020,76500,876,876,1.0,0.995633759531261,1.0,True
direct-27020,77000,876,876,1.0,0.995633759531261,1.0,True
direct-27020,77500,875,875,1.0,0.9956287913544376,1.0,True
direct-27020,78000,878,878,1.0,0.9956436620817164,1.0,True
direct-27020,78500,877,877,1.0,0.995638716427562,1.0,True
direct-27020,79000,877,877,1.0,0.995638716427562,1.0,True
direct-27020,79500,877,877,1.0,0.995638716427562,1.0,True
direct-27020,80000,878,878,1.0,0.9956436620817164,1.0,True
direct-27020,80500,876,876,1.0,0.995633759531261,1.0,True
direct-27020,81000,877,877,1.0,0.995638716427562,1.0,True
direct-27020,81500,876,876,1.0,0.995633759531261,1.0,True
direct-27020,82000,876,876,1.0,0.995633759531261,1.0,True
direct-27020,82500,876,876,1.0,0.995633759531261,1.0,True
direct-27020,83000,877,877,1.0,0.995638716427562,1.0,True
direct-27020,83500,879,879,1.0,0.9956485965319258,0.9999999999999999,True
direct-27020,84000,879,879,1.0,0.9956485965319258,0.9999999999999999,True
direct-27020,84500,880,880,1.0,0.9956535198162204,1.0,True
direct-27020,85000,880,880,1.0,0.9956535198162204,1.0,True
direct-27020,85500,880,880,1.0,0.9956535198162204,1.0,True
direct-27020,86000,880,880,1.0,0.9956535198162204,1.0,True
direct-27020,86500,880,880,1.0,0.9956535198162204,1.0,True
direct-27020,87000,879,879,1.0,0.9956485965319258,0.9999999999999999,True
direct-27020,87500,880,880,1.0,0.9956535198162204,1.0,True
direct-27020,88000,881,881,1.0,0.9956584319724571,1.0,True
direct-27020,88500,881,881,1.0,0.9956584319724571,1.0,True
direct-27020,89000,879,879,1.0,0.9956485965319258,0.9999999999999999,True
direct-27020,89500,880,880,1.0,0.9956535198162204,1.0,True
direct-27020,90000,880,880,1.0,0.9956535198162204,1.0,True
direct-27020,90500,880,880,1.0,0.9956535198162204,1.0,True
direct-27020,91000,880,880,1.0,0.9956535198162204,1.0,True
direct-27020,91500,880,880,1.0,0.9956535198162204,1.0,True
direct-27020,92000,880,880,1.0,0.9956535198162204,1.0,True
direct-27020,92500,880,880,1.0,0.9956535198162204,1.0,True
direct-27020,93000,879,879,1.0,0.9956485965319258,0.9999999999999999,True
direct-27020,93500,877,877,1.0,0.995638716427562,1.0,True
direct-27020,94000,877,877,1.0,0.995638716427562,1.0,True
direct-27020,94500,877,877,1.0,0.995638716427562,1.0,True
direct-27020,95000,876,876,1.0,0.995633759531261,1.0,True
direct-27020,95500,877,877,1.0,0.995638716427562,1.0,True
direct-27020,96000,878,878,1.0,0.9956436620817164,1.0,True
direct-27020,96500,877,877,1.0,0.995638716427562,1.0,True
direct-27020,97000,877,877,1.0,0.995638716427562,1.0,True
direct-27020,97500,877,877,1.0,0.995638716427562,1.0,True
direct-27020,98000,876,876,1.0,0.995633759531261,1.0,True
direct-27020,98500,878,878,1.0,0.9956436620817164,1.0,True
direct-27020,99000,877,877,1.0,0.995638716427562,1.0,True
direct-27020,99500,876,876,1.0,0.995633759531261,1.0,True
direct-27020,100000,875,875,1.0,0.9956287913544376,1.0,True
direct-27020,100500,876,876,1.0,0.995633759531261,1.0,True
direct-27020,101000,877,877,1.0,0.995638716427562,1.0,True
direct-27020,101500,877,877,1.0,0.995638716427562,1.0,True
direct-27020,102000,877,877,1.0,0.995638716427562,1.0,True
direct-27020,102500,877,877,1.0,0.995638716427562,1.0,True
direct-27020,103000,876,876,1.0,0.995633759531261,1.0,True
direct-27020,103500,875,875,1.0,0.9956287913544376,1.0,True
direct-27020,104000,878,878,1.0,0.9956436620817164,1.0,True
direct-27020,104500,876,876,1.0,0.995633759531261,1.0,True
direct-27020,105000,877,877,1.0,0.995638716427562,1.0,True
direct-27020,105500,876,876,1.0,0.995633759531261,1.0,True
direct-27020,106000,877,877,1.0,0.995638716427562,1.0,True
direct-27020,106500,875,875,1.0,0.9956287913544376,1.0,True
direct-27020,107000,878,878,1.0,0.9956436620817164,1.0,True
direct-27020,107500,877,877,1.0,0.995638716427562,1.0,True
direct-27020,108000,874,874,1.0,0.9956238118585403,1.0,True
direct-27020,108500,873,873,1.0,0.9956188210048429,1.0,True
direct-27020,109000,850,850,1.0,0.9955008048331212,0.9999999999999999,True
direct-27020,109500,866,866,1.0,0.995583563720107,0.9999999999999999,True
direct-27020,110000,885,885,1.0,0.9956779700680075,0.9999999999999999,True
direct-27020,110500,897,897,1.0,0.9957355432964019,1.0,True
direct-27020,111000,880,880,1.0,0.9956535198162204,1.0,True
direct-27020,111500,875,875,1.0,0.9956287913544376,1.0,True
direct-27020,112000,878,878,1.0,0.9956436620817164,1.0,True
direct-27020,112500,878,878,1.0,0.9956436620817164,1.0,True
direct-27020,113000,880,880,1.0,0.9956535198162204,1.0,True
direct-27020,113500,879,879,1.0,0.9956485965319258,0.9999999999999999,True
direct-27020,114000,878,878,1.0,0.9956436620817164,1.0,True
direct-27020,114500,880,880,1.0,0.9956535198162204,1.0,True
direct-27020,115000,879,879,1.0,0.9956485965319258,0.9999999999999999,True
direct-27020,115500,878,878,1.0,0.9956436620817164,1.0,True
direct-27020,116000,879,879,1.0,0.9956485965319258,0.9999999999999999,True
direct-27020,116500,880,880,1.0,0.9956535198162204,1.0,True
direct-27020,117000,884,884,1.0,0.9956731020488339,1.0,True
direct-27020,117500,883,883,1.0,0.9956682230513316,0.9999999999999998,True
direct-27020,118000,881,881,1.0,0.9956584319724571,1.0,True
direct-27020,118500,885,885,1.0,0.9956779700680075,0.9999999999999999,True
direct-27020,119000,882,882,1.0,0.9956633330383221,1.0,True
direct-27020,119500,885,885,1.0,0.9956779700680075,0.9999999999999999,True
direct-27020,120000,881,881,1.0,0.9956584319724571,1.0,True
direct-27020,120500,884,884,1.0,0.9956731020488339,1.0,True
direct-27020,121000,883,883,1.0,0.9956682230513316,0.9999999999999998,True
direct-27020,121500,882,882,1.0,0.9956633330383221,1.0,True
direct-27020,122000,881,881,1.0,0.9956584319724571,1.0,True
direct-27020,122500,881,881,1.0,0.9956584319724571,1.0,True
direct-27020,123000,879,879,1.0,0.9956485965319258,0.9999999999999999,True
direct-27020,123500,884,884,1.0,0.9956731020488339,1.0,True
direct-27020,124000,881,881,1.0,0.9956584319724571,1.0,True
direct-27020,124500,881,881,1.0,0.9956584319724571,1.0,True
direct-27020,125000,879,879,1.0,0.9956485965319258,0.9999999999999999,True
direct-27020,125500,878,878,1.0,0.9956436620817164,1.0,True
direct-27020,126000,877,877,1.0,0.995638716427562,1.0,True
direct-27020,126500,875,875,1.0,0.9956287913544376,1.0,True
direct-27020,127000,877,877,1.0,0.995638716427562,1.0,True
direct-27020,127500,878,878,1.0,0.9956436620817164,1.0,True
direct-27020,128000,877,877,1.0,0.995638716427562,1.0,True
direct-27020,128500,878,878,1.0,0.9956436620817164,1.0,True
direct-27020,129000,877,877,1.0,0.995638716427562,1.0,True
direct-27020,129500,877,877,1.0,0.995638716427562,1.0,True
direct-27020,130000,877,877,1.0,0.995638716427562,1.0,True
direct-27020,130500,877,877,1.0,0.995638716427562,1.0,True
direct-27020,131000,876,876,1.0,0.995633759531261,1.0,True
direct-27020,131500,876,876,1.0,0.995633759531261,1.0,True
direct-27020,132000,877,877,1.0,0.995638716427562,1.0,True
direct-27020,132500,876,876,1.0,0.995633759531261,1.0,True
direct-27020,133000,875,875,1.0,0.9956287913544376,1.0,True
direct-27020,133500,877,877,1.0,0.995638716427562,1.0,True
direct-27020,134000,876,876,1.0,0.995633759531261,1.0,True
direct-27020,134500,876,876,1.0,0.995633759531261,1.0,True
direct-27020,135000,875,875,1.0,0.9956287913544376,1.0,True
direct-27020,135500,877,877,1.0,0.995638716427562,1.0,True
direct-27020,136000,876,876,1.0,0.995633759531261,1.0,True
direct-27020,136500,876,876,1.0,0.995633759531261,1.0,True
direct-27020,137000,876,876,1.0,0.995633759531261,1.0,True
direct-27020,137500,875,875,1.0,0.9956287913544376,1.0,True
direct-27020,138000,876,876,1.0,0.995633759531261,1.0,True
direct-27020,138500,876,876,1.0,0.995633759531261,1.0,True
direct-27020,139000,875,875,1.0,0.9956287913544376,1.0,True
direct-27020,139500,876,876,1.0,0.995633759531261,1.0,True
direct-27020,140000,875,875,1.0,0.9956287913544376,1.0,True
direct-27020,140500,876,876,1.0,0.995633759531261,1.0,True
direct-27020,141000,876,876,1.0,0.995633759531261,1.0,True
direct-27020,141500,874,874,1.0,0.9956238118585403,1.0,True
direct-27020,142000,878,878,1.0,0.9956436620817164,1.0,True
direct-27020,142500,877,877,1.0,0.995638716427562,1.0,True
direct-27020,143000,877,877,1.0,0.995638716427562,1.0,True
direct-27020,143500,876,876,1.0,0.995633759531261,1.0,True
direct-27020,144000,878,878,1.0,0.9956436620817164,1.0,True
direct-27020,144500,877,877,1.0,0.995638716427562,1.0,True
direct-27020,145000,878,878,1.0,0.9956436620817164,1.0,True
direct-27020,145500,877,877,1.0,0.995638716427562,1.0,True
direct-27020,146000,876,876,1.0,0.995633759531261,1.0,True
direct-27020,146500,876,876,1.0,0.995633759531261,1.0,True
direct-27020,147000,877,877,1.0,0.995638716427562,1.0,True
direct-27020,147500,876,876,1.0,0.995633759531261,1.0,True
direct-27020,148000,876,876,1.0,0.995633759531261,1.0,True
direct-27020,148500,875,875,1.0,0.9956287913544376,1.0,True
direct-27020,149000,875,875,1.0,0.9956287913544376,1.0,True
direct-27020,149500,877,877,1.0,0.995638716427562,1.0,True
direct-27020,150000,879,879,1.0,0.9956485965319258,0.9999999999999999,True
direct-27020,150500,879,879,1.0,0.9956485965319258,0.9999999999999999,True
direct-27020,151000,877,877,1.0,0.995638716427562,1.0,True
direct-27020,151500,876,876,1.0,0.995633759531261,1.0,True
direct-27020,152000,875,875,1.0,0.9956287913544376,1.0,True
direct-27020,152500,875,875,1.0,0.9956287913544376,1.0,True
direct-27020,153000,875,875,1.0,0.9956287913544376,1.0,True
direct-27020,153500,875,875,1.0,0.9956287913544376,1.0,True
direct-27020,154000,875,875,1.0,0.9956287913544376,1.0,True
direct-27020,154500,875,875,1.0,0.9956287913544376,1.0,True
direct-27020,155000,874,874,1.0,0.9956238118585403,1.0,True
direct-27020,155500,874,874,1.0,0.9956238118585403,1.0,True
direct-27020,156000,875,875,1.0,0.9956287913544376,1.0,True
direct-27020,156500,874,874,1.0,0.9956238118585403,1.0,True
direct-27020,157000,874,874,1.0,0.9956238118585403,1.0,True
direct-27020,157500,874,874,1.0,0.9956238118585403,1.0,True
direct-27020,158000,874,874,1.0,0.9956238118585403,1.0,True
direct-27020,158500,875,875,1.0,0.9956287913544376,1.0,True
direct-27020,159000,874,874,1.0,0.9956238118585403,1.0,True
direct-27020,159500,875,875,1.0,0.9956287913544376,1.0,True
direct-27020,160000,876,876,1.0,0.995633759531261,1.0,True
direct-27020,160500,876,876,1.0,0.995633759531261,1.0,True
direct-27020,161000,875,875,1.0,0.9956287913544376,1.0,True
direct-27020,161500,876,876,1.0,0.995633759531261,1.0,True
direct-27020,162000,876,876,1.0,0.995633759531261,1.0,True
direct-27020,162500,876,876,1.0,0.995633759531261,1.0,True
direct-27020,163000,876,876,1.0,0.995633759531261,1.0,True
direct-27020,163500,876,876,1.0,0.995633759531261,1.0,True
direct-27020,164000,875,875,1.0,0.9956287913544376,1.0,True
direct-27020,164500,875,875,1.0,0.9956287913544376,1.0,True
direct-27020,165000,875,875,1.0,0.9956287913544376,1.0,True
direct-27020,165500,874,874,1.0,0.9956238118585403,1.0,True
direct-27020,166000,874,874,1.0,0.9956238118585403,1.0,True
direct-27020,166500,874,874,1.0,0.9956238118585403,1.0,True
direct-27020,167000,873,873,1.0,0.9956188210048429,1.0,True
direct-27020,167500,874,874,1.0,0.9956238118585403,1.0,True
direct-27020,168000,875,875,1.0,0.9956287913544376,1.0,True
direct-27020,168500,874,874,1.0,0.9956238118585403,1.0,True
direct-27020,169000,874,874,1.0,0.9956238118585403,1.0,True
direct-27020,169500,873,873,1.0,0.9956188210048429,1.0,True
direct-27020,170000,875,875,1.0,0.9956287913544376,1.0,True
direct-27020,170500,874,874,1.0,0.9956238118585403,1.0,True
direct-27020,171000,874,874,1.0,0.9956238118585403,1.0,True
direct-27020,171500,874,874,1.0,0.9956238118585403,1.0,True
direct-27020,172000,874,874,1.0,0.9956238118585403,1.0,True
direct-27020,172500,875,875,1.0,0.9956287913544376,1.0,True
direct-27020,173000,877,877,1.0,0.995638716427562,1.0,True
direct-27020,173500,876,876,1.0,0.995633759531261,1.0,True
direct-27020,174000,876,876,1.0,0.995633759531261,1.0,True
direct-27020,174500,877,877,1.0,0.995638716427562,1.0,True
direct-27020,175000,875,875,1.0,0.9956287913544376,1.0,True
direct-27020,175500,875,875,1.0,0.9956287913544376,1.0,True
direct-27020,176000,874,874,1.0,0.9956238118585403,1.0,True
direct-27020,176500,875,875,1.0,0.9956287913544376,1.0,True
direct-27020,177000,876,876,1.0,0.995633759531261,1.0,True
direct-27020,177500,875,875,1.0,0.9956287913544376,1.0,True
direct-27020,178000,874,874,1.0,0.9956238118585403,1.0,True
direct-27020,178500,875,875,1.0,0.9956287913544376,1.0,True
direct-27020,179000,876,876,1.0,0.995633759531261,1.0,True
direct-27020,179500,876,876,1.0,0.995633759531261,1.0,True
direct-27020,180000,877,877,1.0,0.995638716427562,1.0,True
direct-27020,180500,874,874,1.0,0.9956238118585403,1.0,True
direct-27020,181000,876,876,1.0,0.995633759531261,1.0,True
direct-27020,181500,879,879,1.0,0.9956485965319258,0.9999999999999999,True
direct-27020,182000,877,877,1.0,0.995638716427562,1.0,True
direct-27020,182500,876,876,1.0,0.995633759531261,1.0,True
direct-27020,183000,878,878,1.0,0.9956436620817164,1.0,True
direct-27020,183500,878,878,1.0,0.9956436620817164,1.0,True
direct-27020,184000,880,880,1.0,0.9956535198162204,1.0,True
direct-27020,184500,881,881,1.0,0.9956584319724571,1.0,True
direct-27020,185000,878,878,1.0,0.9956436620817164,1.0,True
direct-27020,185500,878,878,1.0,0.9956436620817164,1.0,True
direct-27020,186000,880,880,1.0,0.9956535198162204,1.0,True
direct-27020,186500,877,877,1.0,0.995638716427562,1.0,True
direct-27020,187000,876,876,1.0,0.995633759531261,1.0,True
direct-27020,187500,876,876,1.0,0.995633759531261,1.0,True
direct-27020,188000,876,876,1.0,0.995633759531261,1.0,True
direct-27020,188500,877,877,1.0,0.995638716427562,1.0,True
direct-27020,189000,876,876,1.0,0.995633759531261,1.0,True
direct-27020,189500,876,876,1.0,0.995633759531261,1.0,True
direct-27020,190000,877,877,1.0,0.995638716427562,1.0,True
direct-27020,190500,876,876,1.0,0.995633759531261,1.0,True
direct-27020,191000,877,877,1.0,0.995638716427562,1.0,True
direct-27020,191500,875,875,1.0,0.9956287913544376,1.0,True
direct-27020,192000,875,875,1.0,0.9956287913544376,1.0,True
direct-27020,192500,876,876,1.0,0.995633759531261,1.0,True
direct-27020,193000,875,875,1.0,0.9956287913544376,1.0,True
direct-27020,193500,875,875,1.0,0.9956287913544376,1.0,True
direct-27020,194000,875,875,1.0,0.9956287913544376,1.0,True
direct-27020,194500,875,875,1.0,0.9956287913544376,1.0,True
direct-27020,195000,871,871,1.0,0.9956088050682548,1.0,True
direct-27020,195500,852,852,1.0,0.9955113189169584,1.0,True
direct-27020,196000,830,830,1.0,0.9953928899685504,0.9999999999999999,True
direct-27020,196500,802,802,1.0,0.9952328100212251,1.0,True
direct-27020,197000,781,781,1.0,0.9951052543596057,1.0,True
direct-27020,197500,757,757,1.0,0.9949508544222607,1.0,True
direct-27020,198000,743,743,1.0,0.9948562051176582,1.0,True
direct-27020,198500,722,722,1.0,0.9947073851925818,0.9999999999999998,True
direct-27020,199000,697,697,1.0,0.9945185902206719,1.0,True
direct-27020,199500,655,655,1.0,0.9941691599316133,0.9999999999999999,True
direct-27020,200000,210,210,1.0,0.9820353008956162,1.0,True
direct-27020,200500,175,175,1.0,0.9785195390781564,1.0,True
direct-27020,201000,158,158,1.0,0.9762632104477463,0.9999999999999999,True
direct-27020,201500,132,132,1.0,0.9717200032979587,1.0,True
direct-27020,202000,117,117,1.0,0.9682096231761248,1.0,True
direct-27020,202500,97,97,1.0,0.9619046107955446,0.9999999999999999,True
direct-27020,203000,78,78,1.0,0.9530605462258804,1.0,True
direct-27020,203500,48,48,1.0,0.9258973488472576,0.9999999999999999,True
rs-primary-local,0,882,940,0.9382978723404255,0.9210599556192205,0.9519678914263008,True
rs-primary-local,500,882,882,1.0,0.9956633330383221,1.0,True
rs-primary-local,1000,883,883,1.0,0.9956682230513316,0.9999999999999998,True
rs-primary-local,1500,887,887,1.0,0.9956876733192523,1.0,True
rs-primary-local,2000,888,888,1.0,0.9956925086248501,1.0,True
rs-primary-local,2500,889,889,1.0,0.9956973330991744,0.9999999999999999,True
rs-primary-local,3000,888,888,1.0,0.9956925086248501,1.0,True
rs-primary-local,3500,889,889,1.0,0.9956973330991744,0.9999999999999999,True
rs-primary-local,4000,890,890,1.0,0.9957021467785793,1.0,True
rs-primary-local,4500,887,887,1.0,0.9956876733192523,1.0,True
rs-primary-local,5000,886,886,1.0,0.9956828271458652,1.0,True
rs-primary-local,5500,884,884,1.0,0.9956731020488339,1.0,True
rs-primary-local,6000,884,884,1.0,0.9956731020488339,1.0,True
rs-primary-local,6500,884,884,1.0,0.9956731020488339,1.0,True
rs-primary-local,7000,885,885,1.0,0.9956779700680075,0.9999999999999999,True
rs-primary-local,7500,885,885,1.0,0.9956779700680075,0.9999999999999999,True
rs-primary-local,8000,886,886,1.0,0.9956828271458652,1.0,True
rs-primary-local,8500,884,884,1.0,0.9956731020488339,1.0,True
rs-primary-local,9000,886,886,1.0,0.9956828271458652,1.0,True
rs-primary-local,9500,883,883,1.0,0.9956682230513316,0.9999999999999998,True
rs-primary-local,10000,885,885,1.0,0.9956779700680075,0.9999999999999999,True
rs-primary-local,10500,884,884,1.0,0.9956731020488339,1.0,True
rs-primary-local,11000,882,882,1.0,0.9956633330383221,1.0,True
rs-primary-local,11500,880,880,1.0,0.9956535198162204,1.0,True
rs-primary-local,12000,881,881,1.0,0.9956584319724571,1.0,True
rs-primary-local,12500,880,880,1.0,0.9956535198162204,1.0,True
rs-primary-local,13000,880,880,1.0,0.9956535198162204,1.0,True
rs-primary-local,13500,881,881,1.0,0.9956584319724571,1.0,True
rs-primary-local,14000,880,880,1.0,0.9956535198162204,1.0,True
rs-primary-local,14500,880,880,1.0,0.9956535198162204,1.0,True
rs-primary-local,15000,881,881,1.0,0.9956584319724571,1.0,True
rs-primary-local,15500,880,880,1.0,0.9956535198162204,1.0,True
rs-primary-local,16000,881,881,1.0,0.9956584319724571,1.0,True
rs-primary-local,16500,880,880,1.0,0.9956535198162204,1.0,True
rs-primary-local,17000,880,880,1.0,0.9956535198162204,1.0,True
rs-primary-local,17500,879,879,1.0,0.9956485965319258,0.9999999999999999,True
rs-primary-local,18000,879,879,1.0,0.9956485965319258,0.9999999999999999,True
rs-primary-local,18500,876,876,1.0,0.995633759531261,1.0,True
rs-primary-local,19000,876,876,1.0,0.995633759531261,1.0,True
rs-primary-local,19500,876,876,1.0,0.995633759531261,1.0,True
rs-primary-local,20000,876,876,1.0,0.995633759531261,1.0,True
rs-primary-local,20500,876,876,1.0,0.995633759531261,1.0,True
rs-primary-local,21000,876,876,1.0,0.995633759531261,1.0,True
rs-primary-local,21500,876,876,1.0,0.995633759531261,1.0,True
rs-primary-local,22000,876,876,1.0,0.995633759531261,1.0,True
rs-primary-local,22500,875,875,1.0,0.9956287913544376,1.0,True
rs-primary-local,23000,877,877,1.0,0.995638716427562,1.0,True
rs-primary-local,23500,876,876,1.0,0.995633759531261,1.0,True
rs-primary-local,24000,876,876,1.0,0.995633759531261,1.0,True
rs-primary-local,24500,876,876,1.0,0.995633759531261,1.0,True
rs-primary-local,25000,876,876,1.0,0.995633759531261,1.0,True
rs-primary-local,25500,877,877,1.0,0.995638716427562,1.0,True
rs-primary-local,26000,880,880,1.0,0.9956535198162204,1.0,True
rs-primary-local,26500,881,881,1.0,0.9956584319724571,1.0,True
rs-primary-local,27000,880,880,1.0,0.9956535198162204,1.0,True
rs-primary-local,27500,880,880,1.0,0.9956535198162204,1.0,True
rs-primary-local,28000,880,880,1.0,0.9956535198162204,1.0,True
rs-primary-local,28500,878,878,1.0,0.9956436620817164,1.0,True
rs-primary-local,29000,877,877,1.0,0.995638716427562,1.0,True
rs-primary-local,29500,877,877,1.0,0.995638716427562,1.0,True
rs-primary-local,30000,877,877,1.0,0.995638716427562,1.0,True
rs-primary-local,30500,877,877,1.0,0.995638716427562,1.0,True
rs-primary-local,31000,877,877,1.0,0.995638716427562,1.0,True
rs-primary-local,31500,877,877,1.0,0.995638716427562,1.0,True
rs-primary-local,32000,877,877,1.0,0.995638716427562,1.0,True
rs-primary-local,32500,877,877,1.0,0.995638716427562,1.0,True
rs-primary-local,33000,878,878,1.0,0.9956436620817164,1.0,True
rs-primary-local,33500,880,880,1.0,0.9956535198162204,1.0,True
rs-primary-local,34000,880,880,1.0,0.9956535198162204,1.0,True
rs-primary-local,34500,880,880,1.0,0.9956535198162204,1.0,True
rs-primary-local,35000,881,881,1.0,0.9956584319724571,1.0,True
rs-primary-local,35500,880,880,1.0,0.9956535198162204,1.0,True
rs-primary-local,36000,882,882,1.0,0.9956633330383221,1.0,True
rs-primary-local,36500,881,881,1.0,0.9956584319724571,1.0,True
rs-primary-local,37000,881,881,1.0,0.9956584319724571,1.0,True
rs-primary-local,37500,882,882,1.0,0.9956633330383221,1.0,True
rs-primary-local,38000,883,883,1.0,0.9956682230513316,0.9999999999999998,True
rs-primary-local,38500,881,881,1.0,0.9956584319724571,1.0,True
rs-primary-local,39000,882,882,1.0,0.9956633330383221,1.0,True
rs-primary-local,39500,881,881,1.0,0.9956584319724571,1.0,True
rs-primary-local,40000,881,881,1.0,0.9956584319724571,1.0,True
rs-primary-local,40500,879,879,1.0,0.9956485965319258,0.9999999999999999,True
rs-primary-local,41000,878,878,1.0,0.9956436620817164,1.0,True
rs-primary-local,41500,878,878,1.0,0.9956436620817164,1.0,True
rs-primary-local,42000,878,878,1.0,0.9956436620817164,1.0,True
rs-primary-local,42500,878,878,1.0,0.9956436620817164,1.0,True
rs-primary-local,43000,878,878,1.0,0.9956436620817164,1.0,True
rs-primary-local,43500,878,878,1.0,0.9956436620817164,1.0,True
rs-primary-local,44000,878,878,1.0,0.9956436620817164,1.0,True
rs-primary-local,44500,878,878,1.0,0.9956436620817164,1.0,True
rs-primary-local,45000,878,878,1.0,0.9956436620817164,1.0,True
rs-primary-local,45500,878,878,1.0,0.9956436620817164,1.0,True
rs-primary-local,46000,878,878,1.0,0.9956436620817164,1.0,True
rs-primary-local,46500,878,878,1.0,0.9956436620817164,1.0,True
rs-primary-local,47000,878,878,1.0,0.9956436620817164,1.0,True
rs-primary-local,47500,878,878,1.0,0.9956436620817164,1.0,True
rs-primary-local,48000,877,877,1.0,0.995638716427562,1.0,True
rs-primary-local,48500,877,877,1.0,0.995638716427562,1.0,True
rs-primary-local,49000,877,877,1.0,0.995638716427562,1.0,True
rs-primary-local,49500,877,877,1.0,0.995638716427562,1.0,True
rs-primary-local,50000,876,876,1.0,0.995633759531261,1.0,True
rs-primary-local,50500,878,878,1.0,0.9956436620817164,1.0,True
rs-primary-local,51000,877,877,1.0,0.995638716427562,1.0,True
rs-primary-local,51500,877,877,1.0,0.995638716427562,1.0,True
rs-primary-local,52000,877,877,1.0,0.995638716427562,1.0,True
rs-primary-local,52500,877,877,1.0,0.995638716427562,1.0,True
rs-primary-local,53000,877,877,1.0,0.995638716427562,1.0,True
rs-primary-local,53500,877,877,1.0,0.995638716427562,1.0,True
rs-primary-local,54000,877,877,1.0,0.995638716427562,1.0,True
rs-primary-local,54500,876,876,1.0,0.995633759531261,1.0,True
rs-primary-local,55000,877,877,1.0,0.995638716427562,1.0,True
rs-primary-local,55500,878,878,1.0,0.9956436620817164,1.0,True
rs-primary-local,56000,877,877,1.0,0.995638716427562,1.0,True
rs-primary-local,56500,877,877,1.0,0.995638716427562,1.0,True
rs-primary-local,57000,877,877,1.0,0.995638716427562,1.0,True
rs-primary-local,57500,877,877,1.0,0.995638716427562,1.0,True
rs-primary-local,58000,877,877,1.0,0.995638716427562,1.0,True
rs-primary-local,58500,877,877,1.0,0.995638716427562,1.0,True
rs-primary-local,59000,877,877,1.0,0.995638716427562,1.0,True
rs-primary-local,59500,877,877,1.0,0.995638716427562,1.0,True
rs-primary-local,60000,877,877,1.0,0.995638716427562,1.0,True
rs-primary-local,60500,877,877,1.0,0.995638716427562,1.0,True
rs-primary-local,61000,877,877,1.0,0.995638716427562,1.0,True
rs-primary-local,61500,877,877,1.0,0.995638716427562,1.0,True
rs-primary-local,62000,877,877,1.0,0.995638716427562,1.0,True
rs-primary-local,62500,877,877,1.0,0.995638716427562,1.0,True
rs-primary-local,63000,877,877,1.0,0.995638716427562,1.0,True
rs-primary-local,63500,877,877,1.0,0.995638716427562,1.0,True
rs-primary-local,64000,877,877,1.0,0.995638716427562,1.0,True
rs-primary-local,64500,876,876,1.0,0.995633759531261,1.0,True
rs-primary-local,65000,876,876,1.0,0.995633759531261,1.0,True
rs-primary-local,65500,876,876,1.0,0.995633759531261,1.0,True
rs-primary-local,66000,876,876,1.0,0.995633759531261,1.0,True
rs-primary-local,66500,876,876,1.0,0.995633759531261,1.0,True
rs-primary-local,67000,876,876,1.0,0.995633759531261,1.0,True
rs-primary-local,67500,876,876,1.0,0.995633759531261,1.0,True
rs-primary-local,68000,876,876,1.0,0.995633759531261,1.0,True
rs-primary-local,68500,876,876,1.0,0.995633759531261,1.0,True
rs-primary-local,69000,876,876,1.0,0.995633759531261,1.0,True
rs-primary-local,69500,876,876,1.0,0.995633759531261,1.0,True
rs-primary-local,70000,876,876,1.0,0.995633759531261,1.0,True
rs-primary-local,70500,876,876,1.0,0.995633759531261,1.0,True
rs-primary-local,71000,876,876,1.0,0.995633759531261,1.0,True
rs-primary-local,71500,876,876,1.0,0.995633759531261,1.0,True
rs-primary-local,72000,876,876,1.0,0.995633759531261,1.0,True
rs-primary-local,72500,876,876,1.0,0.995633759531261,1.0,True
rs-primary-local,73000,876,876,1.0,0.995633759531261,1.0,True
rs-primary-local,73500,876,876,1.0,0.995633759531261,1.0,True
rs-primary-local,74000,876,876,1.0,0.995633759531261,1.0,True
rs-primary-local,74500,876,876,1.0,0.995633759531261,1.0,True
rs-primary-local,75000,876,876,1.0,0.995633759531261,1.0,True
rs-primary-local,75500,876,876,1.0,0.995633759531261,1.0,True
rs-primary-local,76000,876,876,1.0,0.995633759531261,1.0,True
rs-primary-local,76500,876,876,1.0,0.995633759531261,1.0,True
rs-primary-local,77000,876,876,1.0,0.995633759531261,1.0,True
rs-primary-local,77500,876,876,1.0,0.995633759531261,1.0,True
rs-primary-local,78000,876,876,1.0,0.995633759531261,1.0,True
rs-primary-local,78500,876,876,1.0,0.995633759531261,1.0,True
rs-primary-local,79000,876,876,1.0,0.995633759531261,1.0,True
rs-primary-local,79500,876,876,1.0,0.995633759531261,1.0,True
rs-primary-local,80000,876,876,1.0,0.995633759531261,1.0,True
rs-primary-local,80500,879,879,1.0,0.9956485965319258,0.9999999999999999,True
rs-primary-local,81000,879,879,1.0,0.9956485965319258,0.9999999999999999,True
rs-primary-local,81500,880,880,1.0,0.9956535198162204,1.0,True
rs-primary-local,82000,880,880,1.0,0.9956535198162204,1.0,True
rs-primary-local,82500,878,878,1.0,0.9956436620817164,1.0,True
rs-primary-local,83000,875,875,1.0,0.9956287913544376,1.0,True
rs-primary-local,83500,881,881,1.0,0.9956584319724571,1.0,True
rs-primary-local,84000,884,884,1.0,0.9956731020488339,1.0,True
rs-primary-local,84500,881,881,1.0,0.9956584319724571,1.0,True
rs-primary-local,85000,875,875,1.0,0.9956287913544376,1.0,True
rs-primary-local,85500,878,878,1.0,0.9956436620817164,1.0,True
rs-primary-local,86000,881,881,1.0,0.9956584319724571,1.0,True
rs-primary-local,86500,883,883,1.0,0.9956682230513316,0.9999999999999998,True
rs-primary-local,87000,876,876,1.0,0.995633759531261,1.0,True
rs-primary-local,87500,883,883,1.0,0.9956682230513316,0.9999999999999998,True
rs-primary-local,88000,883,883,1.0,0.9956682230513316,0.9999999999999998,True
rs-primary-local,88500,879,879,1.0,0.9956485965319258,0.9999999999999999,True
rs-primary-local,89000,882,882,1.0,0.9956633330383221,1.0,True
rs-primary-local,89500,880,880,1.0,0.9956535198162204,1.0,True
rs-primary-local,90000,880,880,1.0,0.9956535198162204,1.0,True
rs-primary-local,90500,881,881,1.0,0.9956584319724571,1.0,True
rs-primary-local,91000,879,879,1.0,0.9956485965319258,0.9999999999999999,True
rs-primary-local,91500,879,879,1.0,0.9956485965319258,0.9999999999999999,True
rs-primary-local,92000,877,877,1.0,0.995638716427562,1.0,True
rs-primary-local,92500,877,877,1.0,0.995638716427562,1.0,True
rs-primary-local,93000,877,877,1.0,0.995638716427562,1.0,True
rs-primary-local,93500,877,877,1.0,0.995638716427562,1.0,True
rs-primary-local,94000,877,877,1.0,0.995638716427562,1.0,True
rs-primary-local,94500,877,877,1.0,0.995638716427562,1.0,True
rs-primary-local,95000,877,877,1.0,0.995638716427562,1.0,True
rs-primary-local,95500,877,877,1.0,0.995638716427562,1.0,True
rs-primary-local,96000,876,876,1.0,0.995633759531261,1.0,True
rs-primary-local,96500,876,876,1.0,0.995633759531261,1.0,True
rs-primary-local,97000,876,876,1.0,0.995633759531261,1.0,True
rs-primary-local,97500,876,876,1.0,0.995633759531261,1.0,True
rs-primary-local,98000,876,876,1.0,0.995633759531261,1.0,True
rs-primary-local,98500,876,876,1.0,0.995633759531261,1.0,True
rs-primary-local,99000,876,876,1.0,0.995633759531261,1.0,True
rs-primary-local,99500,876,876,1.0,0.995633759531261,1.0,True
rs-primary-local,100000,876,876,1.0,0.995633759531261,1.0,True
rs-primary-local,100500,876,876,1.0,0.995633759531261,1.0,True
rs-primary-local,101000,876,876,1.0,0.995633759531261,1.0,True
rs-primary-local,101500,876,876,1.0,0.995633759531261,1.0,True
rs-primary-local,102000,876,876,1.0,0.995633759531261,1.0,True
rs-primary-local,102500,875,875,1.0,0.9956287913544376,1.0,True
rs-primary-local,103000,875,875,1.0,0.9956287913544376,1.0,True
rs-primary-local,103500,875,875,1.0,0.9956287913544376,1.0,True
rs-primary-local,104000,875,875,1.0,0.9956287913544376,1.0,True
rs-primary-local,104500,875,875,1.0,0.9956287913544376,1.0,True
rs-primary-local,105000,875,875,1.0,0.9956287913544376,1.0,True
rs-primary-local,105500,875,875,1.0,0.9956287913544376,1.0,True
rs-primary-local,106000,875,875,1.0,0.9956287913544376,1.0,True
rs-primary-local,106500,874,874,1.0,0.9956238118585403,1.0,True
rs-primary-local,107000,875,875,1.0,0.9956287913544376,1.0,True
rs-primary-local,107500,876,876,1.0,0.995633759531261,1.0,True
rs-primary-local,108000,875,875,1.0,0.9956287913544376,1.0,True
rs-primary-local,108500,875,875,1.0,0.9956287913544376,1.0,True
rs-primary-local,109000,874,874,1.0,0.9956238118585403,1.0,True
rs-primary-local,109500,876,876,1.0,0.995633759531261,1.0,True
rs-primary-local,110000,876,876,1.0,0.995633759531261,1.0,True
rs-primary-local,110500,877,877,1.0,0.995638716427562,1.0,True
rs-primary-local,111000,879,879,1.0,0.9956485965319258,0.9999999999999999,True
rs-primary-local,111500,878,878,1.0,0.9956436620817164,1.0,True
rs-primary-local,112000,880,880,1.0,0.9956535198162204,1.0,True
rs-primary-local,112500,879,879,1.0,0.9956485965319258,0.9999999999999999,True
rs-primary-local,113000,880,880,1.0,0.9956535198162204,1.0,True
rs-primary-local,113500,883,883,1.0,0.9956682230513316,0.9999999999999998,True
rs-primary-local,114000,884,884,1.0,0.9956731020488339,1.0,True
rs-primary-local,114500,883,883,1.0,0.9956682230513316,0.9999999999999998,True
rs-primary-local,115000,883,883,1.0,0.9956682230513316,0.9999999999999998,True
rs-primary-local,115500,883,883,1.0,0.9956682230513316,0.9999999999999998,True
rs-primary-local,116000,883,883,1.0,0.9956682230513316,0.9999999999999998,True
rs-primary-local,116500,883,883,1.0,0.9956682230513316,0.9999999999999998,True
rs-primary-local,117000,879,879,1.0,0.9956485965319258,0.9999999999999999,True
rs-primary-local,117500,879,879,1.0,0.9956485965319258,0.9999999999999999,True
rs-primary-local,118000,879,879,1.0,0.9956485965319258,0.9999999999999999,True
rs-primary-local,118500,880,880,1.0,0.9956535198162204,1.0,True
rs-primary-local,119000,878,878,1.0,0.9956436620817164,1.0,True
rs-primary-local,119500,880,880,1.0,0.9956535198162204,1.0,True
rs-primary-local,120000,879,879,1.0,0.9956485965319258,0.9999999999999999,True
rs-primary-local,120500,879,879,1.0,0.9956485965319258,0.9999999999999999,True
rs-primary-local,121000,878,878,1.0,0.9956436620817164,1.0,True
rs-primary-local,121500,881,881,1.0,0.9956584319724571,1.0,True
rs-primary-local,122000,882,882,1.0,0.9956633330383221,1.0,True
rs-primary-local,122500,885,885,1.0,0.9956779700680075,0.9999999999999999,True
rs-primary-local,123000,882,882,1.0,0.9956633330383221,1.0,True
rs-primary-local,123500,879,879,1.0,0.9956485965319258,0.9999999999999999,True
rs-primary-local,124000,882,882,1.0,0.9956633330383221,1.0,True
rs-primary-local,124500,880,880,1.0,0.9956535198162204,1.0,True
rs-primary-local,125000,880,880,1.0,0.9956535198162204,1.0,True
rs-primary-local,125500,875,875,1.0,0.9956287913544376,1.0,True
rs-primary-local,126000,879,879,1.0,0.9956485965319258,0.9999999999999999,True
rs-primary-local,126500,876,876,1.0,0.995633759531261,1.0,True
rs-primary-local,127000,876,876,1.0,0.995633759531261,1.0,True
rs-primary-local,127500,876,876,1.0,0.995633759531261,1.0,True
rs-primary-local,128000,875,875,1.0,0.9956287913544376,1.0,True
rs-primary-local,128500,876,876,1.0,0.995633759531261,1.0,True
rs-primary-local,129000,877,877,1.0,0.995638716427562,1.0,True
rs-primary-local,129500,875,875,1.0,0.9956287913544376,1.0,True
rs-primary-local,130000,877,877,1.0,0.995638716427562,1.0,True
rs-primary-local,130500,876,876,1.0,0.995633759531261,1.0,True
rs-primary-local,131000,876,876,1.0,0.995633759531261,1.0,True
rs-primary-local,131500,875,875,1.0,0.9956287913544376,1.0,True
rs-primary-local,132000,877,877,1.0,0.995638716427562,1.0,True
rs-primary-local,132500,876,876,1.0,0.995633759531261,1.0,True
rs-primary-local,133000,876,876,1.0,0.995633759531261,1.0,True
rs-primary-local,133500,876,876,1.0,0.995633759531261,1.0,True
rs-primary-local,134000,876,876,1.0,0.995633759531261,1.0,True
rs-primary-local,134500,876,876,1.0,0.995633759531261,1.0,True
rs-primary-local,135000,876,876,1.0,0.995633759531261,1.0,True
rs-primary-local,135500,875,875,1.0,0.9956287913544376,1.0,True
rs-primary-local,136000,875,875,1.0,0.9956287913544376,1.0,True
rs-primary-local,136500,878,878,1.0,0.9956436620817164,1.0,True
rs-primary-local,137000,876,876,1.0,0.995633759531261,1.0,True
rs-primary-local,137500,875,875,1.0,0.9956287913544376,1.0,True
rs-primary-local,138000,876,876,1.0,0.995633759531261,1.0,True
rs-primary-local,138500,876,876,1.0,0.995633759531261,1.0,True
rs-primary-local,139000,876,876,1.0,0.995633759531261,1.0,True
rs-primary-local,139500,876,876,1.0,0.995633759531261,1.0,True
rs-primary-local,140000,876,876,1.0,0.995633759531261,1.0,True
rs-primary-local,140500,877,877,1.0,0.995638716427562,1.0,True
rs-primary-local,141000,876,876,1.0,0.995633759531261,1.0,True
rs-primary-local,141500,876,876,1.0,0.995633759531261,1.0,True
rs-primary-local,142000,876,876,1.0,0.995633759531261,1.0,True
rs-primary-local,142500,876,876,1.0,0.995633759531261,1.0,True
rs-primary-local,143000,876,876,1.0,0.995633759531261,1.0,True
rs-primary-local,143500,876,876,1.0,0.995633759531261,1.0,True
rs-primary-local,144000,876,876,1.0,0.995633759531261,1.0,True
rs-primary-local,144500,876,876,1.0,0.995633759531261,1.0,True
rs-primary-local,145000,876,876,1.0,0.995633759531261,1.0,True
rs-primary-local,145500,876,876,1.0,0.995633759531261,1.0,True
rs-primary-local,146000,876,876,1.0,0.995633759531261,1.0,True
rs-primary-local,146500,876,876,1.0,0.995633759531261,1.0,True
rs-primary-local,147000,874,874,1.0,0.9956238118585403,1.0,True
rs-primary-local,147500,878,878,1.0,0.9956436620817164,1.0,True
rs-primary-local,148000,876,876,1.0,0.995633759531261,1.0,True
rs-primary-local,148500,876,876,1.0,0.995633759531261,1.0,True
rs-primary-local,149000,876,876,1.0,0.995633759531261,1.0,True
rs-primary-local,149500,876,876,1.0,0.995633759531261,1.0,True
rs-primary-local,150000,876,876,1.0,0.995633759531261,1.0,True
rs-primary-local,150500,876,876,1.0,0.995633759531261,1.0,True
rs-primary-local,151000,875,875,1.0,0.9956287913544376,1.0,True
rs-primary-local,151500,877,877,1.0,0.995638716427562,1.0,True
rs-primary-local,152000,875,875,1.0,0.9956287913544376,1.0,True
rs-primary-local,152500,875,875,1.0,0.9956287913544376,1.0,True
rs-primary-local,153000,875,875,1.0,0.9956287913544376,1.0,True
rs-primary-local,153500,875,875,1.0,0.9956287913544376,1.0,True
rs-primary-local,154000,875,875,1.0,0.9956287913544376,1.0,True
rs-primary-local,154500,875,875,1.0,0.9956287913544376,1.0,True
rs-primary-local,155000,875,875,1.0,0.9956287913544376,1.0,True
rs-primary-local,155500,875,875,1.0,0.9956287913544376,1.0,True
rs-primary-local,156000,875,875,1.0,0.9956287913544376,1.0,True
rs-primary-local,156500,875,875,1.0,0.9956287913544376,1.0,True
rs-primary-local,157000,875,875,1.0,0.9956287913544376,1.0,True
rs-primary-local,157500,875,875,1.0,0.9956287913544376,1.0,True
rs-primary-local,158000,875,875,1.0,0.9956287913544376,1.0,True
rs-primary-local,158500,875,875,1.0,0.9956287913544376,1.0,True
rs-primary-local,159000,875,875,1.0,0.9956287913544376,1.0,True
rs-primary-local,159500,875,875,1.0,0.9956287913544376,1.0,True
rs-primary-local,160000,875,875,1.0,0.9956287913544376,1.0,True
rs-primary-local,160500,875,875,1.0,0.9956287913544376,1.0,True
rs-primary-local,161000,875,875,1.0,0.9956287913544376,1.0,True
rs-primary-local,161500,875,875,1.0,0.9956287913544376,1.0,True
rs-primary-local,162000,875,875,1.0,0.9956287913544376,1.0,True
rs-primary-local,162500,875,875,1.0,0.9956287913544376,1.0,True
rs-primary-local,163000,875,875,1.0,0.9956287913544376,1.0,True
rs-primary-local,163500,875,875,1.0,0.9956287913544376,1.0,True
rs-primary-local,164000,875,875,1.0,0.9956287913544376,1.0,True
rs-primary-local,164500,875,875,1.0,0.9956287913544376,1.0,True
rs-primary-local,165000,875,875,1.0,0.9956287913544376,1.0,True
rs-primary-local,165500,875,875,1.0,0.9956287913544376,1.0,True
rs-primary-local,166000,875,875,1.0,0.9956287913544376,1.0,True
rs-primary-local,166500,875,875,1.0,0.9956287913544376,1.0,True
rs-primary-local,167000,875,875,1.0,0.9956287913544376,1.0,True
rs-primary-local,167500,875,875,1.0,0.9956287913544376,1.0,True
rs-primary-local,168000,875,875,1.0,0.9956287913544376,1.0,True
rs-primary-local,168500,875,875,1.0,0.9956287913544376,1.0,True
rs-primary-local,169000,876,876,1.0,0.995633759531261,1.0,True
rs-primary-local,169500,877,877,1.0,0.995638716427562,1.0,True
rs-primary-local,170000,879,879,1.0,0.9956485965319258,0.9999999999999999,True
rs-primary-local,170500,881,881,1.0,0.9956584319724571,1.0,True
rs-primary-local,171000,880,880,1.0,0.9956535198162204,1.0,True
rs-primary-local,171500,881,881,1.0,0.9956584319724571,1.0,True
rs-primary-local,172000,879,879,1.0,0.9956485965319258,0.9999999999999999,True
rs-primary-local,172500,880,880,1.0,0.9956535198162204,1.0,True
rs-primary-local,173000,879,879,1.0,0.9956485965319258,0.9999999999999999,True
rs-primary-local,173500,878,878,1.0,0.9956436620817164,1.0,True
rs-primary-local,174000,879,879,1.0,0.9956485965319258,0.9999999999999999,True
rs-primary-local,174500,879,879,1.0,0.9956485965319258,0.9999999999999999,True
rs-primary-local,175000,881,881,1.0,0.9956584319724571,1.0,True
rs-primary-local,175500,881,881,1.0,0.9956584319724571,1.0,True
rs-primary-local,176000,882,882,1.0,0.9956633330383221,1.0,True
rs-primary-local,176500,881,881,1.0,0.9956584319724571,1.0,True
rs-primary-local,177000,881,881,1.0,0.9956584319724571,1.0,True
rs-primary-local,177500,880,880,1.0,0.9956535198162204,1.0,True
rs-primary-local,178000,880,880,1.0,0.9956535198162204,1.0,True
rs-primary-local,178500,878,878,1.0,0.9956436620817164,1.0,True
rs-primary-local,179000,877,877,1.0,0.995638716427562,1.0,True
rs-primary-local,179500,876,876,1.0,0.995633759531261,1.0,True
rs-primary-local,180000,876,876,1.0,0.995633759531261,1.0,True
rs-primary-local,180500,878,878,1.0,0.9956436620817164,1.0,True
rs-primary-local,181000,877,877,1.0,0.995638716427562,1.0,True
rs-primary-local,181500,877,877,1.0,0.995638716427562,1.0,True
rs-primary-local,182000,877,877,1.0,0.995638716427562,1.0,True
rs-primary-local,182500,876,876,1.0,0.995633759531261,1.0,True
rs-primary-local,183000,877,877,1.0,0.995638716427562,1.0,True
rs-primary-local,183500,876,876,1.0,0.995633759531261,1.0,True
rs-primary-local,184000,878,878,1.0,0.9956436620817164,1.0,True
rs-primary-local,184500,877,877,1.0,0.995638716427562,1.0,True
rs-primary-local,185000,879,879,1.0,0.9956485965319258,0.9999999999999999,True
rs-primary-local,185500,876,876,1.0,0.995633759531261,1.0,True
rs-primary-local,186000,876,876,1.0,0.995633759531261,1.0,True
rs-primary-local,186500,877,877,1.0,0.995638716427562,1.0,True
rs-primary-local,187000,876,876,1.0,0.995633759531261,1.0,True
rs-primary-local,187500,876,876,1.0,0.995633759531261,1.0,True
rs-primary-local,188000,877,877,1.0,0.995638716427562,1.0,True
rs-primary-local,188500,874,874,1.0,0.9956238118585403,1.0,True
rs-primary-local,189000,877,877,1.0,0.995638716427562,1.0,True
rs-primary-local,189500,875,875,1.0,0.9956287913544376,1.0,True
rs-primary-local,190000,876,876,1.0,0.995633759531261,1.0,True
rs-primary-local,190500,878,878,1.0,0.9956436620817164,1.0,True
rs-primary-local,191000,876,876,1.0,0.995633759531261,1.0,True
rs-primary-local,191500,877,877,1.0,0.995638716427562,1.0,True
rs-primary-local,192000,877,877,1.0,0.995638716427562,1.0,True
rs-primary-local,192500,874,874,1.0,0.9956238118585403,1.0,True
rs-primary-local,193000,873,873,1.0,0.9956188210048429,1.0,True
rs-primary-local,193500,873,873,1.0,0.9956188210048429,1.0,True
rs-primary-local,194000,873,873,1.0,0.9956188210048429,1.0,True
rs-primary-local,194500,873,873,1.0,0.9956188210048429,1.0,True
rs-primary-local,195000,863,863,1.0,0.9955682791411948,1.0,True
rs-primary-local,195500,849,849,1.0,0.9954955292987585,1.0,True
rs-primary-local,196000,823,823,1.0,0.9953538864033932,0.9999999999999999,True
rs-primary-local,196500,798,798,1.0,0.9952090288156664,1.0,True
rs-primary-local,197000,766,766,1.0,0.9950098825524627,1.0,True
rs-primary-local,197500,738,738,1.0,0.9948215360260196,1.0,True
rs-primary-local,198000,695,695,1.0,0.9945029030899134,1.0,True
rs-primary-local,198500,667,667,1.0,0.9942734618723703,0.9999999999999998,True
rs-primary-local,199000,623,623,1.0,0.9938714979988563,0.9999999999999998,True
rs-primary-local,199500,584,584,1.0,0.9934649061924163,0.9999999999999998,True
rs-primary-local,200000,291,291,1.0,0.9869706310100068,1.0,True
rs-primary-local,200500,253,253,1.0,0.9850429213959109,1.0,True
rs-primary-local,201000,207,207,1.0,0.9817796867411365,0.9999999999999999,True
rs-primary-local,201500,170,170,1.0,0.9779017220274089,1.0,True
rs-primary-local,202000,124,124,1.0,0.9699503135129722,0.9999999999999999,True
rs-primary-local,202500,94,94,1.0,0.9607365374237544,1.0,True
rs-primary-local,203000,68,68,1.0,0.9465268034119508,1.0,True
rs-primary-local,203500,43,43,1.0,0.9179874299767729,1.0,True
rs-primary-local,206500,1,1,1.0,0.20654329147389294,1.0,False
rs-secondary-causal-local,0,137,926,0.14794816414686826,0.1265351002232867,0.17227020166899257,True
rs-secondary-causal-local,500,734,881,0.8331441543700341,0.8070881350025196,0.856307437719197,True
rs-secondary-causal-local,1000,873,881,0.9909194097616345,0.9821843611905329,0.9953917383056933,True
rs-secondary-causal-local,1500,884,885,0.9988700564971752,0.9936273358583059,0.9998005145033335,True
rs-secondary-causal-local,2000,886,887,0.9988726042841037,0.9936416409205089,0.9998009643642021,True
rs-secondary-causal-local,2500,884,884,1.0,0.9956731020488339,1.0,True
rs-secondary-causal-local,3000,885,885,1.0,0.9956779700680075,0.9999999999999999,True
rs-secondary-causal-local,3500,886,886,1.0,0.9956828271458652,1.0,True
rs-secondary-causal-local,4000,884,884,1.0,0.9956731020488339,1.0,True
rs-secondary-causal-local,4500,888,888,1.0,0.9956925086248501,1.0,True
rs-secondary-causal-local,5000,887,887,1.0,0.9956876733192523,1.0,True
rs-secondary-causal-local,5500,886,886,1.0,0.9956828271458652,1.0,True
rs-secondary-causal-local,6000,890,890,1.0,0.9957021467785793,1.0,True
rs-secondary-causal-local,6500,886,886,1.0,0.9956828271458652,1.0,True
rs-secondary-causal-local,7000,889,889,1.0,0.9956973330991744,0.9999999999999999,True
rs-secondary-causal-local,7500,887,887,1.0,0.9956876733192523,1.0,True
rs-secondary-causal-local,8000,885,885,1.0,0.9956779700680075,0.9999999999999999,True
rs-secondary-causal-local,8500,886,886,1.0,0.9956828271458652,1.0,True
rs-secondary-causal-local,9000,886,886,1.0,0.9956828271458652,1.0,True
rs-secondary-causal-local,9500,885,885,1.0,0.9956779700680075,0.9999999999999999,True
rs-secondary-causal-local,10000,883,883,1.0,0.9956682230513316,0.9999999999999998,True
rs-secondary-causal-local,10500,882,882,1.0,0.9956633330383221,1.0,True
rs-secondary-causal-local,11000,885,885,1.0,0.9956779700680075,0.9999999999999999,True
rs-secondary-causal-local,11500,884,884,1.0,0.9956731020488339,1.0,True
rs-secondary-causal-local,12000,885,885,1.0,0.9956779700680075,0.9999999999999999,True
rs-secondary-causal-local,12500,884,884,1.0,0.9956731020488339,1.0,True
rs-secondary-causal-local,13000,879,879,1.0,0.9956485965319258,0.9999999999999999,True
rs-secondary-causal-local,13500,886,886,1.0,0.9956828271458652,1.0,True
rs-secondary-causal-local,14000,884,884,1.0,0.9956731020488339,1.0,True
rs-secondary-causal-local,14500,883,883,1.0,0.9956682230513316,0.9999999999999998,True
rs-secondary-causal-local,15000,883,883,1.0,0.9956682230513316,0.9999999999999998,True
rs-secondary-causal-local,15500,880,880,1.0,0.9956535198162204,1.0,True
rs-secondary-causal-local,16000,880,880,1.0,0.9956535198162204,1.0,True
rs-secondary-causal-local,16500,881,881,1.0,0.9956584319724571,1.0,True
rs-secondary-causal-local,17000,882,882,1.0,0.9956633330383221,1.0,True
rs-secondary-causal-local,17500,880,880,1.0,0.9956535198162204,1.0,True
rs-secondary-causal-local,18000,882,882,1.0,0.9956633330383221,1.0,True
rs-secondary-causal-local,18500,883,883,1.0,0.9956682230513316,0.9999999999999998,True
rs-secondary-causal-local,19000,887,887,1.0,0.9956876733192523,1.0,True
rs-secondary-causal-local,19500,882,882,1.0,0.9956633330383221,1.0,True
rs-secondary-causal-local,20000,883,883,1.0,0.9956682230513316,0.9999999999999998,True
rs-secondary-causal-local,20500,882,882,1.0,0.9956633330383221,1.0,True
rs-secondary-causal-local,21000,877,877,1.0,0.995638716427562,1.0,True
rs-secondary-causal-local,21500,878,878,1.0,0.9956436620817164,1.0,True
rs-secondary-causal-local,22000,877,877,1.0,0.995638716427562,1.0,True
rs-secondary-causal-local,22500,878,878,1.0,0.9956436620817164,1.0,True
rs-secondary-causal-local,23000,876,876,1.0,0.995633759531261,1.0,True
rs-secondary-causal-local,23500,880,880,1.0,0.9956535198162204,1.0,True
rs-secondary-causal-local,24000,875,875,1.0,0.9956287913544376,1.0,True
rs-secondary-causal-local,24500,875,875,1.0,0.9956287913544376,1.0,True
rs-secondary-causal-local,25000,872,872,1.0,0.9956138187544413,0.9999999999999999,True
rs-secondary-causal-local,25500,881,881,1.0,0.9956584319724571,1.0,True
rs-secondary-causal-local,26000,879,879,1.0,0.9956485965319258,0.9999999999999999,True
rs-secondary-causal-local,26500,879,879,1.0,0.9956485965319258,0.9999999999999999,True
rs-secondary-causal-local,27000,879,879,1.0,0.9956485965319258,0.9999999999999999,True
rs-secondary-causal-local,27500,881,881,1.0,0.9956584319724571,1.0,True
rs-secondary-causal-local,28000,878,878,1.0,0.9956436620817164,1.0,True
rs-secondary-causal-local,28500,878,878,1.0,0.9956436620817164,1.0,True
rs-secondary-causal-local,29000,878,878,1.0,0.9956436620817164,1.0,True
rs-secondary-causal-local,29500,880,880,1.0,0.9956535198162204,1.0,True
rs-secondary-causal-local,30000,880,880,1.0,0.9956535198162204,1.0,True
rs-secondary-causal-local,30500,878,878,1.0,0.9956436620817164,1.0,True
rs-secondary-causal-local,31000,881,881,1.0,0.9956584319724571,1.0,True
rs-secondary-causal-local,31500,879,879,1.0,0.9956485965319258,0.9999999999999999,True
rs-secondary-causal-local,32000,876,876,1.0,0.995633759531261,1.0,True
rs-secondary-causal-local,32500,878,878,1.0,0.9956436620817164,1.0,True
rs-secondary-causal-local,33000,877,877,1.0,0.995638716427562,1.0,True
rs-secondary-causal-local,33500,878,878,1.0,0.9956436620817164,1.0,True
rs-secondary-causal-local,34000,876,876,1.0,0.995633759531261,1.0,True
rs-secondary-causal-local,34500,875,875,1.0,0.9956287913544376,1.0,True
rs-secondary-causal-local,35000,876,876,1.0,0.995633759531261,1.0,True
rs-secondary-causal-local,35500,874,874,1.0,0.9956238118585403,1.0,True
rs-secondary-causal-local,36000,875,875,1.0,0.9956287913544376,1.0,True
rs-secondary-causal-local,36500,875,875,1.0,0.9956287913544376,1.0,True
rs-secondary-causal-local,37000,874,874,1.0,0.9956238118585403,1.0,True
rs-secondary-causal-local,37500,876,876,1.0,0.995633759531261,1.0,True
rs-secondary-causal-local,38000,880,880,1.0,0.9956535198162204,1.0,True
rs-secondary-causal-local,38500,877,877,1.0,0.995638716427562,1.0,True
rs-secondary-causal-local,39000,878,878,1.0,0.9956436620817164,1.0,True
rs-secondary-causal-local,39500,880,880,1.0,0.9956535198162204,1.0,True
rs-secondary-causal-local,40000,881,881,1.0,0.9956584319724571,1.0,True
rs-secondary-causal-local,40500,879,879,1.0,0.9956485965319258,0.9999999999999999,True
rs-secondary-causal-local,41000,880,880,1.0,0.9956535198162204,1.0,True
rs-secondary-causal-local,41500,882,882,1.0,0.9956633330383221,1.0,True
rs-secondary-causal-local,42000,882,882,1.0,0.9956633330383221,1.0,True
rs-secondary-causal-local,42500,883,883,1.0,0.9956682230513316,0.9999999999999998,True
rs-secondary-causal-local,43000,884,884,1.0,0.9956731020488339,1.0,True
rs-secondary-causal-local,43500,882,882,1.0,0.9956633330383221,1.0,True
rs-secondary-causal-local,44000,884,884,1.0,0.9956731020488339,1.0,True
rs-secondary-causal-local,44500,879,879,1.0,0.9956485965319258,0.9999999999999999,True
rs-secondary-causal-local,45000,879,879,1.0,0.9956485965319258,0.9999999999999999,True
rs-secondary-causal-local,45500,877,877,1.0,0.995638716427562,1.0,True
rs-secondary-causal-local,46000,877,877,1.0,0.995638716427562,1.0,True
rs-secondary-causal-local,46500,879,879,1.0,0.9956485965319258,0.9999999999999999,True
rs-secondary-causal-local,47000,877,877,1.0,0.995638716427562,1.0,True
rs-secondary-causal-local,47500,878,878,1.0,0.9956436620817164,1.0,True
rs-secondary-causal-local,48000,879,879,1.0,0.9956485965319258,0.9999999999999999,True
rs-secondary-causal-local,48500,878,878,1.0,0.9956436620817164,1.0,True
rs-secondary-causal-local,49000,880,880,1.0,0.9956535198162204,1.0,True
rs-secondary-causal-local,49500,882,882,1.0,0.9956633330383221,1.0,True
rs-secondary-causal-local,50000,881,881,1.0,0.9956584319724571,1.0,True
rs-secondary-causal-local,50500,882,882,1.0,0.9956633330383221,1.0,True
rs-secondary-causal-local,51000,883,883,1.0,0.9956682230513316,0.9999999999999998,True
rs-secondary-causal-local,51500,882,882,1.0,0.9956633330383221,1.0,True
rs-secondary-causal-local,52000,885,885,1.0,0.9956779700680075,0.9999999999999999,True
rs-secondary-causal-local,52500,883,883,1.0,0.9956682230513316,0.9999999999999998,True
rs-secondary-causal-local,53000,883,883,1.0,0.9956682230513316,0.9999999999999998,True
rs-secondary-causal-local,53500,883,883,1.0,0.9956682230513316,0.9999999999999998,True
rs-secondary-causal-local,54000,884,884,1.0,0.9956731020488339,1.0,True
rs-secondary-causal-local,54500,884,884,1.0,0.9956731020488339,1.0,True
rs-secondary-causal-local,55000,880,880,1.0,0.9956535198162204,1.0,True
rs-secondary-causal-local,55500,879,879,1.0,0.9956485965319258,0.9999999999999999,True
rs-secondary-causal-local,56000,878,878,1.0,0.9956436620817164,1.0,True
rs-secondary-causal-local,56500,877,877,1.0,0.995638716427562,1.0,True
rs-secondary-causal-local,57000,878,878,1.0,0.9956436620817164,1.0,True
rs-secondary-causal-local,57500,877,877,1.0,0.995638716427562,1.0,True
rs-secondary-causal-local,58000,878,878,1.0,0.9956436620817164,1.0,True
rs-secondary-causal-local,58500,880,880,1.0,0.9956535198162204,1.0,True
rs-secondary-causal-local,59000,876,876,1.0,0.995633759531261,1.0,True
rs-secondary-causal-local,59500,880,880,1.0,0.9956535198162204,1.0,True
rs-secondary-causal-local,60000,878,878,1.0,0.9956436620817164,1.0,True
rs-secondary-causal-local,60500,878,878,1.0,0.9956436620817164,1.0,True
rs-secondary-causal-local,61000,878,878,1.0,0.9956436620817164,1.0,True
rs-secondary-causal-local,61500,878,878,1.0,0.9956436620817164,1.0,True
rs-secondary-causal-local,62000,878,878,1.0,0.9956436620817164,1.0,True
rs-secondary-causal-local,62500,878,878,1.0,0.9956436620817164,1.0,True
rs-secondary-causal-local,63000,878,878,1.0,0.9956436620817164,1.0,True
rs-secondary-causal-local,63500,878,878,1.0,0.9956436620817164,1.0,True
rs-secondary-causal-local,64000,877,877,1.0,0.995638716427562,1.0,True
rs-secondary-causal-local,64500,877,877,1.0,0.995638716427562,1.0,True
rs-secondary-causal-local,65000,879,879,1.0,0.9956485965319258,0.9999999999999999,True
rs-secondary-causal-local,65500,879,879,1.0,0.9956485965319258,0.9999999999999999,True
rs-secondary-causal-local,66000,878,878,1.0,0.9956436620817164,1.0,True
rs-secondary-causal-local,66500,878,878,1.0,0.9956436620817164,1.0,True
rs-secondary-causal-local,67000,878,878,1.0,0.9956436620817164,1.0,True
rs-secondary-causal-local,67500,878,878,1.0,0.9956436620817164,1.0,True
rs-secondary-causal-local,68000,878,878,1.0,0.9956436620817164,1.0,True
rs-secondary-causal-local,68500,878,878,1.0,0.9956436620817164,1.0,True
rs-secondary-causal-local,69000,877,877,1.0,0.995638716427562,1.0,True
rs-secondary-causal-local,69500,878,878,1.0,0.9956436620817164,1.0,True
rs-secondary-causal-local,70000,875,875,1.0,0.9956287913544376,1.0,True
rs-secondary-causal-local,70500,877,877,1.0,0.995638716427562,1.0,True
rs-secondary-causal-local,71000,879,879,1.0,0.9956485965319258,0.9999999999999999,True
rs-secondary-causal-local,71500,877,877,1.0,0.995638716427562,1.0,True
rs-secondary-causal-local,72000,879,879,1.0,0.9956485965319258,0.9999999999999999,True
rs-secondary-causal-local,72500,877,877,1.0,0.995638716427562,1.0,True
rs-secondary-causal-local,73000,877,877,1.0,0.995638716427562,1.0,True
rs-secondary-causal-local,73500,877,877,1.0,0.995638716427562,1.0,True
rs-secondary-causal-local,74000,877,877,1.0,0.995638716427562,1.0,True
rs-secondary-causal-local,74500,877,877,1.0,0.995638716427562,1.0,True
rs-secondary-causal-local,75000,876,876,1.0,0.995633759531261,1.0,True
rs-secondary-causal-local,75500,876,876,1.0,0.995633759531261,1.0,True
rs-secondary-causal-local,76000,875,875,1.0,0.9956287913544376,1.0,True
rs-secondary-causal-local,76500,876,876,1.0,0.995633759531261,1.0,True
rs-secondary-causal-local,77000,877,877,1.0,0.995638716427562,1.0,True
rs-secondary-causal-local,77500,876,876,1.0,0.995633759531261,1.0,True
rs-secondary-causal-local,78000,875,875,1.0,0.9956287913544376,1.0,True
rs-secondary-causal-local,78500,877,877,1.0,0.995638716427562,1.0,True
rs-secondary-causal-local,79000,878,878,1.0,0.9956436620817164,1.0,True
rs-secondary-causal-local,79500,877,877,1.0,0.995638716427562,1.0,True
rs-secondary-causal-local,80000,875,875,1.0,0.9956287913544376,1.0,True
rs-secondary-causal-local,80500,880,880,1.0,0.9956535198162204,1.0,True
rs-secondary-causal-local,81000,877,877,1.0,0.995638716427562,1.0,True
rs-secondary-causal-local,81500,878,878,1.0,0.9956436620817164,1.0,True
rs-secondary-causal-local,82000,875,875,1.0,0.9956287913544376,1.0,True
rs-secondary-causal-local,82500,877,877,1.0,0.995638716427562,1.0,True
rs-secondary-causal-local,83000,876,876,1.0,0.995633759531261,1.0,True
rs-secondary-causal-local,83500,878,878,1.0,0.9956436620817164,1.0,True
rs-secondary-causal-local,84000,878,878,1.0,0.9956436620817164,1.0,True
rs-secondary-causal-local,84500,879,879,1.0,0.9956485965319258,0.9999999999999999,True
rs-secondary-causal-local,85000,879,879,1.0,0.9956485965319258,0.9999999999999999,True
rs-secondary-causal-local,85500,880,880,1.0,0.9956535198162204,1.0,True
rs-secondary-causal-local,86000,877,877,1.0,0.995638716427562,1.0,True
rs-secondary-causal-local,86500,876,876,1.0,0.995633759531261,1.0,True
rs-secondary-causal-local,87000,878,878,1.0,0.9956436620817164,1.0,True
rs-secondary-causal-local,87500,877,877,1.0,0.995638716427562,1.0,True
rs-secondary-causal-local,88000,877,877,1.0,0.995638716427562,1.0,True
rs-secondary-causal-local,88500,877,877,1.0,0.995638716427562,1.0,True
rs-secondary-causal-local,89000,876,876,1.0,0.995633759531261,1.0,True
rs-secondary-causal-local,89500,879,879,1.0,0.9956485965319258,0.9999999999999999,True
rs-secondary-causal-local,90000,878,878,1.0,0.9956436620817164,1.0,True
rs-secondary-causal-local,90500,877,877,1.0,0.995638716427562,1.0,True
rs-secondary-causal-local,91000,879,879,1.0,0.9956485965319258,0.9999999999999999,True
rs-secondary-causal-local,91500,876,876,1.0,0.995633759531261,1.0,True
rs-secondary-causal-local,92000,878,878,1.0,0.9956436620817164,1.0,True
rs-secondary-causal-local,92500,876,876,1.0,0.995633759531261,1.0,True
rs-secondary-causal-local,93000,877,877,1.0,0.995638716427562,1.0,True
rs-secondary-causal-local,93500,877,877,1.0,0.995638716427562,1.0,True
rs-secondary-causal-local,94000,877,877,1.0,0.995638716427562,1.0,True
rs-secondary-causal-local,94500,877,877,1.0,0.995638716427562,1.0,True
rs-secondary-causal-local,95000,877,877,1.0,0.995638716427562,1.0,True
rs-secondary-causal-local,95500,877,877,1.0,0.995638716427562,1.0,True
rs-secondary-causal-local,96000,879,879,1.0,0.9956485965319258,0.9999999999999999,True
rs-secondary-causal-local,96500,874,874,1.0,0.9956238118585403,1.0,True
rs-secondary-causal-local,97000,878,878,1.0,0.9956436620817164,1.0,True
rs-secondary-causal-local,97500,877,877,1.0,0.995638716427562,1.0,True
rs-secondary-causal-local,98000,879,879,1.0,0.9956485965319258,0.9999999999999999,True
rs-secondary-causal-local,98500,879,879,1.0,0.9956485965319258,0.9999999999999999,True
rs-secondary-causal-local,99000,879,879,1.0,0.9956485965319258,0.9999999999999999,True
rs-secondary-causal-local,99500,879,879,1.0,0.9956485965319258,0.9999999999999999,True
rs-secondary-causal-local,100000,881,881,1.0,0.9956584319724571,1.0,True
rs-secondary-causal-local,100500,881,881,1.0,0.9956584319724571,1.0,True
rs-secondary-causal-local,101000,878,878,1.0,0.9956436620817164,1.0,True
rs-secondary-causal-local,101500,877,877,1.0,0.995638716427562,1.0,True
rs-secondary-causal-local,102000,874,874,1.0,0.9956238118585403,1.0,True
rs-secondary-causal-local,102500,876,876,1.0,0.995633759531261,1.0,True
rs-secondary-causal-local,103000,875,875,1.0,0.9956287913544376,1.0,True
rs-secondary-causal-local,103500,874,874,1.0,0.9956238118585403,1.0,True
rs-secondary-causal-local,104000,873,873,1.0,0.9956188210048429,1.0,True
rs-secondary-causal-local,104500,872,872,1.0,0.9956138187544413,0.9999999999999999,True
rs-secondary-causal-local,105000,874,874,1.0,0.9956238118585403,1.0,True
rs-secondary-causal-local,105500,873,873,1.0,0.9956188210048429,1.0,True
rs-secondary-causal-local,106000,874,874,1.0,0.9956238118585403,1.0,True
rs-secondary-causal-local,106500,873,873,1.0,0.9956188210048429,1.0,True
rs-secondary-causal-local,107000,876,876,1.0,0.995633759531261,1.0,True
rs-secondary-causal-local,107500,874,874,1.0,0.9956238118585403,1.0,True
rs-secondary-causal-local,108000,876,876,1.0,0.995633759531261,1.0,True
rs-secondary-causal-local,108500,876,876,1.0,0.995633759531261,1.0,True
rs-secondary-causal-local,109000,876,876,1.0,0.995633759531261,1.0,True
rs-secondary-causal-local,109500,875,875,1.0,0.9956287913544376,1.0,True
rs-secondary-causal-local,110000,876,876,1.0,0.995633759531261,1.0,True
rs-secondary-causal-local,110500,874,874,1.0,0.9956238118585403,1.0,True
rs-secondary-causal-local,111000,877,877,1.0,0.995638716427562,1.0,True
rs-secondary-causal-local,111500,875,875,1.0,0.9956287913544376,1.0,True
rs-secondary-causal-local,112000,877,877,1.0,0.995638716427562,1.0,True
rs-secondary-causal-local,112500,875,875,1.0,0.9956287913544376,1.0,True
rs-secondary-causal-local,113000,880,880,1.0,0.9956535198162204,1.0,True
rs-secondary-causal-local,113500,878,878,1.0,0.9956436620817164,1.0,True
rs-secondary-causal-local,114000,877,877,1.0,0.995638716427562,1.0,True
rs-secondary-causal-local,114500,878,878,1.0,0.9956436620817164,1.0,True
rs-secondary-causal-local,115000,878,878,1.0,0.9956436620817164,1.0,True
rs-secondary-causal-local,115500,878,878,1.0,0.9956436620817164,1.0,True
rs-secondary-causal-local,116000,881,881,1.0,0.9956584319724571,1.0,True
rs-secondary-causal-local,116500,875,875,1.0,0.9956287913544376,1.0,True
rs-secondary-causal-local,117000,874,874,1.0,0.9956238118585403,1.0,True
rs-secondary-causal-local,117500,874,874,1.0,0.9956238118585403,1.0,True
rs-secondary-causal-local,118000,875,875,1.0,0.9956287913544376,1.0,True
rs-secondary-causal-local,118500,874,874,1.0,0.9956238118585403,1.0,True
rs-secondary-causal-local,119000,877,877,1.0,0.995638716427562,1.0,True
rs-secondary-causal-local,119500,877,877,1.0,0.995638716427562,1.0,True
rs-secondary-causal-local,120000,877,877,1.0,0.995638716427562,1.0,True
rs-secondary-causal-local,120500,876,876,1.0,0.995633759531261,1.0,True
rs-secondary-causal-local,121000,875,875,1.0,0.9956287913544376,1.0,True
rs-secondary-causal-local,121500,876,876,1.0,0.995633759531261,1.0,True
rs-secondary-causal-local,122000,876,876,1.0,0.995633759531261,1.0,True
rs-secondary-causal-local,122500,876,876,1.0,0.995633759531261,1.0,True
rs-secondary-causal-local,123000,874,874,1.0,0.9956238118585403,1.0,True
rs-secondary-causal-local,123500,877,877,1.0,0.995638716427562,1.0,True
rs-secondary-causal-local,124000,876,876,1.0,0.995633759531261,1.0,True
rs-secondary-causal-local,124500,874,874,1.0,0.9956238118585403,1.0,True
rs-secondary-causal-local,125000,874,874,1.0,0.9956238118585403,1.0,True
rs-secondary-causal-local,125500,874,874,1.0,0.9956238118585403,1.0,True
rs-secondary-causal-local,126000,875,875,1.0,0.9956287913544376,1.0,True
rs-secondary-causal-local,126500,875,875,1.0,0.9956287913544376,1.0,True
rs-secondary-causal-local,127000,875,875,1.0,0.9956287913544376,1.0,True
rs-secondary-causal-local,127500,876,876,1.0,0.995633759531261,1.0,True
rs-secondary-causal-local,128000,875,875,1.0,0.9956287913544376,1.0,True
rs-secondary-causal-local,128500,874,874,1.0,0.9956238118585403,1.0,True
rs-secondary-causal-local,129000,874,874,1.0,0.9956238118585403,1.0,True
rs-secondary-causal-local,129500,875,875,1.0,0.9956287913544376,1.0,True
rs-secondary-causal-local,130000,875,875,1.0,0.9956287913544376,1.0,True
rs-secondary-causal-local,130500,875,875,1.0,0.9956287913544376,1.0,True
rs-secondary-causal-local,131000,874,874,1.0,0.9956238118585403,1.0,True
rs-secondary-causal-local,131500,874,874,1.0,0.9956238118585403,1.0,True
rs-secondary-causal-local,132000,875,875,1.0,0.9956287913544376,1.0,True
rs-secondary-causal-local,132500,876,876,1.0,0.995633759531261,1.0,True
rs-secondary-causal-local,133000,875,875,1.0,0.9956287913544376,1.0,True
rs-secondary-causal-local,133500,875,875,1.0,0.9956287913544376,1.0,True
rs-secondary-causal-local,134000,875,875,1.0,0.9956287913544376,1.0,True
rs-secondary-causal-local,134500,875,875,1.0,0.9956287913544376,1.0,True
rs-secondary-causal-local,135000,873,873,1.0,0.9956188210048429,1.0,True
rs-secondary-causal-local,135500,877,877,1.0,0.995638716427562,1.0,True
rs-secondary-causal-local,136000,876,876,1.0,0.995633759531261,1.0,True
rs-secondary-causal-local,136500,874,874,1.0,0.9956238118585403,1.0,True
rs-secondary-causal-local,137000,874,874,1.0,0.9956238118585403,1.0,True
rs-secondary-causal-local,137500,874,874,1.0,0.9956238118585403,1.0,True
rs-secondary-causal-local,138000,875,875,1.0,0.9956287913544376,1.0,True
rs-secondary-causal-local,138500,876,876,1.0,0.995633759531261,1.0,True
rs-secondary-causal-local,139000,876,876,1.0,0.995633759531261,1.0,True
rs-secondary-causal-local,139500,875,875,1.0,0.9956287913544376,1.0,True
rs-secondary-causal-local,140000,875,875,1.0,0.9956287913544376,1.0,True
rs-secondary-causal-local,140500,876,876,1.0,0.995633759531261,1.0,True
rs-secondary-causal-local,141000,876,876,1.0,0.995633759531261,1.0,True
rs-secondary-causal-local,141500,875,875,1.0,0.9956287913544376,1.0,True
rs-secondary-causal-local,142000,874,874,1.0,0.9956238118585403,1.0,True
rs-secondary-causal-local,142500,874,874,1.0,0.9956238118585403,1.0,True
rs-secondary-causal-local,143000,872,872,1.0,0.9956138187544413,0.9999999999999999,True
rs-secondary-causal-local,143500,874,874,1.0,0.9956238118585403,1.0,True
rs-secondary-causal-local,144000,873,873,1.0,0.9956188210048429,1.0,True
rs-secondary-causal-local,144500,875,875,1.0,0.9956287913544376,1.0,True
rs-secondary-causal-local,145000,874,874,1.0,0.9956238118585403,1.0,True
rs-secondary-causal-local,145500,876,876,1.0,0.995633759531261,1.0,True
rs-secondary-causal-local,146000,876,876,1.0,0.995633759531261,1.0,True
rs-secondary-causal-local,146500,876,876,1.0,0.995633759531261,1.0,True
rs-secondary-causal-local,147000,873,873,1.0,0.9956188210048429,1.0,True
rs-secondary-causal-local,147500,875,875,1.0,0.9956287913544376,1.0,True
rs-secondary-causal-local,148000,876,876,1.0,0.995633759531261,1.0,True
rs-secondary-causal-local,148500,875,875,1.0,0.9956287913544376,1.0,True
rs-secondary-causal-local,149000,874,874,1.0,0.9956238118585403,1.0,True
rs-secondary-causal-local,149500,872,872,1.0,0.9956138187544413,0.9999999999999999,True
rs-secondary-causal-local,150000,877,877,1.0,0.995638716427562,1.0,True
rs-secondary-causal-local,150500,876,876,1.0,0.995633759531261,1.0,True
rs-secondary-causal-local,151000,873,873,1.0,0.9956188210048429,1.0,True
rs-secondary-causal-local,151500,875,875,1.0,0.9956287913544376,1.0,True
rs-secondary-causal-local,152000,877,877,1.0,0.995638716427562,1.0,True
rs-secondary-causal-local,152500,878,878,1.0,0.9956436620817164,1.0,True
rs-secondary-causal-local,153000,878,878,1.0,0.9956436620817164,1.0,True
rs-secondary-causal-local,153500,878,878,1.0,0.9956436620817164,1.0,True
rs-secondary-causal-local,154000,878,878,1.0,0.9956436620817164,1.0,True
rs-secondary-causal-local,154500,879,879,1.0,0.9956485965319258,0.9999999999999999,True
rs-secondary-causal-local,155000,877,877,1.0,0.995638716427562,1.0,True
rs-secondary-causal-local,155500,879,879,1.0,0.9956485965319258,0.9999999999999999,True
rs-secondary-causal-local,156000,877,877,1.0,0.995638716427562,1.0,True
rs-secondary-causal-local,156500,878,878,1.0,0.9956436620817164,1.0,True
rs-secondary-causal-local,157000,879,879,1.0,0.9956485965319258,0.9999999999999999,True
rs-secondary-causal-local,157500,876,876,1.0,0.995633759531261,1.0,True
rs-secondary-causal-local,158000,875,875,1.0,0.9956287913544376,1.0,True
rs-secondary-causal-local,158500,877,877,1.0,0.995638716427562,1.0,True
rs-secondary-causal-local,159000,879,879,1.0,0.9956485965319258,0.9999999999999999,True
rs-secondary-causal-local,159500,878,878,1.0,0.9956436620817164,1.0,True
rs-secondary-causal-local,160000,880,880,1.0,0.9956535198162204,1.0,True
rs-secondary-causal-local,160500,879,879,1.0,0.9956485965319258,0.9999999999999999,True
rs-secondary-causal-local,161000,878,878,1.0,0.9956436620817164,1.0,True
rs-secondary-causal-local,161500,880,880,1.0,0.9956535198162204,1.0,True
rs-secondary-causal-local,162000,877,877,1.0,0.995638716427562,1.0,True
rs-secondary-causal-local,162500,878,878,1.0,0.9956436620817164,1.0,True
rs-secondary-causal-local,163000,877,877,1.0,0.995638716427562,1.0,True
rs-secondary-causal-local,163500,877,877,1.0,0.995638716427562,1.0,True
rs-secondary-causal-local,164000,878,878,1.0,0.9956436620817164,1.0,True
rs-secondary-causal-local,164500,880,880,1.0,0.9956535198162204,1.0,True
rs-secondary-causal-local,165000,880,880,1.0,0.9956535198162204,1.0,True
rs-secondary-causal-local,165500,879,879,1.0,0.9956485965319258,0.9999999999999999,True
rs-secondary-causal-local,166000,878,878,1.0,0.9956436620817164,1.0,True
rs-secondary-causal-local,166500,878,878,1.0,0.9956436620817164,1.0,True
rs-secondary-causal-local,167000,877,877,1.0,0.995638716427562,1.0,True
rs-secondary-causal-local,167500,876,876,1.0,0.995633759531261,1.0,True
rs-secondary-causal-local,168000,877,877,1.0,0.995638716427562,1.0,True
rs-secondary-causal-local,168500,880,880,1.0,0.9956535198162204,1.0,True
rs-secondary-causal-local,169000,881,881,1.0,0.9956584319724571,1.0,True
rs-secondary-causal-local,169500,879,879,1.0,0.9956485965319258,0.9999999999999999,True
rs-secondary-causal-local,170000,879,879,1.0,0.9956485965319258,0.9999999999999999,True
rs-secondary-causal-local,170500,878,878,1.0,0.9956436620817164,1.0,True
rs-secondary-causal-local,171000,879,879,1.0,0.9956485965319258,0.9999999999999999,True
rs-secondary-causal-local,171500,875,875,1.0,0.9956287913544376,1.0,True
rs-secondary-causal-local,172000,877,877,1.0,0.995638716427562,1.0,True
rs-secondary-causal-local,172500,877,877,1.0,0.995638716427562,1.0,True
rs-secondary-causal-local,173000,877,877,1.0,0.995638716427562,1.0,True
rs-secondary-causal-local,173500,874,874,1.0,0.9956238118585403,1.0,True
rs-secondary-causal-local,174000,876,876,1.0,0.995633759531261,1.0,True
rs-secondary-causal-local,174500,877,877,1.0,0.995638716427562,1.0,True
rs-secondary-causal-local,175000,878,878,1.0,0.9956436620817164,1.0,True
rs-secondary-causal-local,175500,879,879,1.0,0.9956485965319258,0.9999999999999999,True
rs-secondary-causal-local,176000,880,880,1.0,0.9956535198162204,1.0,True
rs-secondary-causal-local,176500,881,881,1.0,0.9956584319724571,1.0,True
rs-secondary-causal-local,177000,880,880,1.0,0.9956535198162204,1.0,True
rs-secondary-causal-local,177500,880,880,1.0,0.9956535198162204,1.0,True
rs-secondary-causal-local,178000,878,878,1.0,0.9956436620817164,1.0,True
rs-secondary-causal-local,178500,878,878,1.0,0.9956436620817164,1.0,True
rs-secondary-causal-local,179000,874,874,1.0,0.9956238118585403,1.0,True
rs-secondary-causal-local,179500,878,878,1.0,0.9956436620817164,1.0,True
rs-secondary-causal-local,180000,878,878,1.0,0.9956436620817164,1.0,True
rs-secondary-causal-local,180500,877,877,1.0,0.995638716427562,1.0,True
rs-secondary-causal-local,181000,877,877,1.0,0.995638716427562,1.0,True
rs-secondary-causal-local,181500,875,875,1.0,0.9956287913544376,1.0,True
rs-secondary-causal-local,182000,875,875,1.0,0.9956287913544376,1.0,True
rs-secondary-causal-local,182500,873,873,1.0,0.9956188210048429,1.0,True
rs-secondary-causal-local,183000,876,876,1.0,0.995633759531261,1.0,True
rs-secondary-causal-local,183500,876,876,1.0,0.995633759531261,1.0,True
rs-secondary-causal-local,184000,875,875,1.0,0.9956287913544376,1.0,True
rs-secondary-causal-local,184500,874,874,1.0,0.9956238118585403,1.0,True
rs-secondary-causal-local,185000,874,874,1.0,0.9956238118585403,1.0,True
rs-secondary-causal-local,185500,872,872,1.0,0.9956138187544413,0.9999999999999999,True
rs-secondary-causal-local,186000,871,871,1.0,0.9956088050682548,1.0,True
rs-secondary-causal-local,186500,872,872,1.0,0.9956138187544413,0.9999999999999999,True
rs-secondary-causal-local,187000,869,869,1.0,0.9955987432313033,0.9999999999999999,True
rs-secondary-causal-local,187500,870,870,1.0,0.9956037799070222,1.0,True
rs-secondary-causal-local,188000,873,873,1.0,0.9956188210048429,1.0,True
rs-secondary-causal-local,188500,870,870,1.0,0.9956037799070222,1.0,True
rs-secondary-causal-local,189000,873,873,1.0,0.9956188210048429,1.0,True
rs-secondary-causal-local,189500,873,873,1.0,0.9956188210048429,1.0,True
rs-secondary-causal-local,190000,870,870,1.0,0.9956037799070222,1.0,True
rs-secondary-causal-local,190500,873,873,1.0,0.9956188210048429,1.0,True
rs-secondary-causal-local,191000,872,872,1.0,0.9956138187544413,0.9999999999999999,True
rs-secondary-causal-local,191500,872,872,1.0,0.9956138187544413,0.9999999999999999,True
rs-secondary-causal-local,192000,875,875,1.0,0.9956287913544376,1.0,True
rs-secondary-causal-local,192500,875,875,1.0,0.9956287913544376,1.0,True
rs-secondary-causal-local,193000,872,872,1.0,0.9956138187544413,0.9999999999999999,True
rs-secondary-causal-local,193500,872,872,1.0,0.9956138187544413,0.9999999999999999,True
rs-secondary-causal-local,194000,873,873,1.0,0.9956188210048429,1.0,True
rs-secondary-causal-local,194500,872,872,1.0,0.9956138187544413,0.9999999999999999,True
rs-secondary-causal-local,195000,865,865,1.0,0.9955784805884064,0.9999999999999999,True
rs-secondary-causal-local,195500,850,850,1.0,0.9955008048331212,0.9999999999999999,True
rs-secondary-causal-local,196000,828,828,1.0,0.9953818130759511,1.0,True
rs-secondary-causal-local,196500,806,806,1.0,0.9952563563047392,1.0,True
rs-secondary-causal-local,197000,774,774,1.0,0.9950612052633853,1.0,True
rs-secondary-causal-local,197500,754,754,1.0,0.9949308668196625,0.9999999999999999,True
rs-secondary-causal-local,198000,722,722,1.0,0.9947073851925818,0.9999999999999998,True
rs-secondary-causal-local,198500,706,706,1.0,0.9945880883847887,0.9999999999999999,True
rs-secondary-causal-local,199000,647,647,1.0,0.9940974885440638,1.0,True
rs-secondary-causal-local,199500,615,615,1.0,0.9937922725298366,1.0,True
rs-secondary-causal-local,200000,270,270,1.0,0.9859714521095407,1.0,True
rs-secondary-causal-local,200500,234,234,1.0,0.9838480736759255,1.0,True
rs-secondary-causal-local,201000,166,166,1.0,0.9773812776139649,0.9999999999999999,True
rs-secondary-causal-local,201500,141,141,1.0,0.9734772330601154,1.0,True
rs-secondary-causal-local,202000,116,116,1.0,0.9679443532129076,0.9999999999999999,True
rs-secondary-causal-local,202500,94,94,1.0,0.9607365374237544,1.0,True
rs-secondary-causal-local,203000,56,56,1.0,0.9358038555118846,1.0,True
rs-secondary-causal-local,203500,44,44,1.0,0.9197016822179859,0.9999999999999999,True
rs-secondary-causal-local,205500,1,1,1.0,0.20654329147389294,1.0,False
rs-secondary-causal-majority,0,0,928,0.0,0.0,0.0041225890752248015,True
rs-secondary-causal-majority,500,0,859,0.0,0.0,0.004452265630215325,True
rs-secondary-causal-majority,1000,0,869,0.0,0.0,0.004401256768696633,True
rs-secondary-causal-majority,1500,0,904,0.0,0.0,0.004231575199902714,True
rs-secondary-causal-majority,2000,0,894,0.0,0.0,0.004278705731612346,True
rs-secondary-causal-majority,2500,0,888,0.0,0.0,0.0043074913751500275,True
rs-secondary-causal-majority,3000,0,886,0.0,0.0,0.004317172854134938,True
rs-secondary-causal-majority,3500,0,886,0.0,0.0,0.004317172854134938,True
rs-secondary-causal-majority,4000,0,889,0.0,0.0,0.004302666900825409,True
rs-secondary-causal-majority,4500,0,888,0.0,0.0,0.0043074913751500275,True
rs-secondary-causal-majority,5000,0,886,0.0,0.0,0.004317172854134938,True
rs-secondary-causal-majority,5500,0,889,0.0,0.0,0.004302666900825409,True
rs-secondary-causal-majority,6000,0,887,0.0,0.0,0.004312326680747733,True
rs-secondary-causal-majority,6500,0,885,0.0,0.0,0.0043220299319923815,True
rs-secondary-causal-majority,7000,0,887,0.0,0.0,0.004312326680747733,True
rs-secondary-causal-majority,7500,0,886,0.0,0.0,0.004317172854134938,True
rs-secondary-causal-majority,8000,2,885,0.0022598870056497176,0.0006199484711659764,0.008202320873563164,True
rs-secondary-causal-majority,8500,359,884,0.4061085972850679,0.37420780778489,0.4388219038213244,True
rs-secondary-causal-majority,9000,501,883,0.5673839184597962,0.5344828159324921,0.5997012367777101,True
rs-secondary-causal-majority,9500,523,886,0.590293453724605,0.5575888202951983,0.6222184622593597,True
rs-secondary-causal-majority,10000,537,883,0.608154020385051,0.5755530817933475,0.6398179607919349,True
rs-secondary-causal-majority,10500,543,882,0.6156462585034014,0.5831069578977921,0.6471825204920238,True
rs-secondary-causal-majority,11000,549,884,0.6210407239819005,0.5886013853522654,0.6524326008903256,True
rs-secondary-causal-majority,11500,553,883,0.6262740656851642,0.5938809971635669,0.6575731520328622,True
rs-secondary-causal-majority,12000,579,883,0.6557191392978482,0.6237658461244565,0.686323351315086,True
rs-secondary-causal-majority,12500,711,884,0.8042986425339367,0.7768515798791741,0.8291123668428538,True
rs-secondary-causal-majority,13000,763,883,0.8640996602491506,0.8399132965842439,0.8851316268834869,True
rs-secondary-causal-majority,13500,781,882,0.8854875283446711,0.8627794011684994,0.9048521934642205,True
rs-secondary-causal-majority,14000,804,880,0.9136363636363637,0.8932322887603548,0.9304447139967005,True
rs-secondary-causal-majority,14500,853,878,0.9715261958997722,0.9583038538097528,0.9806402830964671,True
rs-secondary-causal-majority,15000,869,877,0.9908779931584949,0.9821035820385065,0.9953706880232163,True
rs-secondary-causal-majority,15500,868,876,0.9908675799086758,0.9820832726637363,0.995365395369237,True
rs-secondary-causal-majority,16000,870,877,0.992018244013683,0.9836164204587572,0.9961284053986954,True
rs-secondary-causal-majority,16500,874,879,0.9943117178612059,0.9867535693326067,0.9975679669429832,True
rs-secondary-causal-majority,17000,873,877,0.9954389965792474,0.9883315363045777,0.9982249569400645,True
rs-secondary-causal-majority,17500,874,878,0.9954441913439636,0.9883447578442988,0.9982269802093382,True
rs-secondary-causal-majority,18000,874,876,0.997716894977169,0.9917138067353805,0.9993736799213088,True
rs-secondary-causal-majority,18500,876,877,0.9988597491448119,0.9935694660930341,0.999798694538798,True
rs-secondary-causal-majority,19000,876,876,1.0,0.995633759531261,1.0,True
rs-secondary-causal-majority,19500,879,879,1.0,0.9956485965319258,0.9999999999999999,True
rs-secondary-causal-majority,20000,880,880,1.0,0.9956535198162204,1.0,True
rs-secondary-causal-majority,20500,879,879,1.0,0.9956485965319258,0.9999999999999999,True
rs-secondary-causal-majority,21000,884,884,1.0,0.9956731020488339,1.0,True
rs-secondary-causal-majority,21500,879,879,1.0,0.9956485965319258,0.9999999999999999,True
rs-secondary-causal-majority,22000,881,881,1.0,0.9956584319724571,1.0,True
rs-secondary-causal-majority,22500,879,879,1.0,0.9956485965319258,0.9999999999999999,True
rs-secondary-causal-majority,23000,884,884,1.0,0.9956731020488339,1.0,True
rs-secondary-causal-majority,23500,883,883,1.0,0.9956682230513316,0.9999999999999998,True
rs-secondary-causal-majority,24000,880,880,1.0,0.9956535198162204,1.0,True
rs-secondary-causal-majority,24500,883,883,1.0,0.9956682230513316,0.9999999999999998,True
rs-secondary-causal-majority,25000,882,882,1.0,0.9956633330383221,1.0,True
rs-secondary-causal-majority,25500,884,884,1.0,0.9956731020488339,1.0,True
rs-secondary-causal-majority,26000,884,884,1.0,0.9956731020488339,1.0,True
rs-secondary-causal-majority,26500,882,882,1.0,0.9956633330383221,1.0,True
rs-secondary-causal-majority,27000,882,882,1.0,0.9956633330383221,1.0,True
rs-secondary-causal-majority,27500,883,883,1.0,0.9956682230513316,0.9999999999999998,True
rs-secondary-causal-majority,28000,883,883,1.0,0.9956682230513316,0.9999999999999998,True
rs-secondary-causal-majority,28500,880,880,1.0,0.9956535198162204,1.0,True
rs-secondary-causal-majority,29000,881,881,1.0,0.9956584319724571,1.0,True
rs-secondary-causal-majority,29500,879,879,1.0,0.9956485965319258,0.9999999999999999,True
rs-secondary-causal-majority,30000,880,880,1.0,0.9956535198162204,1.0,True
rs-secondary-causal-majority,30500,881,881,1.0,0.9956584319724571,1.0,True
rs-secondary-causal-majority,31000,877,877,1.0,0.995638716427562,1.0,True
rs-secondary-causal-majority,31500,878,878,1.0,0.9956436620817164,1.0,True
rs-secondary-causal-majority,32000,878,878,1.0,0.9956436620817164,1.0,True
rs-secondary-causal-majority,32500,878,878,1.0,0.9956436620817164,1.0,True
rs-secondary-causal-majority,33000,878,878,1.0,0.9956436620817164,1.0,True
rs-secondary-causal-majority,33500,878,878,1.0,0.9956436620817164,1.0,True
rs-secondary-causal-majority,34000,877,877,1.0,0.995638716427562,1.0,True
rs-secondary-causal-majority,34500,878,878,1.0,0.9956436620817164,1.0,True
rs-secondary-causal-majority,35000,877,877,1.0,0.995638716427562,1.0,True
rs-secondary-causal-majority,35500,877,877,1.0,0.995638716427562,1.0,True
rs-secondary-causal-majority,36000,878,878,1.0,0.9956436620817164,1.0,True
rs-secondary-causal-majority,36500,877,877,1.0,0.995638716427562,1.0,True
rs-secondary-causal-majority,37000,877,877,1.0,0.995638716427562,1.0,True
rs-secondary-causal-majority,37500,878,878,1.0,0.9956436620817164,1.0,True
rs-secondary-causal-majority,38000,877,877,1.0,0.995638716427562,1.0,True
rs-secondary-causal-majority,38500,877,877,1.0,0.995638716427562,1.0,True
rs-secondary-causal-majority,39000,878,878,1.0,0.9956436620817164,1.0,True
rs-secondary-causal-majority,39500,878,878,1.0,0.9956436620817164,1.0,True
rs-secondary-causal-majority,40000,875,875,1.0,0.9956287913544376,1.0,True
rs-secondary-causal-majority,40500,878,878,1.0,0.9956436620817164,1.0,True
rs-secondary-causal-majority,41000,876,876,1.0,0.995633759531261,1.0,True
rs-secondary-causal-majority,41500,876,876,1.0,0.995633759531261,1.0,True
rs-secondary-causal-majority,42000,878,878,1.0,0.9956436620817164,1.0,True
rs-secondary-causal-majority,42500,876,876,1.0,0.995633759531261,1.0,True
rs-secondary-causal-majority,43000,877,877,1.0,0.995638716427562,1.0,True
rs-secondary-causal-majority,43500,876,876,1.0,0.995633759531261,1.0,True
rs-secondary-causal-majority,44000,878,878,1.0,0.9956436620817164,1.0,True
rs-secondary-causal-majority,44500,876,876,1.0,0.995633759531261,1.0,True
rs-secondary-causal-majority,45000,876,876,1.0,0.995633759531261,1.0,True
rs-secondary-causal-majority,45500,877,877,1.0,0.995638716427562,1.0,True
rs-secondary-causal-majority,46000,876,876,1.0,0.995633759531261,1.0,True
rs-secondary-causal-majority,46500,878,878,1.0,0.9956436620817164,1.0,True
rs-secondary-causal-majority,47000,876,876,1.0,0.995633759531261,1.0,True
rs-secondary-causal-majority,47500,876,876,1.0,0.995633759531261,1.0,True
rs-secondary-causal-majority,48000,878,878,1.0,0.9956436620817164,1.0,True
rs-secondary-causal-majority,48500,878,878,1.0,0.9956436620817164,1.0,True
rs-secondary-causal-majority,49000,884,884,1.0,0.9956731020488339,1.0,True
rs-secondary-causal-majority,49500,882,882,1.0,0.9956633330383221,1.0,True
rs-secondary-causal-majority,50000,881,881,1.0,0.9956584319724571,1.0,True
rs-secondary-causal-majority,50500,881,881,1.0,0.9956584319724571,1.0,True
rs-secondary-causal-majority,51000,880,880,1.0,0.9956535198162204,1.0,True
rs-secondary-causal-majority,51500,881,881,1.0,0.9956584319724571,1.0,True
rs-secondary-causal-majority,52000,881,881,1.0,0.9956584319724571,1.0,True
rs-secondary-causal-majority,52500,881,881,1.0,0.9956584319724571,1.0,True
rs-secondary-causal-majority,53000,879,879,1.0,0.9956485965319258,0.9999999999999999,True
rs-secondary-causal-majority,53500,880,880,1.0,0.9956535198162204,1.0,True
rs-secondary-causal-majority,54000,880,880,1.0,0.9956535198162204,1.0,True
rs-secondary-causal-majority,54500,880,880,1.0,0.9956535198162204,1.0,True
rs-secondary-causal-majority,55000,878,878,1.0,0.9956436620817164,1.0,True
rs-secondary-causal-majority,55500,877,877,1.0,0.995638716427562,1.0,True
rs-secondary-causal-majority,56000,877,877,1.0,0.995638716427562,1.0,True
rs-secondary-causal-majority,56500,876,876,1.0,0.995633759531261,1.0,True
rs-secondary-causal-majority,57000,879,879,1.0,0.9956485965319258,0.9999999999999999,True
rs-secondary-causal-majority,57500,877,877,1.0,0.995638716427562,1.0,True
rs-secondary-causal-majority,58000,879,879,1.0,0.9956485965319258,0.9999999999999999,True
rs-secondary-causal-majority,58500,876,876,1.0,0.995633759531261,1.0,True
rs-secondary-causal-majority,59000,879,879,1.0,0.9956485965319258,0.9999999999999999,True
rs-secondary-causal-majority,59500,876,876,1.0,0.995633759531261,1.0,True
rs-secondary-causal-majority,60000,880,880,1.0,0.9956535198162204,1.0,True
rs-secondary-causal-majority,60500,878,878,1.0,0.9956436620817164,1.0,True
rs-secondary-causal-majority,61000,879,879,1.0,0.9956485965319258,0.9999999999999999,True
rs-secondary-causal-majority,61500,877,877,1.0,0.995638716427562,1.0,True
rs-secondary-causal-majority,62000,879,879,1.0,0.9956485965319258,0.9999999999999999,True
rs-secondary-causal-majority,62500,878,878,1.0,0.9956436620817164,1.0,True
rs-secondary-causal-majority,63000,878,878,1.0,0.9956436620817164,1.0,True
rs-secondary-causal-majority,63500,878,878,1.0,0.9956436620817164,1.0,True
rs-secondary-causal-majority,64000,878,878,1.0,0.9956436620817164,1.0,True
rs-secondary-causal-majority,64500,877,877,1.0,0.995638716427562,1.0,True
rs-secondary-causal-majority,65000,880,880,1.0,0.9956535198162204,1.0,True
rs-secondary-causal-majority,65500,877,877,1.0,0.995638716427562,1.0,True
rs-secondary-causal-majority,66000,878,878,1.0,0.9956436620817164,1.0,True
rs-secondary-causal-majority,66500,877,877,1.0,0.995638716427562,1.0,True
rs-secondary-causal-majority,67000,878,878,1.0,0.9956436620817164,1.0,True
rs-secondary-causal-majority,67500,879,879,1.0,0.9956485965319258,0.9999999999999999,True
rs-secondary-causal-majority,68000,878,878,1.0,0.9956436620817164,1.0,True
rs-secondary-causal-majority,68500,878,878,1.0,0.9956436620817164,1.0,True
rs-secondary-causal-majority,69000,877,877,1.0,0.995638716427562,1.0,True
rs-secondary-causal-majority,69500,879,879,1.0,0.9956485965319258,0.9999999999999999,True
rs-secondary-causal-majority,70000,878,878,1.0,0.9956436620817164,1.0,True
rs-secondary-causal-majority,70500,877,877,1.0,0.995638716427562,1.0,True
rs-secondary-causal-majority,71000,879,879,1.0,0.9956485965319258,0.9999999999999999,True
rs-secondary-causal-majority,71500,878,878,1.0,0.9956436620817164,1.0,True
rs-secondary-causal-majority,72000,878,878,1.0,0.9956436620817164,1.0,True
rs-secondary-causal-majority,72500,877,877,1.0,0.995638716427562,1.0,True
rs-secondary-causal-majority,73000,876,876,1.0,0.995633759531261,1.0,True
rs-secondary-causal-majority,73500,878,878,1.0,0.9956436620817164,1.0,True
rs-secondary-causal-majority,74000,880,880,1.0,0.9956535198162204,1.0,True
rs-secondary-causal-majority,74500,880,880,1.0,0.9956535198162204,1.0,True
rs-secondary-causal-majority,75000,879,879,1.0,0.9956485965319258,0.9999999999999999,True
rs-secondary-causal-majority,75500,878,878,1.0,0.9956436620817164,1.0,True
rs-secondary-causal-majority,76000,879,879,1.0,0.9956485965319258,0.9999999999999999,True
rs-secondary-causal-majority,76500,876,876,1.0,0.995633759531261,1.0,True
rs-secondary-causal-majority,77000,880,880,1.0,0.9956535198162204,1.0,True
rs-secondary-causal-majority,77500,877,877,1.0,0.995638716427562,1.0,True
rs-secondary-causal-majority,78000,879,879,1.0,0.9956485965319258,0.9999999999999999,True
rs-secondary-causal-majority,78500,878,878,1.0,0.9956436620817164,1.0,True
rs-secondary-causal-majority,79000,876,876,1.0,0.995633759531261,1.0,True
rs-secondary-causal-majority,79500,878,878,1.0,0.9956436620817164,1.0,True
rs-secondary-causal-majority,80000,877,877,1.0,0.995638716427562,1.0,True
rs-secondary-causal-majority,80500,877,877,1.0,0.995638716427562,1.0,True
rs-secondary-causal-majority,81000,878,878,1.0,0.9956436620817164,1.0,True
rs-secondary-causal-majority,81500,878,878,1.0,0.9956436620817164,1.0,True
rs-secondary-causal-majority,82000,877,877,1.0,0.995638716427562,1.0,True
rs-secondary-causal-majority,82500,877,877,1.0,0.995638716427562,1.0,True
rs-secondary-causal-majority,83000,879,879,1.0,0.9956485965319258,0.9999999999999999,True
rs-secondary-causal-majority,83500,878,878,1.0,0.9956436620817164,1.0,True
rs-secondary-causal-majority,84000,879,879,1.0,0.9956485965319258,0.9999999999999999,True
rs-secondary-causal-majority,84500,879,879,1.0,0.9956485965319258,0.9999999999999999,True
rs-secondary-causal-majority,85000,877,877,1.0,0.995638716427562,1.0,True
rs-secondary-causal-majority,85500,877,877,1.0,0.995638716427562,1.0,True
rs-secondary-causal-majority,86000,879,879,1.0,0.9956485965319258,0.9999999999999999,True
rs-secondary-causal-majority,86500,880,880,1.0,0.9956535198162204,1.0,True
rs-secondary-causal-majority,87000,879,879,1.0,0.9956485965319258,0.9999999999999999,True
rs-secondary-causal-majority,87500,879,879,1.0,0.9956485965319258,0.9999999999999999,True
rs-secondary-causal-majority,88000,877,877,1.0,0.995638716427562,1.0,True
rs-secondary-causal-majority,88500,877,877,1.0,0.995638716427562,1.0,True
rs-secondary-causal-majority,89000,879,879,1.0,0.9956485965319258,0.9999999999999999,True
rs-secondary-causal-majority,89500,876,876,1.0,0.995633759531261,1.0,True
rs-secondary-causal-majority,90000,877,877,1.0,0.995638716427562,1.0,True
rs-secondary-causal-majority,90500,879,879,1.0,0.9956485965319258,0.9999999999999999,True
rs-secondary-causal-majority,91000,877,877,1.0,0.995638716427562,1.0,True
rs-secondary-causal-majority,91500,877,877,1.0,0.995638716427562,1.0,True
rs-secondary-causal-majority,92000,877,877,1.0,0.995638716427562,1.0,True
rs-secondary-causal-majority,92500,877,877,1.0,0.995638716427562,1.0,True
rs-secondary-causal-majority,93000,877,877,1.0,0.995638716427562,1.0,True
rs-secondary-causal-majority,93500,877,877,1.0,0.995638716427562,1.0,True
rs-secondary-causal-majority,94000,877,877,1.0,0.995638716427562,1.0,True
rs-secondary-causal-majority,94500,877,877,1.0,0.995638716427562,1.0,True
rs-secondary-causal-majority,95000,877,877,1.0,0.995638716427562,1.0,True
rs-secondary-causal-majority,95500,877,877,1.0,0.995638716427562,1.0,True
rs-secondary-causal-majority,96000,876,876,1.0,0.995633759531261,1.0,True
rs-secondary-causal-majority,96500,875,875,1.0,0.9956287913544376,1.0,True
rs-secondary-causal-majority,97000,875,875,1.0,0.9956287913544376,1.0,True
rs-secondary-causal-majority,97500,876,876,1.0,0.995633759531261,1.0,True
rs-secondary-causal-majority,98000,876,876,1.0,0.995633759531261,1.0,True
rs-secondary-causal-majority,98500,875,875,1.0,0.9956287913544376,1.0,True
rs-secondary-causal-majority,99000,875,875,1.0,0.9956287913544376,1.0,True
rs-secondary-causal-majority,99500,876,876,1.0,0.995633759531261,1.0,True
rs-secondary-causal-majority,100000,875,875,1.0,0.9956287913544376,1.0,True
rs-secondary-causal-majority,100500,876,876,1.0,0.995633759531261,1.0,True
rs-secondary-causal-majority,101000,876,876,1.0,0.995633759531261,1.0,True
rs-secondary-causal-majority,101500,877,877,1.0,0.995638716427562,1.0,True
rs-secondary-causal-majority,102000,876,876,1.0,0.995633759531261,1.0,True
rs-secondary-causal-majority,102500,877,877,1.0,0.995638716427562,1.0,True
rs-secondary-causal-majority,103000,876,876,1.0,0.995633759531261,1.0,True
rs-secondary-causal-majority,103500,876,876,1.0,0.995633759531261,1.0,True
rs-secondary-causal-majority,104000,878,878,1.0,0.9956436620817164,1.0,True
rs-secondary-causal-majority,104500,877,877,1.0,0.995638716427562,1.0,True
rs-secondary-causal-majority,105000,876,876,1.0,0.995633759531261,1.0,True
rs-secondary-causal-majority,105500,876,876,1.0,0.995633759531261,1.0,True
rs-secondary-causal-majority,106000,875,875,1.0,0.9956287913544376,1.0,True
rs-secondary-causal-majority,106500,876,876,1.0,0.995633759531261,1.0,True
rs-secondary-causal-majority,107000,878,878,1.0,0.9956436620817164,1.0,True
rs-secondary-causal-majority,107500,877,877,1.0,0.995638716427562,1.0,True
rs-secondary-causal-majority,108000,880,880,1.0,0.9956535198162204,1.0,True
rs-secondary-causal-majority,108500,880,880,1.0,0.9956535198162204,1.0,True
rs-secondary-causal-majority,109000,878,878,1.0,0.9956436620817164,1.0,True
rs-secondary-causal-majority,109500,881,881,1.0,0.9956584319724571,1.0,True
rs-secondary-causal-majority,110000,880,880,1.0,0.9956535198162204,1.0,True
rs-secondary-causal-majority,110500,878,878,1.0,0.9956436620817164,1.0,True
rs-secondary-causal-majority,111000,879,879,1.0,0.9956485965319258,0.9999999999999999,True
rs-secondary-causal-majority,111500,882,882,1.0,0.9956633330383221,1.0,True
rs-secondary-causal-majority,112000,880,880,1.0,0.9956535198162204,1.0,True
rs-secondary-causal-majority,112500,880,880,1.0,0.9956535198162204,1.0,True
rs-secondary-causal-majority,113000,879,879,1.0,0.9956485965319258,0.9999999999999999,True
rs-secondary-causal-majority,113500,879,879,1.0,0.9956485965319258,0.9999999999999999,True
rs-secondary-causal-majority,114000,879,879,1.0,0.9956485965319258,0.9999999999999999,True
rs-secondary-causal-majority,114500,880,880,1.0,0.9956535198162204,1.0,True
rs-secondary-causal-majority,115000,877,877,1.0,0.995638716427562,1.0,True
rs-secondary-causal-majority,115500,877,877,1.0,0.995638716427562,1.0,True
rs-secondary-causal-majority,116000,877,877,1.0,0.995638716427562,1.0,True
rs-secondary-causal-majority,116500,876,876,1.0,0.995633759531261,1.0,True
rs-secondary-causal-majority,117000,878,878,1.0,0.9956436620817164,1.0,True
rs-secondary-causal-majority,117500,876,876,1.0,0.995633759531261,1.0,True
rs-secondary-causal-majority,118000,878,878,1.0,0.9956436620817164,1.0,True
rs-secondary-causal-majority,118500,877,877,1.0,0.995638716427562,1.0,True
rs-secondary-causal-majority,119000,877,877,1.0,0.995638716427562,1.0,True
rs-secondary-causal-majority,119500,877,877,1.0,0.995638716427562,1.0,True
rs-secondary-causal-majority,120000,877,877,1.0,0.995638716427562,1.0,True
rs-secondary-causal-majority,120500,877,877,1.0,0.995638716427562,1.0,True
rs-secondary-causal-majority,121000,877,877,1.0,0.995638716427562,1.0,True
rs-secondary-causal-majority,121500,877,877,1.0,0.995638716427562,1.0,True
rs-secondary-causal-majority,122000,877,877,1.0,0.995638716427562,1.0,True
rs-secondary-causal-majority,122500,877,877,1.0,0.995638716427562,1.0,True
rs-secondary-causal-majority,123000,876,876,1.0,0.995633759531261,1.0,True
rs-secondary-causal-majority,123500,878,878,1.0,0.9956436620817164,1.0,True
rs-secondary-causal-majority,124000,876,876,1.0,0.995633759531261,1.0,True
rs-secondary-causal-majority,124500,877,877,1.0,0.995638716427562,1.0,True
rs-secondary-causal-majority,125000,877,877,1.0,0.995638716427562,1.0,True
rs-secondary-causal-majority,125500,877,877,1.0,0.995638716427562,1.0,True
rs-secondary-causal-majority,126000,877,877,1.0,0.995638716427562,1.0,True
rs-secondary-causal-majority,126500,877,877,1.0,0.995638716427562,1.0,True
rs-secondary-causal-majority,127000,877,877,1.0,0.995638716427562,1.0,True
rs-secondary-causal-majority,127500,878,878,1.0,0.9956436620817164,1.0,True
rs-secondary-causal-majority,128000,877,877,1.0,0.995638716427562,1.0,True
rs-secondary-causal-majority,128500,877,877,1.0,0.995638716427562,1.0,True
rs-secondary-causal-majority,129000,877,877,1.0,0.995638716427562,1.0,True
rs-secondary-causal-majority,129500,876,876,1.0,0.995633759531261,1.0,True
rs-secondary-causal-majority,130000,875,875,1.0,0.9956287913544376,1.0,True
rs-secondary-causal-majority,130500,877,877,1.0,0.995638716427562,1.0,True
rs-secondary-causal-majority,131000,875,875,1.0,0.9956287913544376,1.0,True
rs-secondary-causal-majority,131500,878,878,1.0,0.9956436620817164,1.0,True
rs-secondary-causal-majority,132000,877,877,1.0,0.995638716427562,1.0,True
rs-secondary-causal-majority,132500,877,877,1.0,0.995638716427562,1.0,True
rs-secondary-causal-majority,133000,877,877,1.0,0.995638716427562,1.0,True
rs-secondary-causal-majority,133500,878,878,1.0,0.9956436620817164,1.0,True
rs-secondary-causal-majority,134000,877,877,1.0,0.995638716427562,1.0,True
rs-secondary-causal-majority,134500,878,878,1.0,0.9956436620817164,1.0,True
rs-secondary-causal-majority,135000,878,878,1.0,0.9956436620817164,1.0,True
rs-secondary-causal-majority,135500,877,877,1.0,0.995638716427562,1.0,True
rs-secondary-causal-majority,136000,877,877,1.0,0.995638716427562,1.0,True
rs-secondary-causal-majority,136500,878,878,1.0,0.9956436620817164,1.0,True
rs-secondary-causal-majority,137000,877,877,1.0,0.995638716427562,1.0,True
rs-secondary-causal-majority,137500,876,876,1.0,0.995633759531261,1.0,True
rs-secondary-causal-majority,138000,876,876,1.0,0.995633759531261,1.0,True
rs-secondary-causal-majority,138500,877,877,1.0,0.995638716427562,1.0,True
rs-secondary-causal-majority,139000,876,876,1.0,0.995633759531261,1.0,True
rs-secondary-causal-majority,139500,876,876,1.0,0.995633759531261,1.0,True
rs-secondary-causal-majority,140000,876,876,1.0,0.995633759531261,1.0,True
rs-secondary-causal-majority,140500,876,876,1.0,0.995633759531261,1.0,True
rs-secondary-causal-majority,141000,875,875,1.0,0.9956287913544376,1.0,True
rs-secondary-causal-majority,141500,876,876,1.0,0.995633759531261,1.0,True
rs-secondary-causal-majority,142000,876,876,1.0,0.995633759531261,1.0,True
rs-secondary-causal-majority,142500,875,875,1.0,0.9956287913544376,1.0,True
rs-secondary-causal-majority,143000,876,876,1.0,0.995633759531261,1.0,True
rs-secondary-causal-majority,143500,876,876,1.0,0.995633759531261,1.0,True
rs-secondary-causal-majority,144000,878,878,1.0,0.9956436620817164,1.0,True
rs-secondary-causal-majority,144500,878,878,1.0,0.9956436620817164,1.0,True
rs-secondary-causal-majority,145000,878,878,1.0,0.9956436620817164,1.0,True
rs-secondary-causal-majority,145500,879,879,1.0,0.9956485965319258,0.9999999999999999,True
rs-secondary-causal-majority,146000,877,877,1.0,0.995638716427562,1.0,True
rs-secondary-causal-majority,146500,877,877,1.0,0.995638716427562,1.0,True
rs-secondary-causal-majority,147000,878,878,1.0,0.9956436620817164,1.0,True
rs-secondary-causal-majority,147500,877,877,1.0,0.995638716427562,1.0,True
rs-secondary-causal-majority,148000,878,878,1.0,0.9956436620817164,1.0,True
rs-secondary-causal-majority,148500,878,878,1.0,0.9956436620817164,1.0,True
rs-secondary-causal-majority,149000,877,877,1.0,0.995638716427562,1.0,True
rs-secondary-causal-majority,149500,879,879,1.0,0.9956485965319258,0.9999999999999999,True
rs-secondary-causal-majority,150000,877,877,1.0,0.995638716427562,1.0,True
rs-secondary-causal-majority,150500,876,876,1.0,0.995633759531261,1.0,True
rs-secondary-causal-majority,151000,877,877,1.0,0.995638716427562,1.0,True
rs-secondary-causal-majority,151500,876,876,1.0,0.995633759531261,1.0,True
rs-secondary-causal-majority,152000,877,877,1.0,0.995638716427562,1.0,True
rs-secondary-causal-majority,152500,878,878,1.0,0.9956436620817164,1.0,True
rs-secondary-causal-majority,153000,878,878,1.0,0.9956436620817164,1.0,True
rs-secondary-causal-majority,153500,877,877,1.0,0.995638716427562,1.0,True
rs-secondary-causal-majority,154000,878,878,1.0,0.9956436620817164,1.0,True
rs-secondary-causal-majority,154500,878,878,1.0,0.9956436620817164,1.0,True
rs-secondary-causal-majority,155000,878,878,1.0,0.9956436620817164,1.0,True
rs-secondary-causal-majority,155500,879,879,1.0,0.9956485965319258,0.9999999999999999,True
rs-secondary-causal-majority,156000,881,881,1.0,0.9956584319724571,1.0,True
rs-secondary-causal-majority,156500,879,879,1.0,0.9956485965319258,0.9999999999999999,True
rs-secondary-causal-majority,157000,878,878,1.0,0.9956436620817164,1.0,True
rs-secondary-causal-majority,157500,876,876,1.0,0.995633759531261,1.0,True
rs-secondary-causal-majority,158000,877,877,1.0,0.995638716427562,1.0,True
rs-secondary-causal-majority,158500,876,876,1.0,0.995633759531261,1.0,True
rs-secondary-causal-majority,159000,876,876,1.0,0.995633759531261,1.0,True
rs-secondary-causal-majority,159500,875,875,1.0,0.9956287913544376,1.0,True
rs-secondary-causal-majority,160000,878,878,1.0,0.9956436620817164,1.0,True
rs-secondary-causal-majority,160500,876,876,1.0,0.995633759531261,1.0,True
rs-secondary-causal-majority,161000,873,873,1.0,0.9956188210048429,1.0,True
rs-secondary-causal-majority,161500,877,877,1.0,0.995638716427562,1.0,True
rs-secondary-causal-majority,162000,874,874,1.0,0.9956238118585403,1.0,True
rs-secondary-causal-majority,162500,875,875,1.0,0.9956287913544376,1.0,True
rs-secondary-causal-majority,163000,873,873,1.0,0.9956188210048429,1.0,True
rs-secondary-causal-majority,163500,876,876,1.0,0.995633759531261,1.0,True
rs-secondary-causal-majority,164000,875,875,1.0,0.9956287913544376,1.0,True
rs-secondary-causal-majority,164500,874,874,1.0,0.9956238118585403,1.0,True
rs-secondary-causal-majority,165000,876,876,1.0,0.995633759531261,1.0,True
rs-secondary-causal-majority,165500,876,876,1.0,0.995633759531261,1.0,True
rs-secondary-causal-majority,166000,877,877,1.0,0.995638716427562,1.0,True
rs-secondary-causal-majority,166500,875,875,1.0,0.9956287913544376,1.0,True
rs-secondary-causal-majority,167000,875,875,1.0,0.9956287913544376,1.0,True
rs-secondary-causal-majority,167500,876,876,1.0,0.995633759531261,1.0,True
rs-secondary-causal-majority,168000,875,875,1.0,0.9956287913544376,1.0,True
rs-secondary-causal-majority,168500,875,875,1.0,0.9956287913544376,1.0,True
rs-secondary-causal-majority,169000,877,877,1.0,0.995638716427562,1.0,True
rs-secondary-causal-majority,169500,877,877,1.0,0.995638716427562,1.0,True
rs-secondary-causal-majority,170000,874,874,1.0,0.9956238118585403,1.0,True
rs-secondary-causal-majority,170500,875,875,1.0,0.9956287913544376,1.0,True
rs-secondary-causal-majority,171000,876,876,1.0,0.995633759531261,1.0,True
rs-secondary-causal-majority,171500,877,877,1.0,0.995638716427562,1.0,True
rs-secondary-causal-majority,172000,878,878,1.0,0.9956436620817164,1.0,True
rs-secondary-causal-majority,172500,878,878,1.0,0.9956436620817164,1.0,True
rs-secondary-causal-majority,173000,878,878,1.0,0.9956436620817164,1.0,True
rs-secondary-causal-majority,173500,877,877,1.0,0.995638716427562,1.0,True
rs-secondary-causal-majority,174000,877,877,1.0,0.995638716427562,1.0,True
rs-secondary-causal-majority,174500,877,877,1.0,0.995638716427562,1.0,True
rs-secondary-causal-majority,175000,879,879,1.0,0.9956485965319258,0.9999999999999999,True
rs-secondary-causal-majority,175500,880,880,1.0,0.9956535198162204,1.0,True
rs-secondary-causal-majority,176000,882,882,1.0,0.9956633330383221,1.0,True
rs-secondary-causal-majority,176500,880,880,1.0,0.9956535198162204,1.0,True
rs-secondary-causal-majority,177000,881,881,1.0,0.9956584319724571,1.0,True
rs-secondary-causal-majority,177500,879,879,1.0,0.9956485965319258,0.9999999999999999,True
rs-secondary-causal-majority,178000,878,878,1.0,0.9956436620817164,1.0,True
rs-secondary-causal-majority,178500,878,878,1.0,0.9956436620817164,1.0,True
rs-secondary-causal-majority,179000,878,878,1.0,0.9956436620817164,1.0,True
rs-secondary-causal-majority,179500,875,875,1.0,0.9956287913544376,1.0,True
rs-secondary-causal-majority,180000,878,878,1.0,0.9956436620817164,1.0,True
rs-secondary-causal-majority,180500,875,875,1.0,0.9956287913544376,1.0,True
rs-secondary-causal-majority,181000,877,877,1.0,0.995638716427562,1.0,True
rs-secondary-causal-majority,181500,877,877,1.0,0.995638716427562,1.0,True
rs-secondary-causal-majority,182000,875,875,1.0,0.9956287913544376,1.0,True
rs-secondary-causal-majority,182500,877,877,1.0,0.995638716427562,1.0,True
rs-secondary-causal-majority,183000,875,875,1.0,0.9956287913544376,1.0,True
rs-secondary-causal-majority,183500,876,876,1.0,0.995633759531261,1.0,True
rs-secondary-causal-majority,184000,876,876,1.0,0.995633759531261,1.0,True
rs-secondary-causal-majority,184500,874,874,1.0,0.9956238118585403,1.0,True
rs-secondary-causal-majority,185000,878,878,1.0,0.9956436620817164,1.0,True
rs-secondary-causal-majority,185500,875,875,1.0,0.9956287913544376,1.0,True
rs-secondary-causal-majority,186000,873,873,1.0,0.9956188210048429,1.0,True
rs-secondary-causal-majority,186500,873,873,1.0,0.9956188210048429,1.0,True
rs-secondary-causal-majority,187000,874,874,1.0,0.9956238118585403,1.0,True
rs-secondary-causal-majority,187500,871,871,1.0,0.9956088050682548,1.0,True
rs-secondary-causal-majority,188000,875,875,1.0,0.9956287913544376,1.0,True
rs-secondary-causal-majority,188500,875,875,1.0,0.9956287913544376,1.0,True
rs-secondary-causal-majority,189000,875,875,1.0,0.9956287913544376,1.0,True
rs-secondary-causal-majority,189500,872,872,1.0,0.9956138187544413,0.9999999999999999,True
rs-secondary-causal-majority,190000,873,873,1.0,0.9956188210048429,1.0,True
rs-secondary-causal-majority,190500,874,874,1.0,0.9956238118585403,1.0,True
rs-secondary-causal-majority,191000,873,873,1.0,0.9956188210048429,1.0,True
rs-secondary-causal-majority,191500,873,873,1.0,0.9956188210048429,1.0,True
rs-secondary-causal-majority,192000,874,874,1.0,0.9956238118585403,1.0,True
rs-secondary-causal-majority,192500,874,874,1.0,0.9956238118585403,1.0,True
rs-secondary-causal-majority,193000,874,874,1.0,0.9956238118585403,1.0,True
rs-secondary-causal-majority,193500,871,871,1.0,0.9956088050682548,1.0,True
rs-secondary-causal-majority,194000,872,872,1.0,0.9956138187544413,0.9999999999999999,True
rs-secondary-causal-majority,194500,871,871,1.0,0.9956088050682548,1.0,True
rs-secondary-causal-majority,195000,865,865,1.0,0.9955784805884064,0.9999999999999999,True
rs-secondary-causal-majority,195500,845,845,1.0,0.9954743028616881,1.0,True
rs-secondary-causal-majority,196000,836,836,1.0,0.995425804104012,1.0,True
rs-secondary-causal-majority,196500,812,812,1.0,0.9952912428098787,0.9999999999999999,True
rs-secondary-causal-majority,197000,787,787,1.0,0.9951423900816546,0.9999999999999999,True
rs-secondary-causal-majority,197500,754,754,1.0,0.9949308668196625,0.9999999999999999,True
rs-secondary-causal-majority,198000,727,727,1.0,0.9947435942343732,1.0,True
rs-secondary-causal-majority,198500,693,693,1.0,0.9944871259121154,0.9999999999999999,True
rs-secondary-causal-majority,199000,662,662,1.0,0.994230459616822,1.0,True
rs-secondary-causal-majority,199500,610,610,1.0,0.9937417079585352,0.9999999999999999,True
rs-secondary-causal-majority,200000,241,241,1.0,0.9843098558414908,0.9999999999999999,True
rs-secondary-causal-majority,200500,197,197,1.0,0.9808724885681055,1.0,True
rs-secondary-causal-majority,201000,173,173,1.0,0.9782766045998228,1.0,True
rs-secondary-causal-majority,201500,144,144,1.0,0.974015432733412,0.9999999999999999,True
rs-secondary-causal-majority,202000,115,115,1.0,0.9676746189886368,0.9999999999999999,True
rs-secondary-causal-majority,202500,87,87,1.0,0.957711004649852,1.0,True
rs-secondary-causal-majority,203000,66,66,1.0,0.9449955327483907,1.0,True
rs-secondary-causal-majority,203500,39,39,1.0,0.9103301463997611,1.0,True
rs-secondary-local,0,234,936,0.25,0.22331898692248858,0.2787247617262199,True
rs-secondary-local,500,828,883,0.9377123442808607,0.9197973738027513,0.9518351702727633,True
rs-secondary-local,1000,875,876,0.9988584474885844,0.9935621583883569,0.999798464705618,True
rs-secondary-local,1500,888,888,1.0,0.9956925086248501,1.0,True
rs-secondary-local,2000,881,881,1.0,0.9956584319724571,1.0,True
rs-secondary-local,2500,884,884,1.0,0.9956731020488339,1.0,True
rs-secondary-local,3000,883,883,1.0,0.9956682230513316,0.9999999999999998,True
rs-secondary-local,3500,882,882,1.0,0.9956633330383221,1.0,True
rs-secondary-local,4000,883,883,1.0,0.9956682230513316,0.9999999999999998,True
rs-secondary-local,4500,885,885,1.0,0.9956779700680075,0.9999999999999999,True
rs-secondary-local,5000,883,883,1.0,0.9956682230513316,0.9999999999999998,True
rs-secondary-local,5500,884,884,1.0,0.9956731020488339,1.0,True
rs-secondary-local,6000,883,883,1.0,0.9956682230513316,0.9999999999999998,True
rs-secondary-local,6500,882,882,1.0,0.9956633330383221,1.0,True
rs-secondary-local,7000,883,883,1.0,0.9956682230513316,0.9999999999999998,True
rs-secondary-local,7500,883,883,1.0,0.9956682230513316,0.9999999999999998,True
rs-secondary-local,8000,882,882,1.0,0.9956633330383221,1.0,True
rs-secondary-local,8500,880,882,0.9977324263038548,0.9917699109570207,0.9993779421128736,True
rs-secondary-local,9000,880,882,0.9977324263038548,0.9917699109570207,0.9993779421128736,True
rs-secondary-local,9500,883,883,1.0,0.9956682230513316,0.9999999999999998,True
rs-secondary-local,10000,884,884,1.0,0.9956731020488339,1.0,True
rs-secondary-local,10500,884,884,1.0,0.9956731020488339,1.0,True
rs-secondary-local,11000,885,885,1.0,0.9956779700680075,0.9999999999999999,True
rs-secondary-local,11500,883,883,1.0,0.9956682230513316,0.9999999999999998,True
rs-secondary-local,12000,881,881,1.0,0.9956584319724571,1.0,True
rs-secondary-local,12500,881,881,1.0,0.9956584319724571,1.0,True
rs-secondary-local,13000,881,881,1.0,0.9956584319724571,1.0,True
rs-secondary-local,13500,881,881,1.0,0.9956584319724571,1.0,True
rs-secondary-local,14000,881,881,1.0,0.9956584319724571,1.0,True
rs-secondary-local,14500,881,881,1.0,0.9956584319724571,1.0,True
rs-secondary-local,15000,880,880,1.0,0.9956535198162204,1.0,True
rs-secondary-local,15500,881,881,1.0,0.9956584319724571,1.0,True
rs-secondary-local,16000,881,881,1.0,0.9956584319724571,1.0,True
rs-secondary-local,16500,881,881,1.0,0.9956584319724571,1.0,True
rs-secondary-local,17000,881,881,1.0,0.9956584319724571,1.0,True
rs-secondary-local,17500,881,881,1.0,0.9956584319724571,1.0,True
rs-secondary-local,18000,881,881,1.0,0.9956584319724571,1.0,True
rs-secondary-local,18500,882,882,1.0,0.9956633330383221,1.0,True
rs-secondary-local,19000,881,881,1.0,0.9956584319724571,1.0,True
rs-secondary-local,19500,878,878,1.0,0.9956436620817164,1.0,True
rs-secondary-local,20000,878,878,1.0,0.9956436620817164,1.0,True
rs-secondary-local,20500,878,878,1.0,0.9956436620817164,1.0,True
rs-secondary-local,21000,878,878,1.0,0.9956436620817164,1.0,True
rs-secondary-local,21500,877,877,1.0,0.995638716427562,1.0,True
rs-secondary-local,22000,878,878,1.0,0.9956436620817164,1.0,True
rs-secondary-local,22500,879,879,1.0,0.9956485965319258,0.9999999999999999,True
rs-secondary-local,23000,878,878,1.0,0.9956436620817164,1.0,True
rs-secondary-local,23500,878,878,1.0,0.9956436620817164,1.0,True
rs-secondary-local,24000,878,878,1.0,0.9956436620817164,1.0,True
rs-secondary-local,24500,878,878,1.0,0.9956436620817164,1.0,True
rs-secondary-local,25000,878,878,1.0,0.9956436620817164,1.0,True
rs-secondary-local,25500,878,878,1.0,0.9956436620817164,1.0,True
rs-secondary-local,26000,878,878,1.0,0.9956436620817164,1.0,True
rs-secondary-local,26500,878,878,1.0,0.9956436620817164,1.0,True
rs-secondary-local,27000,877,877,1.0,0.995638716427562,1.0,True
rs-secondary-local,27500,877,877,1.0,0.995638716427562,1.0,True
rs-secondary-local,28000,877,877,1.0,0.995638716427562,1.0,True
rs-secondary-local,28500,877,877,1.0,0.995638716427562,1.0,True
rs-secondary-local,29000,877,877,1.0,0.995638716427562,1.0,True
rs-secondary-local,29500,877,877,1.0,0.995638716427562,1.0,True
rs-secondary-local,30000,877,877,1.0,0.995638716427562,1.0,True
rs-secondary-local,30500,877,877,1.0,0.995638716427562,1.0,True
rs-secondary-local,31000,877,877,1.0,0.995638716427562,1.0,True
rs-secondary-local,31500,877,877,1.0,0.995638716427562,1.0,True
rs-secondary-local,32000,877,877,1.0,0.995638716427562,1.0,True
rs-secondary-local,32500,877,877,1.0,0.995638716427562,1.0,True
rs-secondary-local,33000,877,877,1.0,0.995638716427562,1.0,True
rs-secondary-local,33500,877,877,1.0,0.995638716427562,1.0,True
rs-secondary-local,34000,877,877,1.0,0.995638716427562,1.0,True
rs-secondary-local,34500,877,877,1.0,0.995638716427562,1.0,True
rs-secondary-local,35000,877,877,1.0,0.995638716427562,1.0,True
rs-secondary-local,35500,877,877,1.0,0.995638716427562,1.0,True
rs-secondary-local,36000,877,877,1.0,0.995638716427562,1.0,True
rs-secondary-local,36500,877,877,1.0,0.995638716427562,1.0,True
rs-secondary-local,37000,877,877,1.0,0.995638716427562,1.0,True
rs-secondary-local,37500,877,877,1.0,0.995638716427562,1.0,True
rs-secondary-local,38000,877,877,1.0,0.995638716427562,1.0,True
rs-secondary-local,38500,877,877,1.0,0.995638716427562,1.0,True
rs-secondary-local,39000,876,876,1.0,0.995633759531261,1.0,True
rs-secondary-local,39500,876,876,1.0,0.995633759531261,1.0,True
rs-secondary-local,40000,876,876,1.0,0.995633759531261,1.0,True
rs-secondary-local,40500,876,876,1.0,0.995633759531261,1.0,True
rs-secondary-local,41000,876,876,1.0,0.995633759531261,1.0,True
rs-secondary-local,41500,876,876,1.0,0.995633759531261,1.0,True
rs-secondary-local,42000,876,876,1.0,0.995633759531261,1.0,True
rs-secondary-local,42500,876,876,1.0,0.995633759531261,1.0,True
rs-secondary-local,43000,876,876,1.0,0.995633759531261,1.0,True
rs-secondary-local,43500,876,876,1.0,0.995633759531261,1.0,True
rs-secondary-local,44000,876,876,1.0,0.995633759531261,1.0,True
rs-secondary-local,44500,876,876,1.0,0.995633759531261,1.0,True
rs-secondary-local,45000,876,876,1.0,0.995633759531261,1.0,True
rs-secondary-local,45500,876,876,1.0,0.995633759531261,1.0,True
rs-secondary-local,46000,876,876,1.0,0.995633759531261,1.0,True
rs-secondary-local,46500,876,876,1.0,0.995633759531261,1.0,True
rs-secondary-local,47000,876,876,1.0,0.995633759531261,1.0,True
rs-secondary-local,47500,876,876,1.0,0.995633759531261,1.0,True
rs-secondary-local,48000,876,876,1.0,0.995633759531261,1.0,True
rs-secondary-local,48500,876,876,1.0,0.995633759531261,1.0,True
rs-secondary-local,49000,876,876,1.0,0.995633759531261,1.0,True
rs-secondary-local,49500,876,876,1.0,0.995633759531261,1.0,True
rs-secondary-local,50000,876,876,1.0,0.995633759531261,1.0,True
rs-secondary-local,50500,876,876,1.0,0.995633759531261,1.0,True
rs-secondary-local,51000,876,876,1.0,0.995633759531261,1.0,True
rs-secondary-local,51500,876,876,1.0,0.995633759531261,1.0,True
rs-secondary-local,52000,876,876,1.0,0.995633759531261,1.0,True
rs-secondary-local,52500,876,876,1.0,0.995633759531261,1.0,True
rs-secondary-local,53000,876,876,1.0,0.995633759531261,1.0,True
rs-secondary-local,53500,876,876,1.0,0.995633759531261,1.0,True
rs-secondary-local,54000,876,876,1.0,0.995633759531261,1.0,True
rs-secondary-local,54500,876,876,1.0,0.995633759531261,1.0,True
rs-secondary-local,55000,876,876,1.0,0.995633759531261,1.0,True
rs-secondary-local,55500,876,876,1.0,0.995633759531261,1.0,True
rs-secondary-local,56000,876,876,1.0,0.995633759531261,1.0,True
rs-secondary-local,56500,876,876,1.0,0.995633759531261,1.0,True
rs-secondary-local,57000,876,876,1.0,0.995633759531261,1.0,True
rs-secondary-local,57500,876,876,1.0,0.995633759531261,1.0,True
rs-secondary-local,58000,876,876,1.0,0.995633759531261,1.0,True
rs-secondary-local,58500,876,876,1.0,0.995633759531261,1.0,True
rs-secondary-local,59000,878,878,1.0,0.9956436620817164,1.0,True
rs-secondary-local,59500,878,878,1.0,0.9956436620817164,1.0,True
rs-secondary-local,60000,880,880,1.0,0.9956535198162204,1.0,True
rs-secondary-local,60500,879,879,1.0,0.9956485965319258,0.9999999999999999,True
rs-secondary-local,61000,879,879,1.0,0.9956485965319258,0.9999999999999999,True
rs-secondary-local,61500,880,880,1.0,0.9956535198162204,1.0,True
rs-secondary-local,62000,880,880,1.0,0.9956535198162204,1.0,True
rs-secondary-local,62500,879,879,1.0,0.9956485965319258,0.9999999999999999,True
rs-secondary-local,63000,880,880,1.0,0.9956535198162204,1.0,True
rs-secondary-local,63500,880,880,1.0,0.9956535198162204,1.0,True
rs-secondary-local,64000,880,880,1.0,0.9956535198162204,1.0,True
rs-secondary-local,64500,879,879,1.0,0.9956485965319258,0.9999999999999999,True
rs-secondary-local,65000,879,879,1.0,0.9956485965319258,0.9999999999999999,True
rs-secondary-local,65500,880,880,1.0,0.9956535198162204,1.0,True
rs-secondary-local,66000,880,880,1.0,0.9956535198162204,1.0,True
rs-secondary-local,66500,879,879,1.0,0.9956485965319258,0.9999999999999999,True
rs-secondary-local,67000,880,880,1.0,0.9956535198162204,1.0,True
rs-secondary-local,67500,880,880,1.0,0.9956535198162204,1.0,True
rs-secondary-local,68000,879,879,1.0,0.9956485965319258,0.9999999999999999,True
rs-secondary-local,68500,879,879,1.0,0.9956485965319258,0.9999999999999999,True
rs-secondary-local,69000,879,879,1.0,0.9956485965319258,0.9999999999999999,True
rs-secondary-local,69500,880,880,1.0,0.9956535198162204,1.0,True
rs-secondary-local,70000,879,879,1.0,0.9956485965319258,0.9999999999999999,True
rs-secondary-local,70500,880,880,1.0,0.9956535198162204,1.0,True
rs-secondary-local,71000,879,879,1.0,0.9956485965319258,0.9999999999999999,True
rs-secondary-local,71500,879,879,1.0,0.9956485965319258,0.9999999999999999,True
rs-secondary-local,72000,879,879,1.0,0.9956485965319258,0.9999999999999999,True
rs-secondary-local,72500,877,877,1.0,0.995638716427562,1.0,True
rs-secondary-local,73000,877,877,1.0,0.995638716427562,1.0,True
rs-secondary-local,73500,876,876,1.0,0.995633759531261,1.0,True
rs-secondary-local,74000,876,876,1.0,0.995633759531261,1.0,True
rs-secondary-local,74500,876,876,1.0,0.995633759531261,1.0,True
rs-secondary-local,75000,876,876,1.0,0.995633759531261,1.0,True
rs-secondary-local,75500,879,879,1.0,0.9956485965319258,0.9999999999999999,True
rs-secondary-local,76000,876,876,1.0,0.995633759531261,1.0,True
rs-secondary-local,76500,875,875,1.0,0.9956287913544376,1.0,True
rs-secondary-local,77000,875,875,1.0,0.9956287913544376,1.0,True
rs-secondary-local,77500,875,875,1.0,0.9956287913544376,1.0,True
rs-secondary-local,78000,875,875,1.0,0.9956287913544376,1.0,True
rs-secondary-local,78500,875,875,1.0,0.9956287913544376,1.0,True
rs-secondary-local,79000,875,875,1.0,0.9956287913544376,1.0,True
rs-secondary-local,79500,875,875,1.0,0.9956287913544376,1.0,True
rs-secondary-local,80000,875,875,1.0,0.9956287913544376,1.0,True
rs-secondary-local,80500,875,875,1.0,0.9956287913544376,1.0,True
rs-secondary-local,81000,875,875,1.0,0.9956287913544376,1.0,True
rs-secondary-local,81500,875,875,1.0,0.9956287913544376,1.0,True
rs-secondary-local,82000,875,875,1.0,0.9956287913544376,1.0,True
rs-secondary-local,82500,875,875,1.0,0.9956287913544376,1.0,True
rs-secondary-local,83000,875,875,1.0,0.9956287913544376,1.0,True
rs-secondary-local,83500,876,876,1.0,0.995633759531261,1.0,True
rs-secondary-local,84000,878,878,1.0,0.9956436620817164,1.0,True
rs-secondary-local,84500,879,879,1.0,0.9956485965319258,0.9999999999999999,True
rs-secondary-local,85000,878,878,1.0,0.9956436620817164,1.0,True
rs-secondary-local,85500,878,878,1.0,0.9956436620817164,1.0,True
rs-secondary-local,86000,879,879,1.0,0.9956485965319258,0.9999999999999999,True
rs-secondary-local,86500,878,878,1.0,0.9956436620817164,1.0,True
rs-secondary-local,87000,877,877,1.0,0.995638716427562,1.0,True
rs-secondary-local,87500,876,876,1.0,0.995633759531261,1.0,True
rs-secondary-local,88000,876,876,1.0,0.995633759531261,1.0,True
rs-secondary-local,88500,879,879,1.0,0.9956485965319258,0.9999999999999999,True
rs-secondary-local,89000,877,877,1.0,0.995638716427562,1.0,True
rs-secondary-local,89500,879,879,1.0,0.9956485965319258,0.9999999999999999,True
rs-secondary-local,90000,878,878,1.0,0.9956436620817164,1.0,True
rs-secondary-local,90500,878,878,1.0,0.9956436620817164,1.0,True
rs-secondary-local,91000,877,877,1.0,0.995638716427562,1.0,True
rs-secondary-local,91500,875,875,1.0,0.9956287913544376,1.0,True
rs-secondary-local,92000,874,874,1.0,0.9956238118585403,1.0,True
rs-secondary-local,92500,883,883,1.0,0.9956682230513316,0.9999999999999998,True
rs-secondary-local,93000,877,877,1.0,0.995638716427562,1.0,True
rs-secondary-local,93500,880,880,1.0,0.9956535198162204,1.0,True
rs-secondary-local,94000,879,879,1.0,0.9956485965319258,0.9999999999999999,True
rs-secondary-local,94500,878,878,1.0,0.9956436620817164,1.0,True
rs-secondary-local,95000,877,877,1.0,0.995638716427562,1.0,True
rs-secondary-local,95500,879,879,1.0,0.9956485965319258,0.9999999999999999,True
rs-secondary-local,96000,878,878,1.0,0.9956436620817164,1.0,True
rs-secondary-local,96500,878,878,1.0,0.9956436620817164,1.0,True
rs-secondary-local,97000,877,877,1.0,0.995638716427562,1.0,True
rs-secondary-local,97500,879,879,1.0,0.9956485965319258,0.9999999999999999,True
rs-secondary-local,98000,882,882,1.0,0.9956633330383221,1.0,True
rs-secondary-local,98500,881,881,1.0,0.9956584319724571,1.0,True
rs-secondary-local,99000,881,881,1.0,0.9956584319724571,1.0,True
rs-secondary-local,99500,881,881,1.0,0.9956584319724571,1.0,True
rs-secondary-local,100000,882,882,1.0,0.9956633330383221,1.0,True
rs-secondary-local,100500,879,879,1.0,0.9956485965319258,0.9999999999999999,True
rs-secondary-local,101000,879,879,1.0,0.9956485965319258,0.9999999999999999,True
rs-secondary-local,101500,879,879,1.0,0.9956485965319258,0.9999999999999999,True
rs-secondary-local,102000,876,876,1.0,0.995633759531261,1.0,True
rs-secondary-local,102500,876,876,1.0,0.995633759531261,1.0,True
rs-secondary-local,103000,876,876,1.0,0.995633759531261,1.0,True
rs-secondary-local,103500,876,876,1.0,0.995633759531261,1.0,True
rs-secondary-local,104000,876,876,1.0,0.995633759531261,1.0,True
rs-secondary-local,104500,876,876,1.0,0.995633759531261,1.0,True
rs-secondary-local,105000,876,876,1.0,0.995633759531261,1.0,True
rs-secondary-local,105500,876,876,1.0,0.995633759531261,1.0,True
rs-secondary-local,106000,876,876,1.0,0.995633759531261,1.0,True
rs-secondary-local,106500,876,876,1.0,0.995633759531261,1.0,True
rs-secondary-local,107000,876,876,1.0,0.995633759531261,1.0,True
rs-secondary-local,107500,876,876,1.0,0.995633759531261,1.0,True
rs-secondary-local,108000,876,876,1.0,0.995633759531261,1.0,True
rs-secondary-local,108500,874,874,1.0,0.9956238118585403,1.0,True
rs-secondary-local,109000,875,875,1.0,0.9956287913544376,1.0,True
rs-secondary-local,109500,876,876,1.0,0.995633759531261,1.0,True
rs-secondary-local,110000,874,874,1.0,0.9956238118585403,1.0,True
rs-secondary-local,110500,877,877,1.0,0.995638716427562,1.0,True
rs-secondary-local,111000,875,875,1.0,0.9956287913544376,1.0,True
rs-secondary-local,111500,874,874,1.0,0.9956238118585403,1.0,True
rs-secondary-local,112000,874,874,1.0,0.9956238118585403,1.0,True
rs-secondary-local,112500,874,874,1.0,0.9956238118585403,1.0,True
rs-secondary-local,113000,875,875,1.0,0.9956287913544376,1.0,True
rs-secondary-local,113500,876,876,1.0,0.995633759531261,1.0,True
rs-secondary-local,114000,877,877,1.0,0.995638716427562,1.0,True
rs-secondary-local,114500,877,877,1.0,0.995638716427562,1.0,True
rs-secondary-local,115000,878,878,1.0,0.9956436620817164,1.0,True
rs-secondary-local,115500,878,878,1.0,0.9956436620817164,1.0,True
rs-secondary-local,116000,878,878,1.0,0.9956436620817164,1.0,True
rs-secondary-local,116500,877,877,1.0,0.995638716427562,1.0,True
rs-secondary-local,117000,873,873,1.0,0.9956188210048429,1.0,True
rs-secondary-local,117500,879,879,1.0,0.9956485965319258,0.9999999999999999,True
rs-secondary-local,118000,879,879,1.0,0.9956485965319258,0.9999999999999999,True
rs-secondary-local,118500,876,876,1.0,0.995633759531261,1.0,True
rs-secondary-local,119000,876,876,1.0,0.995633759531261,1.0,True
rs-secondary-local,119500,876,876,1.0,0.995633759531261,1.0,True
rs-secondary-local,120000,876,876,1.0,0.995633759531261,1.0,True
rs-secondary-local,120500,876,876,1.0,0.995633759531261,1.0,True
rs-secondary-local,121000,876,876,1.0,0.995633759531261,1.0,True
rs-secondary-local,121500,876,876,1.0,0.995633759531261,1.0,True
rs-secondary-local,122000,876,876,1.0,0.995633759531261,1.0,True
rs-secondary-local,122500,876,876,1.0,0.995633759531261,1.0,True
rs-secondary-local,123000,876,876,1.0,0.995633759531261,1.0,True
rs-secondary-local,123500,876,876,1.0,0.995633759531261,1.0,True
rs-secondary-local,124000,876,876,1.0,0.995633759531261,1.0,True
rs-secondary-local,124500,876,876,1.0,0.995633759531261,1.0,True
rs-secondary-local,125000,876,876,1.0,0.995633759531261,1.0,True
rs-secondary-local,125500,876,876,1.0,0.995633759531261,1.0,True
rs-secondary-local,126000,876,876,1.0,0.995633759531261,1.0,True
rs-secondary-local,126500,876,876,1.0,0.995633759531261,1.0,True
rs-secondary-local,127000,875,875,1.0,0.9956287913544376,1.0,True
rs-secondary-local,127500,876,876,1.0,0.995633759531261,1.0,True
rs-secondary-local,128000,874,874,1.0,0.9956238118585403,1.0,True
rs-secondary-local,128500,876,876,1.0,0.995633759531261,1.0,True
rs-secondary-local,129000,876,876,1.0,0.995633759531261,1.0,True
rs-secondary-local,129500,878,878,1.0,0.9956436620817164,1.0,True
rs-secondary-local,130000,877,877,1.0,0.995638716427562,1.0,True
rs-secondary-local,130500,876,876,1.0,0.995633759531261,1.0,True
rs-secondary-local,131000,874,874,1.0,0.9956238118585403,1.0,True
rs-secondary-local,131500,876,876,1.0,0.995633759531261,1.0,True
rs-secondary-local,132000,875,875,1.0,0.9956287913544376,1.0,True
rs-secondary-local,132500,874,874,1.0,0.9956238118585403,1.0,True
rs-secondary-local,133000,875,875,1.0,0.9956287913544376,1.0,True
rs-secondary-local,133500,875,875,1.0,0.9956287913544376,1.0,True
rs-secondary-local,134000,875,875,1.0,0.9956287913544376,1.0,True
rs-secondary-local,134500,876,876,1.0,0.995633759531261,1.0,True
rs-secondary-local,135000,875,875,1.0,0.9956287913544376,1.0,True
rs-secondary-local,135500,875,875,1.0,0.9956287913544376,1.0,True
rs-secondary-local,136000,873,873,1.0,0.9956188210048429,1.0,True
rs-secondary-local,136500,877,877,1.0,0.995638716427562,1.0,True
rs-secondary-local,137000,874,874,1.0,0.9956238118585403,1.0,True
rs-secondary-local,137500,874,874,1.0,0.9956238118585403,1.0,True
rs-secondary-local,138000,875,875,1.0,0.9956287913544376,1.0,True
rs-secondary-local,138500,874,874,1.0,0.9956238118585403,1.0,True
rs-secondary-local,139000,876,876,1.0,0.995633759531261,1.0,True
rs-secondary-local,139500,874,874,1.0,0.9956238118585403,1.0,True
rs-secondary-local,140000,877,877,1.0,0.995638716427562,1.0,True
rs-secondary-local,140500,876,876,1.0,0.995633759531261,1.0,True
rs-secondary-local,141000,874,874,1.0,0.9956238118585403,1.0,True
rs-secondary-local,141500,875,875,1.0,0.9956287913544376,1.0,True
rs-secondary-local,142000,875,875,1.0,0.9956287913544376,1.0,True
rs-secondary-local,142500,875,875,1.0,0.9956287913544376,1.0,True
rs-secondary-local,143000,874,874,1.0,0.9956238118585403,1.0,True
rs-secondary-local,143500,874,874,1.0,0.9956238118585403,1.0,True
rs-secondary-local,144000,873,873,1.0,0.9956188210048429,1.0,True
rs-secondary-local,144500,875,875,1.0,0.9956287913544376,1.0,True
rs-secondary-local,145000,872,872,1.0,0.9956138187544413,0.9999999999999999,True
rs-secondary-local,145500,877,877,1.0,0.995638716427562,1.0,True
rs-secondary-local,146000,877,877,1.0,0.995638716427562,1.0,True
rs-secondary-local,146500,877,877,1.0,0.995638716427562,1.0,True
rs-secondary-local,147000,878,878,1.0,0.9956436620817164,1.0,True
rs-secondary-local,147500,878,878,1.0,0.9956436620817164,1.0,True
rs-secondary-local,148000,877,877,1.0,0.995638716427562,1.0,True
rs-secondary-local,148500,881,881,1.0,0.9956584319724571,1.0,True
rs-secondary-local,149000,880,880,1.0,0.9956535198162204,1.0,True
rs-secondary-local,149500,881,881,1.0,0.9956584319724571,1.0,True
rs-secondary-local,150000,882,882,1.0,0.9956633330383221,1.0,True
rs-secondary-local,150500,882,882,1.0,0.9956633330383221,1.0,True
rs-secondary-local,151000,881,881,1.0,0.9956584319724571,1.0,True
rs-secondary-local,151500,881,881,1.0,0.9956584319724571,1.0,True
rs-secondary-local,152000,879,879,1.0,0.9956485965319258,0.9999999999999999,True
rs-secondary-local,152500,880,880,1.0,0.9956535198162204,1.0,True
rs-secondary-local,153000,880,880,1.0,0.9956535198162204,1.0,True
rs-secondary-local,153500,881,881,1.0,0.9956584319724571,1.0,True
rs-secondary-local,154000,882,882,1.0,0.9956633330383221,1.0,True
rs-secondary-local,154500,883,883,1.0,0.9956682230513316,0.9999999999999998,True
rs-secondary-local,155000,880,880,1.0,0.9956535198162204,1.0,True
rs-secondary-local,155500,877,877,1.0,0.995638716427562,1.0,True
rs-secondary-local,156000,878,878,1.0,0.9956436620817164,1.0,True
rs-secondary-local,156500,878,878,1.0,0.9956436620817164,1.0,True
rs-secondary-local,157000,877,877,1.0,0.995638716427562,1.0,True
rs-secondary-local,157500,875,875,1.0,0.9956287913544376,1.0,True
rs-secondary-local,158000,876,876,1.0,0.995633759531261,1.0,True
rs-secondary-local,158500,875,875,1.0,0.9956287913544376,1.0,True
rs-secondary-local,159000,878,878,1.0,0.9956436620817164,1.0,True
rs-secondary-local,159500,875,875,1.0,0.9956287913544376,1.0,True
rs-secondary-local,160000,875,875,1.0,0.9956287913544376,1.0,True
rs-secondary-local,160500,875,875,1.0,0.9956287913544376,1.0,True
rs-secondary-local,161000,875,875,1.0,0.9956287913544376,1.0,True
rs-secondary-local,161500,875,875,1.0,0.9956287913544376,1.0,True
rs-secondary-local,162000,878,878,1.0,0.9956436620817164,1.0,True
rs-secondary-local,162500,878,878,1.0,0.9956436620817164,1.0,True
rs-secondary-local,163000,876,876,1.0,0.995633759531261,1.0,True
rs-secondary-local,163500,877,877,1.0,0.995638716427562,1.0,True
rs-secondary-local,164000,880,880,1.0,0.9956535198162204,1.0,True
rs-secondary-local,164500,878,878,1.0,0.9956436620817164,1.0,True
rs-secondary-local,165000,880,880,1.0,0.9956535198162204,1.0,True
rs-secondary-local,165500,881,881,1.0,0.9956584319724571,1.0,True
rs-secondary-local,166000,878,878,1.0,0.9956436620817164,1.0,True
rs-secondary-local,166500,880,880,1.0,0.9956535198162204,1.0,True
rs-secondary-local,167000,878,878,1.0,0.9956436620817164,1.0,True
rs-secondary-local,167500,881,881,1.0,0.9956584319724571,1.0,True
rs-secondary-local,168000,881,881,1.0,0.9956584319724571,1.0,True
rs-secondary-local,168500,879,879,1.0,0.9956485965319258,0.9999999999999999,True
rs-secondary-local,169000,877,877,1.0,0.995638716427562,1.0,True
rs-secondary-local,169500,879,879,1.0,0.9956485965319258,0.9999999999999999,True
rs-secondary-local,170000,878,878,1.0,0.9956436620817164,1.0,True
rs-secondary-local,170500,878,878,1.0,0.9956436620817164,1.0,True
rs-secondary-local,171000,876,876,1.0,0.995633759531261,1.0,True
rs-secondary-local,171500,874,874,1.0,0.9956238118585403,1.0,True
rs-secondary-local,172000,874,874,1.0,0.9956238118585403,1.0,True
rs-secondary-local,172500,874,874,1.0,0.9956238118585403,1.0,True
rs-secondary-local,173000,874,874,1.0,0.9956238118585403,1.0,True
rs-secondary-local,173500,874,874,1.0,0.9956238118585403,1.0,True
rs-secondary-local,174000,874,874,1.0,0.9956238118585403,1.0,True
rs-secondary-local,174500,874,874,1.0,0.9956238118585403,1.0,True
rs-secondary-local,175000,872,872,1.0,0.9956138187544413,0.9999999999999999,True
rs-secondary-local,175500,876,876,1.0,0.995633759531261,1.0,True
rs-secondary-local,176000,874,874,1.0,0.9956238118585403,1.0,True
rs-secondary-local,176500,874,874,1.0,0.9956238118585403,1.0,True
rs-secondary-local,177000,875,875,1.0,0.9956287913544376,1.0,True
rs-secondary-local,177500,874,874,1.0,0.9956238118585403,1.0,True
rs-secondary-local,178000,877,877,1.0,0.995638716427562,1.0,True
rs-secondary-local,178500,879,879,1.0,0.9956485965319258,0.9999999999999999,True
rs-secondary-local,179000,877,877,1.0,0.995638716427562,1.0,True
rs-secondary-local,179500,878,878,1.0,0.9956436620817164,1.0,True
rs-secondary-local,180000,878,878,1.0,0.9956436620817164,1.0,True
rs-secondary-local,180500,878,878,1.0,0.9956436620817164,1.0,True
rs-secondary-local,181000,878,878,1.0,0.9956436620817164,1.0,True
rs-secondary-local,181500,877,877,1.0,0.995638716427562,1.0,True
rs-secondary-local,182000,878,878,1.0,0.9956436620817164,1.0,True
rs-secondary-local,182500,882,882,1.0,0.9956633330383221,1.0,True
rs-secondary-local,183000,881,881,1.0,0.9956584319724571,1.0,True
rs-secondary-local,183500,882,882,1.0,0.9956633330383221,1.0,True
rs-secondary-local,184000,881,881,1.0,0.9956584319724571,1.0,True
rs-secondary-local,184500,882,882,1.0,0.9956633330383221,1.0,True
rs-secondary-local,185000,882,882,1.0,0.9956633330383221,1.0,True
rs-secondary-local,185500,882,882,1.0,0.9956633330383221,1.0,True
rs-secondary-local,186000,882,882,1.0,0.9956633330383221,1.0,True
rs-secondary-local,186500,881,881,1.0,0.9956584319724571,1.0,True
rs-secondary-local,187000,882,882,1.0,0.9956633330383221,1.0,True
rs-secondary-local,187500,877,877,1.0,0.995638716427562,1.0,True
rs-secondary-local,188000,878,878,1.0,0.9956436620817164,1.0,True
rs-secondary-local,188500,878,878,1.0,0.9956436620817164,1.0,True
rs-secondary-local,189000,877,877,1.0,0.995638716427562,1.0,True
rs-secondary-local,189500,877,877,1.0,0.995638716427562,1.0,True
rs-secondary-local,190000,876,876,1.0,0.995633759531261,1.0,True
rs-secondary-local,190500,874,874,1.0,0.9956238118585403,1.0,True
rs-secondary-local,191000,874,874,1.0,0.9956238118585403,1.0,True
rs-secondary-local,191500,874,874,1.0,0.9956238118585403,1.0,True
rs-secondary-local,192000,874,874,1.0,0.9956238118585403,1.0,True
rs-secondary-local,192500,874,874,1.0,0.9956238118585403,1.0,True
rs-secondary-local,193000,873,873,1.0,0.9956188210048429,1.0,True
rs-secondary-local,193500,874,874,1.0,0.9956238118585403,1.0,True
rs-secondary-local,194000,873,873,1.0,0.9956188210048429,1.0,True
rs-secondary-local,194500,873,873,1.0,0.9956188210048429,1.0,True
rs-secondary-local,195000,861,861,1.0,0.9955580305110208,1.0,True
rs-secondary-local,195500,843,843,1.0,0.9954636144469047,0.9999999999999998,True
rs-secondary-local,196000,828,828,1.0,0.9953818130759511,1.0,True
rs-secondary-local,196500,808,808,1.0,0.9952680424358644,1.0,True
rs-secondary-local,197000,788,788,1.0,0.9951485246544257,0.9999999999999999,True
rs-secondary-local,197500,753,753,1.0,0.9949241690731588,1.0,True
rs-secondary-local,198000,730,730,1.0,0.9947650828189627,1.0,True
rs-secondary-local,198500,695,695,1.0,0.9945029030899134,1.0,True
rs-secondary-local,199000,658,658,1.0,0.9941955900021999,1.0,True
rs-secondary-local,199500,623,623,1.0,0.9938714979988563,0.9999999999999998,True
rs-secondary-local,200000,242,242,1.0,0.9843736780105564,1.0,True
rs-secondary-local,200500,208,208,1.0,0.9818656958784301,1.0,True
rs-secondary-local,201000,180,180,1.0,0.9791037501849418,1.0,True
rs-secondary-local,201500,140,140,1.0,0.9732928443510084,1.0,True
rs-secondary-local,202000,117,117,1.0,0.9682096231761248,1.0,True
rs-secondary-local,202500,87,87,1.0,0.957711004649852,1.0,True
rs-secondary-local,203000,62,62,1.0,0.9416539087749995,1.0,True
rs-secondary-local,203500,46,46,1.0,0.9229238226702192,1.0,True
rs-secondary-majority,0,0,922,0.0,4.336808689942018e-19,0.004149305885585611,True
rs-secondary-majority,500,0,880,0.0,0.0,0.0043464801837795365,True
rs-secondary-majority,1000,0,881,0.0,0.0,0.004341568027543009,True
rs-secondary-majority,1500,0,880,0.0,0.0,0.0043464801837795365,True
rs-secondary-majority,2000,0,883,0.0,0.0,0.0043317769486681725,True
rs-secondary-majority,2500,0,883,0.0,0.0,0.0043317769486681725,True
rs-secondary-majority,3000,0,884,0.0,4.336808689942018e-19,0.004326897951166062,True
rs-secondary-majority,3500,0,883,0.0,0.0,0.0043317769486681725,True
rs-secondary-majority,4000,0,883,0.0,0.0,0.0043317769486681725,True
rs-secondary-majority,4500,2,885,0.0022598870056497176,0.0006199484711659764,0.008202320873563164,True
rs-secondary-majority,5000,2,883,0.0022650056625141564,0.0006213531552956629,0.008220812119765858,True
rs-secondary-majority,5500,2,882,0.0022675736961451248,0.0006220578871264817,0.008230089042979309,True
rs-secondary-majority,6000,2,884,0.0022624434389140274,0.0006206500184450362,0.00821155608678815,True
rs-secondary-majority,6500,2,882,0.0022675736961451248,0.0006220578871264817,0.008230089042979309,True
rs-secondary-majority,7000,2,883,0.0022650056625141564,0.0006213531552956629,0.008220812119765858,True
rs-secondary-majority,7500,2,884,0.0022624434389140274,0.0006206500184450362,0.00821155608678815,True
rs-secondary-majority,8000,3,880,0.003409090909090909,0.0011600403006215365,0.009974986609177686,True
rs-secondary-majority,8500,399,880,0.45340909090909093,0.4207904746826944,0.4864327200617033,True
rs-secondary-majority,9000,508,879,0.5779294653014789,0.5450090832000631,0.6101716423117387,True
rs-secondary-majority,9500,515,879,0.5858930602957907,0.5530248812848608,0.6180137285858114,True
rs-secondary-majority,10000,520,881,0.5902383654937571,0.5574399193565924,0.6222532596259509,True
rs-secondary-majority,10500,524,883,0.5934314835787089,0.5606957517808457,0.6253577666828798,True
rs-secondary-majority,11000,525,883,0.594563986409966,0.5618375529581785,0.6264711596687438,True
rs-secondary-majority,11500,525,883,0.594563986409966,0.5618375529581785,0.6264711596687438,True
rs-secondary-majority,12000,546,884,0.6176470588235294,0.585167779670987,0.6491082443405033,True
rs-secondary-majority,12500,725,883,0.8210645526613817,0.7944082162641787,0.8449393290020785,True
rs-secondary-majority,13000,770,884,0.8710407239819005,0.8473306840439313,0.8915398532230766,True
rs-secondary-majority,13500,780,882,0.8843537414965986,0.8615611434007145,0.9038127112477915,True
rs-secondary-majority,14000,809,881,0.9182746878547106,0.8983171572442372,0.9346002824421429,True
rs-secondary-majority,14500,852,880,0.9681818181818181,0.9543979293794844,0.9778958209938855,True
rs-secondary-majority,15000,869,881,0.9863791146424518,0.9763434794366107,0.9921914538215001,True
rs-secondary-majority,15500,875,881,0.9931895573212258,0.9852215553124294,0.9968751273028545,True
rs-secondary-majority,16000,875,881,0.9931895573212258,0.9852215553124294,0.9968751273028545,True
rs-secondary-majority,16500,876,881,0.9943246311010215,0.9867834807673976,0.9975734934074152,True
rs-secondary-majority,17000,875,880,0.9943181818181818,0.9867685419545454,0.9975707333183087,True
rs-secondary-majority,17500,877,881,0.9954597048808173,0.9883842432973877,0.998233022436954,True
rs-secondary-majority,18000,877,881,0.9954597048808173,0.9883842432973877,0.998233022436954,True
rs-secondary-majority,18500,879,880,0.9988636363636364,0.9935912900037382,0.9997993809038088,True
rs-secondary-majority,19000,879,880,0.9988636363636364,0.9935912900037382,0.9997993809038088,True
rs-secondary-majority,19500,880,880,1.0,0.9956535198162204,1.0,True
rs-secondary-majority,20000,881,881,1.0,0.9956584319724571,1.0,True
rs-secondary-majority,20500,880,880,1.0,0.9956535198162204,1.0,True
rs-secondary-majority,21000,880,880,1.0,0.9956535198162204,1.0,True
rs-secondary-majority,21500,879,879,1.0,0.9956485965319258,0.9999999999999999,True
rs-secondary-majority,22000,879,879,1.0,0.9956485965319258,0.9999999999999999,True
rs-secondary-majority,22500,880,880,1.0,0.9956535198162204,1.0,True
rs-secondary-majority,23000,879,879,1.0,0.9956485965319258,0.9999999999999999,True
rs-secondary-majority,23500,878,878,1.0,0.9956436620817164,1.0,True
rs-secondary-majority,24000,878,878,1.0,0.9956436620817164,1.0,True
rs-secondary-majority,24500,878,878,1.0,0.9956436620817164,1.0,True
rs-secondary-majority,25000,878,878,1.0,0.9956436620817164,1.0,True
rs-secondary-majority,25500,878,878,1.0,0.9956436620817164,1.0,True
rs-secondary-majority,26000,877,877,1.0,0.995638716427562,1.0,True
rs-secondary-majority,26500,876,876,1.0,0.995633759531261,1.0,True
rs-secondary-majority,27000,878,878,1.0,0.9956436620817164,1.0,True
rs-secondary-majority,27500,877,877,1.0,0.995638716427562,1.0,True
rs-secondary-majority,28000,877,877,1.0,0.995638716427562,1.0,True
rs-secondary-majority,28500,877,877,1.0,0.995638716427562,1.0,True
rs-secondary-majority,29000,877,877,1.0,0.995638716427562,1.0,True
rs-secondary-majority,29500,877,877,1.0,0.995638716427562,1.0,True
rs-secondary-majority,30000,877,877,1.0,0.995638716427562,1.0,True
rs-secondary-majority,30500,877,877,1.0,0.995638716427562,1.0,True
rs-secondary-majority,31000,877,877,1.0,0.995638716427562,1.0,True
rs-secondary-majority,31500,877,877,1.0,0.995638716427562,1.0,True
rs-secondary-majority,32000,877,877,1.0,0.995638716427562,1.0,True
rs-secondary-majority,32500,877,877,1.0,0.995638716427562,1.0,True
rs-secondary-majority,33000,876,876,1.0,0.995633759531261,1.0,True
rs-secondary-majority,33500,876,876,1.0,0.995633759531261,1.0,True
rs-secondary-majority,34000,876,876,1.0,0.995633759531261,1.0,True
rs-secondary-majority,34500,876,876,1.0,0.995633759531261,1.0,True
rs-secondary-majority,35000,876,876,1.0,0.995633759531261,1.0,True
rs-secondary-majority,35500,876,876,1.0,0.995633759531261,1.0,True
rs-secondary-majority,36000,876,876,1.0,0.995633759531261,1.0,True
rs-secondary-majority,36500,876,876,1.0,0.995633759531261,1.0,True
rs-secondary-majority,37000,876,876,1.0,0.995633759531261,1.0,True
rs-secondary-majority,37500,876,876,1.0,0.995633759531261,1.0,True
rs-secondary-majority,38000,876,876,1.0,0.995633759531261,1.0,True
rs-secondary-majority,38500,876,876,1.0,0.995633759531261,1.0,True
rs-secondary-majority,39000,876,876,1.0,0.995633759531261,1.0,True
rs-secondary-majority,39500,876,876,1.0,0.995633759531261,1.0,True
rs-secondary-majority,40000,876,876,1.0,0.995633759531261,1.0,True
rs-secondary-majority,40500,876,876,1.0,0.995633759531261,1.0,True
rs-secondary-majority,41000,876,876,1.0,0.995633759531261,1.0,True
rs-secondary-majority,41500,876,876,1.0,0.995633759531261,1.0,True
rs-secondary-majority,42000,876,876,1.0,0.995633759531261,1.0,True
rs-secondary-majority,42500,876,876,1.0,0.995633759531261,1.0,True
rs-secondary-majority,43000,876,876,1.0,0.995633759531261,1.0,True
rs-secondary-majority,43500,876,876,1.0,0.995633759531261,1.0,True
rs-secondary-majority,44000,876,876,1.0,0.995633759531261,1.0,True
rs-secondary-majority,44500,876,876,1.0,0.995633759531261,1.0,True
rs-secondary-majority,45000,876,876,1.0,0.995633759531261,1.0,True
rs-secondary-majority,45500,876,876,1.0,0.995633759531261,1.0,True
rs-secondary-majority,46000,876,876,1.0,0.995633759531261,1.0,True
rs-secondary-majority,46500,876,876,1.0,0.995633759531261,1.0,True
rs-secondary-majority,47000,876,876,1.0,0.995633759531261,1.0,True
rs-secondary-majority,47500,876,876,1.0,0.995633759531261,1.0,True
rs-secondary-majority,48000,876,876,1.0,0.995633759531261,1.0,True
rs-secondary-majority,48500,876,876,1.0,0.995633759531261,1.0,True
rs-secondary-majority,49000,876,876,1.0,0.995633759531261,1.0,True
rs-secondary-majority,49500,876,876,1.0,0.995633759531261,1.0,True
rs-secondary-majority,50000,876,876,1.0,0.995633759531261,1.0,True
rs-secondary-majority,50500,876,876,1.0,0.995633759531261,1.0,True
rs-secondary-majority,51000,876,876,1.0,0.995633759531261,1.0,True
rs-secondary-majority,51500,876,876,1.0,0.995633759531261,1.0,True
rs-secondary-majority,52000,876,876,1.0,0.995633759531261,1.0,True
rs-secondary-majority,52500,876,876,1.0,0.995633759531261,1.0,True
rs-secondary-majority,53000,876,876,1.0,0.995633759531261,1.0,True
rs-secondary-majority,53500,876,876,1.0,0.995633759531261,1.0,True
rs-secondary-majority,54000,877,877,1.0,0.995638716427562,1.0,True
rs-secondary-majority,54500,878,878,1.0,0.9956436620817164,1.0,True
rs-secondary-majority,55000,879,879,1.0,0.9956485965319258,0.9999999999999999,True
rs-secondary-majority,55500,880,880,1.0,0.9956535198162204,1.0,True
rs-secondary-majority,56000,880,880,1.0,0.9956535198162204,1.0,True
rs-secondary-majority,56500,879,879,1.0,0.9956485965319258,0.9999999999999999,True
rs-secondary-majority,57000,880,880,1.0,0.9956535198162204,1.0,True
rs-secondary-majority,57500,879,879,1.0,0.9956485965319258,0.9999999999999999,True
rs-secondary-majority,58000,881,881,1.0,0.9956584319724571,1.0,True
rs-secondary-majority,58500,879,879,1.0,0.9956485965319258,0.9999999999999999,True
rs-secondary-majority,59000,880,880,1.0,0.9956535198162204,1.0,True
rs-secondary-majority,59500,880,880,1.0,0.9956535198162204,1.0,True
rs-secondary-majority,60000,880,880,1.0,0.9956535198162204,1.0,True
rs-secondary-majority,60500,879,879,1.0,0.9956485965319258,0.9999999999999999,True
rs-secondary-majority,61000,880,880,1.0,0.9956535198162204,1.0,True
rs-secondary-majority,61500,878,878,1.0,0.9956436620817164,1.0,True
rs-secondary-majority,62000,879,879,1.0,0.9956485965319258,0.9999999999999999,True
rs-secondary-majority,62500,880,880,1.0,0.9956535198162204,1.0,True
rs-secondary-majority,63000,880,880,1.0,0.9956535198162204,1.0,True
rs-secondary-majority,63500,879,879,1.0,0.9956485965319258,0.9999999999999999,True
rs-secondary-majority,64000,878,878,1.0,0.9956436620817164,1.0,True
rs-secondary-majority,64500,877,877,1.0,0.995638716427562,1.0,True
rs-secondary-majority,65000,879,879,1.0,0.9956485965319258,0.9999999999999999,True
rs-secondary-majority,65500,876,876,1.0,0.995633759531261,1.0,True
rs-secondary-majority,66000,875,875,1.0,0.9956287913544376,1.0,True
rs-secondary-majority,66500,875,875,1.0,0.9956287913544376,1.0,True
rs-secondary-majority,67000,875,875,1.0,0.9956287913544376,1.0,True
rs-secondary-majority,67500,875,875,1.0,0.9956287913544376,1.0,True
rs-secondary-majority,68000,874,874,1.0,0.9956238118585403,1.0,True
rs-secondary-majority,68500,875,875,1.0,0.9956287913544376,1.0,True
rs-secondary-majority,69000,874,874,1.0,0.9956238118585403,1.0,True
rs-secondary-majority,69500,874,874,1.0,0.9956238118585403,1.0,True
rs-secondary-majority,70000,875,875,1.0,0.9956287913544376,1.0,True
rs-secondary-majority,70500,876,876,1.0,0.995633759531261,1.0,True
rs-secondary-majority,71000,875,875,1.0,0.9956287913544376,1.0,True
rs-secondary-majority,71500,876,876,1.0,0.995633759531261,1.0,True
rs-secondary-majority,72000,876,876,1.0,0.995633759531261,1.0,True
rs-secondary-majority,72500,876,876,1.0,0.995633759531261,1.0,True
rs-secondary-majority,73000,876,876,1.0,0.995633759531261,1.0,True
rs-secondary-majority,73500,876,876,1.0,0.995633759531261,1.0,True
rs-secondary-majority,74000,877,877,1.0,0.995638716427562,1.0,True
rs-secondary-majority,74500,877,877,1.0,0.995638716427562,1.0,True
rs-secondary-majority,75000,876,876,1.0,0.995633759531261,1.0,True
rs-secondary-majority,75500,877,877,1.0,0.995638716427562,1.0,True
rs-secondary-majority,76000,876,876,1.0,0.995633759531261,1.0,True
rs-secondary-majority,76500,878,878,1.0,0.9956436620817164,1.0,True
rs-secondary-majority,77000,877,877,1.0,0.995638716427562,1.0,True
rs-secondary-majority,77500,877,877,1.0,0.995638716427562,1.0,True
rs-secondary-majority,78000,876,876,1.0,0.995633759531261,1.0,True
rs-secondary-majority,78500,877,877,1.0,0.995638716427562,1.0,True
rs-secondary-majority,79000,878,878,1.0,0.9956436620817164,1.0,True
rs-secondary-majority,79500,879,879,1.0,0.9956485965319258,0.9999999999999999,True
rs-secondary-majority,80000,880,880,1.0,0.9956535198162204,1.0,True
rs-secondary-majority,80500,879,879,1.0,0.9956485965319258,0.9999999999999999,True
rs-secondary-majority,81000,880,880,1.0,0.9956535198162204,1.0,True
rs-secondary-majority,81500,880,880,1.0,0.9956535198162204,1.0,True
rs-secondary-majority,82000,880,880,1.0,0.9956535198162204,1.0,True
rs-secondary-majority,82500,880,880,1.0,0.9956535198162204,1.0,True
rs-secondary-majority,83000,879,879,1.0,0.9956485965319258,0.9999999999999999,True
rs-secondary-majority,83500,880,880,1.0,0.9956535198162204,1.0,True
rs-secondary-majority,84000,879,879,1.0,0.9956485965319258,0.9999999999999999,True
rs-secondary-majority,84500,878,878,1.0,0.9956436620817164,1.0,True
rs-secondary-majority,85000,878,878,1.0,0.9956436620817164,1.0,True
rs-secondary-majority,85500,879,879,1.0,0.9956485965319258,0.9999999999999999,True
rs-secondary-majority,86000,880,880,1.0,0.9956535198162204,1.0,True
rs-secondary-majority,86500,879,879,1.0,0.9956485965319258,0.9999999999999999,True
rs-secondary-majority,87000,881,881,1.0,0.9956584319724571,1.0,True
rs-secondary-majority,87500,878,878,1.0,0.9956436620817164,1.0,True
rs-secondary-majority,88000,879,879,1.0,0.9956485965319258,0.9999999999999999,True
rs-secondary-majority,88500,879,879,1.0,0.9956485965319258,0.9999999999999999,True
rs-secondary-majority,89000,879,879,1.0,0.9956485965319258,0.9999999999999999,True
rs-secondary-majority,89500,879,879,1.0,0.9956485965319258,0.9999999999999999,True
rs-secondary-majority,90000,877,877,1.0,0.995638716427562,1.0,True
rs-secondary-majority,90500,879,879,1.0,0.9956485965319258,0.9999999999999999,True
rs-secondary-majority,91000,879,879,1.0,0.9956485965319258,0.9999999999999999,True
rs-secondary-majority,91500,876,876,1.0,0.995633759531261,1.0,True
rs-secondary-majority,92000,880,880,1.0,0.9956535198162204,1.0,True
rs-secondary-majority,92500,879,879,1.0,0.9956485965319258,0.9999999999999999,True
rs-secondary-majority,93000,878,878,1.0,0.9956436620817164,1.0,True
rs-secondary-majority,93500,880,880,1.0,0.9956535198162204,1.0,True
rs-secondary-majority,94000,878,878,1.0,0.9956436620817164,1.0,True
rs-secondary-majority,94500,880,880,1.0,0.9956535198162204,1.0,True
rs-secondary-majority,95000,877,877,1.0,0.995638716427562,1.0,True
rs-secondary-majority,95500,880,880,1.0,0.9956535198162204,1.0,True
rs-secondary-majority,96000,880,880,1.0,0.9956535198162204,1.0,True
rs-secondary-majority,96500,881,881,1.0,0.9956584319724571,1.0,True
rs-secondary-majority,97000,881,881,1.0,0.9956584319724571,1.0,True
rs-secondary-majority,97500,877,877,1.0,0.995638716427562,1.0,True
rs-secondary-majority,98000,878,878,1.0,0.9956436620817164,1.0,True
rs-secondary-majority,98500,877,877,1.0,0.995638716427562,1.0,True
rs-secondary-majority,99000,876,876,1.0,0.995633759531261,1.0,True
rs-secondary-majority,99500,876,876,1.0,0.995633759531261,1.0,True
rs-secondary-majority,100000,880,880,1.0,0.9956535198162204,1.0,True
rs-secondary-majority,100500,878,878,1.0,0.9956436620817164,1.0,True
rs-secondary-majority,101000,878,878,1.0,0.9956436620817164,1.0,True
rs-secondary-majority,101500,879,879,1.0,0.9956485965319258,0.9999999999999999,True
rs-secondary-majority,102000,879,879,1.0,0.9956485965319258,0.9999999999999999,True
rs-secondary-majority,102500,880,880,1.0,0.9956535198162204,1.0,True
rs-secondary-majority,103000,879,879,1.0,0.9956485965319258,0.9999999999999999,True
rs-secondary-majority,103500,877,877,1.0,0.995638716427562,1.0,True
rs-secondary-majority,104000,876,876,1.0,0.995633759531261,1.0,True
rs-secondary-majority,104500,876,876,1.0,0.995633759531261,1.0,True
rs-secondary-majority,105000,876,876,1.0,0.995633759531261,1.0,True
rs-secondary-majority,105500,876,876,1.0,0.995633759531261,1.0,True
rs-secondary-majority,106000,876,876,1.0,0.995633759531261,1.0,True
rs-secondary-majority,106500,876,876,1.0,0.995633759531261,1.0,True
rs-secondary-majority,107000,876,876,1.0,0.995633759531261,1.0,True
rs-secondary-majority,107500,876,876,1.0,0.995633759531261,1.0,True
rs-secondary-majority,108000,876,876,1.0,0.995633759531261,1.0,True
rs-secondary-majority,108500,876,876,1.0,0.995633759531261,1.0,True
rs-secondary-majority,109000,876,876,1.0,0.995633759531261,1.0,True
rs-secondary-majority,109500,876,876,1.0,0.995633759531261,1.0,True
rs-secondary-majority,110000,876,876,1.0,0.995633759531261,1.0,True
rs-secondary-majority,110500,876,876,1.0,0.995633759531261,1.0,True
rs-secondary-majority,111000,876,876,1.0,0.995633759531261,1.0,True
rs-secondary-majority,111500,876,876,1.0,0.995633759531261,1.0,True
rs-secondary-majority,112000,876,876,1.0,0.995633759531261,1.0,True
rs-secondary-majority,112500,875,875,1.0,0.9956287913544376,1.0,True
rs-secondary-majority,113000,875,875,1.0,0.9956287913544376,1.0,True
rs-secondary-majority,113500,875,875,1.0,0.9956287913544376,1.0,True
rs-secondary-majority,114000,875,875,1.0,0.9956287913544376,1.0,True
rs-secondary-majority,114500,875,875,1.0,0.9956287913544376,1.0,True
rs-secondary-majority,115000,875,875,1.0,0.9956287913544376,1.0,True
rs-secondary-majority,115500,875,875,1.0,0.9956287913544376,1.0,True
rs-secondary-majority,116000,875,875,1.0,0.9956287913544376,1.0,True
rs-secondary-majority,116500,876,876,1.0,0.995633759531261,1.0,True
rs-secondary-majority,117000,878,878,1.0,0.9956436620817164,1.0,True
rs-secondary-majority,117500,880,880,1.0,0.9956535198162204,1.0,True
rs-secondary-majority,118000,878,878,1.0,0.9956436620817164,1.0,True
rs-secondary-majority,118500,876,876,1.0,0.995633759531261,1.0,True
rs-secondary-majority,119000,876,876,1.0,0.995633759531261,1.0,True
rs-secondary-majority,119500,876,876,1.0,0.995633759531261,1.0,True
rs-secondary-majority,120000,876,876,1.0,0.995633759531261,1.0,True
rs-secondary-majority,120500,876,876,1.0,0.995633759531261,1.0,True
rs-secondary-majority,121000,875,875,1.0,0.9956287913544376,1.0,True
rs-secondary-majority,121500,877,877,1.0,0.995638716427562,1.0,True
rs-secondary-majority,122000,876,876,1.0,0.995633759531261,1.0,True
rs-secondary-majority,122500,876,876,1.0,0.995633759531261,1.0,True
rs-secondary-majority,123000,876,876,1.0,0.995633759531261,1.0,True
rs-secondary-majority,123500,876,876,1.0,0.995633759531261,1.0,True
rs-secondary-majority,124000,876,876,1.0,0.995633759531261,1.0,True
rs-secondary-majority,124500,876,876,1.0,0.995633759531261,1.0,True
rs-secondary-majority,125000,876,876,1.0,0.995633759531261,1.0,True
rs-secondary-majority,125500,876,876,1.0,0.995633759531261,1.0,True
rs-secondary-majority,126000,876,876,1.0,0.995633759531261,1.0,True
rs-secondary-majority,126500,876,876,1.0,0.995633759531261,1.0,True
rs-secondary-majority,127000,876,876,1.0,0.995633759531261,1.0,True
rs-secondary-majority,127500,876,876,1.0,0.995633759531261,1.0,True
rs-secondary-majority,128000,876,876,1.0,0.995633759531261,1.0,True
rs-secondary-majority,128500,876,876,1.0,0.995633759531261,1.0,True
rs-secondary-majority,129000,876,876,1.0,0.995633759531261,1.0,True
rs-secondary-majority,129500,876,876,1.0,0.995633759531261,1.0,True
rs-secondary-majority,130000,876,876,1.0,0.995633759531261,1.0,True
rs-secondary-majority,130500,876,876,1.0,0.995633759531261,1.0,True
rs-secondary-majority,131000,876,876,1.0,0.995633759531261,1.0,True
rs-secondary-majority,131500,874,874,1.0,0.9956238118585403,1.0,True
rs-secondary-majority,132000,876,876,1.0,0.995633759531261,1.0,True
rs-secondary-majority,132500,876,876,1.0,0.995633759531261,1.0,True
rs-secondary-majority,133000,875,875,1.0,0.9956287913544376,1.0,True
rs-secondary-majority,133500,872,872,1.0,0.9956138187544413,0.9999999999999999,True
rs-secondary-majority,134000,872,872,1.0,0.9956138187544413,0.9999999999999999,True
rs-secondary-majority,134500,854,854,1.0,0.995521783975037,1.0,True
rs-secondary-majority,135000,882,882,1.0,0.9956633330383221,1.0,True
rs-secondary-majority,135500,887,887,1.0,0.9956876733192523,1.0,True
rs-secondary-majority,136000,887,887,1.0,0.9956876733192523,1.0,True
rs-secondary-majority,136500,876,876,1.0,0.995633759531261,1.0,True
rs-secondary-majority,137000,877,877,1.0,0.995638716427562,1.0,True
rs-secondary-majority,137500,876,876,1.0,0.995633759531261,1.0,True
rs-secondary-majority,138000,880,880,1.0,0.9956535198162204,1.0,True
rs-secondary-majority,138500,879,879,1.0,0.9956485965319258,0.9999999999999999,True
rs-secondary-majority,139000,879,879,1.0,0.9956485965319258,0.9999999999999999,True
rs-secondary-majority,139500,879,879,1.0,0.9956485965319258,0.9999999999999999,True
rs-secondary-majority,140000,878,878,1.0,0.9956436620817164,1.0,True
rs-secondary-majority,140500,879,879,1.0,0.9956485965319258,0.9999999999999999,True
rs-secondary-majority,141000,879,879,1.0,0.9956485965319258,0.9999999999999999,True
rs-secondary-majority,141500,878,878,1.0,0.9956436620817164,1.0,True
rs-secondary-majority,142000,879,879,1.0,0.9956485965319258,0.9999999999999999,True
rs-secondary-majority,142500,879,879,1.0,0.9956485965319258,0.9999999999999999,True
rs-secondary-majority,143000,878,878,1.0,0.9956436620817164,1.0,True
rs-secondary-majority,143500,878,878,1.0,0.9956436620817164,1.0,True
rs-secondary-majority,144000,876,876,1.0,0.995633759531261,1.0,True
rs-secondary-majority,144500,879,879,1.0,0.9956485965319258,0.9999999999999999,True
rs-secondary-majority,145000,877,877,1.0,0.995638716427562,1.0,True
rs-secondary-majority,145500,876,876,1.0,0.995633759531261,1.0,True
rs-secondary-majority,146000,878,878,1.0,0.9956436620817164,1.0,True
rs-secondary-majority,146500,877,877,1.0,0.995638716427562,1.0,True
rs-secondary-majority,147000,876,876,1.0,0.995633759531261,1.0,True
rs-secondary-majority,147500,875,875,1.0,0.9956287913544376,1.0,True
rs-secondary-majority,148000,877,877,1.0,0.995638716427562,1.0,True
rs-secondary-majority,148500,875,875,1.0,0.9956287913544376,1.0,True
rs-secondary-majority,149000,876,876,1.0,0.995633759531261,1.0,True
rs-secondary-majority,149500,877,877,1.0,0.995638716427562,1.0,True
rs-secondary-majority,150000,878,878,1.0,0.9956436620817164,1.0,True
rs-secondary-majority,150500,878,878,1.0,0.9956436620817164,1.0,True
rs-secondary-majority,151000,877,877,1.0,0.995638716427562,1.0,True
rs-secondary-majority,151500,878,878,1.0,0.9956436620817164,1.0,True
rs-secondary-majority,152000,878,878,1.0,0.9956436620817164,1.0,True
rs-secondary-majority,152500,877,877,1.0,0.995638716427562,1.0,True
rs-secondary-majority,153000,881,881,1.0,0.9956584319724571,1.0,True
rs-secondary-majority,153500,882,882,1.0,0.9956633330383221,1.0,True
rs-secondary-majority,154000,880,880,1.0,0.9956535198162204,1.0,True
rs-secondary-majority,154500,881,881,1.0,0.9956584319724571,1.0,True
rs-secondary-majority,155000,880,880,1.0,0.9956535198162204,1.0,True
rs-secondary-majority,155500,882,882,1.0,0.9956633330383221,1.0,True
rs-secondary-majority,156000,880,880,1.0,0.9956535198162204,1.0,True
rs-secondary-majority,156500,881,881,1.0,0.9956584319724571,1.0,True
rs-secondary-majority,157000,881,881,1.0,0.9956584319724571,1.0,True
rs-secondary-majority,157500,881,881,1.0,0.9956584319724571,1.0,True
rs-secondary-majority,158000,881,881,1.0,0.9956584319724571,1.0,True
rs-secondary-majority,158500,881,881,1.0,0.9956584319724571,1.0,True
rs-secondary-majority,159000,877,877,1.0,0.995638716427562,1.0,True
rs-secondary-majority,159500,878,878,1.0,0.9956436620817164,1.0,True
rs-secondary-majority,160000,876,876,1.0,0.995633759531261,1.0,True
rs-secondary-majority,160500,876,876,1.0,0.995633759531261,1.0,True
rs-secondary-majority,161000,876,876,1.0,0.995633759531261,1.0,True
rs-secondary-majority,161500,876,876,1.0,0.995633759531261,1.0,True
rs-secondary-majority,162000,876,876,1.0,0.995633759531261,1.0,True
rs-secondary-majority,162500,876,876,1.0,0.995633759531261,1.0,True
rs-secondary-majority,163000,876,876,1.0,0.995633759531261,1.0,True
rs-secondary-majority,163500,873,873,1.0,0.9956188210048429,1.0,True
rs-secondary-majority,164000,873,873,1.0,0.9956188210048429,1.0,True
rs-secondary-majority,164500,873,873,1.0,0.9956188210048429,1.0,True
rs-secondary-majority,165000,873,873,1.0,0.9956188210048429,1.0,True
rs-secondary-majority,165500,873,873,1.0,0.9956188210048429,1.0,True
rs-secondary-majority,166000,875,875,1.0,0.9956287913544376,1.0,True
rs-secondary-majority,166500,876,876,1.0,0.995633759531261,1.0,True
rs-secondary-majority,167000,880,880,1.0,0.9956535198162204,1.0,True
rs-secondary-majority,167500,879,879,1.0,0.9956485965319258,0.9999999999999999,True
rs-secondary-majority,168000,878,878,1.0,0.9956436620817164,1.0,True
rs-secondary-majority,168500,876,876,1.0,0.995633759531261,1.0,True
rs-secondary-majority,169000,877,877,1.0,0.995638716427562,1.0,True
rs-secondary-majority,169500,875,875,1.0,0.9956287913544376,1.0,True
rs-secondary-majority,170000,874,874,1.0,0.9956238118585403,1.0,True
rs-secondary-majority,170500,874,874,1.0,0.9956238118585403,1.0,True
rs-secondary-majority,171000,873,873,1.0,0.9956188210048429,1.0,True
rs-secondary-majority,171500,873,873,1.0,0.9956188210048429,1.0,True
rs-secondary-majority,172000,874,874,1.0,0.9956238118585403,1.0,True
rs-secondary-majority,172500,873,873,1.0,0.9956188210048429,1.0,True
rs-secondary-majority,173000,875,875,1.0,0.9956287913544376,1.0,True
rs-secondary-majority,173500,873,873,1.0,0.9956188210048429,1.0,True
rs-secondary-majority,174000,874,874,1.0,0.9956238118585403,1.0,True
rs-secondary-majority,174500,874,874,1.0,0.9956238118585403,1.0,True
rs-secondary-majority,175000,874,874,1.0,0.9956238118585403,1.0,True
rs-secondary-majority,175500,874,874,1.0,0.9956238118585403,1.0,True
rs-secondary-majority,176000,874,874,1.0,0.9956238118585403,1.0,True
rs-secondary-majority,176500,874,874,1.0,0.9956238118585403,1.0,True
rs-secondary-majority,177000,874,874,1.0,0.9956238118585403,1.0,True
rs-secondary-majority,177500,874,874,1.0,0.9956238118585403,1.0,True
rs-secondary-majority,178000,875,875,1.0,0.9956287913544376,1.0,True
rs-secondary-majority,178500,878,878,1.0,0.9956436620817164,1.0,True
rs-secondary-majority,179000,877,877,1.0,0.995638716427562,1.0,True
rs-secondary-majority,179500,878,878,1.0,0.9956436620817164,1.0,True
rs-secondary-majority,180000,878,878,1.0,0.9956436620817164,1.0,True
rs-secondary-majority,180500,878,878,1.0,0.9956436620817164,1.0,True
rs-secondary-majority,181000,877,877,1.0,0.995638716427562,1.0,True
rs-secondary-majority,181500,877,877,1.0,0.995638716427562,1.0,True
rs-secondary-majority,182000,878,878,1.0,0.9956436620817164,1.0,True
rs-secondary-majority,182500,879,879,1.0,0.9956485965319258,0.9999999999999999,True
rs-secondary-majority,183000,878,878,1.0,0.9956436620817164,1.0,True
rs-secondary-majority,183500,879,879,1.0,0.9956485965319258,0.9999999999999999,True
rs-secondary-majority,184000,879,879,1.0,0.9956485965319258,0.9999999999999999,True
rs-secondary-majority,184500,879,879,1.0,0.9956485965319258,0.9999999999999999,True
rs-secondary-majority,185000,879,879,1.0,0.9956485965319258,0.9999999999999999,True
rs-secondary-majority,185500,880,880,1.0,0.9956535198162204,1.0,True
rs-secondary-majority,186000,879,879,1.0,0.9956485965319258,0.9999999999999999,True
rs-secondary-majority,186500,880,880,1.0,0.9956535198162204,1.0,True
rs-secondary-majority,187000,880,880,1.0,0.9956535198162204,1.0,True
rs-secondary-majority,187500,880,880,1.0,0.9956535198162204,1.0,True
rs-secondary-majority,188000,879,879,1.0,0.9956485965319258,0.9999999999999999,True
rs-secondary-majority,188500,880,880,1.0,0.9956535198162204,1.0,True
rs-secondary-majority,189000,880,880,1.0,0.9956535198162204,1.0,True
rs-secondary-majority,189500,879,879,1.0,0.9956485965319258,0.9999999999999999,True
rs-secondary-majority,190000,881,881,1.0,0.9956584319724571,1.0,True
rs-secondary-majority,190500,879,879,1.0,0.9956485965319258,0.9999999999999999,True
rs-secondary-majority,191000,878,878,1.0,0.9956436620817164,1.0,True
rs-secondary-majority,191500,875,875,1.0,0.9956287913544376,1.0,True
rs-secondary-majority,192000,876,876,1.0,0.995633759531261,1.0,True
rs-secondary-majority,192500,875,875,1.0,0.9956287913544376,1.0,True
rs-secondary-majority,193000,876,876,1.0,0.995633759531261,1.0,True
rs-secondary-majority,193500,877,877,1.0,0.995638716427562,1.0,True
rs-secondary-majority,194000,875,875,1.0,0.9956287913544376,1.0,True
rs-secondary-majority,194500,875,875,1.0,0.9956287913544376,1.0,True
rs-secondary-majority,195000,864,864,1.0,0.9955733857422827,0.9999999999999999,True
rs-secondary-majority,195500,855,855,1.0,0.9955269982264483,1.0,True
rs-secondary-majority,196000,826,826,1.0,0.9953706827905469,0.9999999999999998,True
rs-secondary-majority,196500,813,813,1.0,0.9952970074002109,1.0,True
rs-secondary-majority,197000,789,789,1.0,0.9951546437522956,1.0,True
rs-secondary-majority,197500,770,770,1.0,0.995035676551894,1.0,True
rs-secondary-majority,198000,723,723,1.0,0.9947146668545112,0.9999999999999999,True
rs-secondary-majority,198500,708,708,1.0,0.9946032937664783,0.9999999999999999,True
rs-secondary-majority,199000,653,653,1.0,0.9941514057574916,1.0,True
rs-secondary-majority,199500,626,626,1.0,0.9939006886810905,0.9999999999999999,True
rs-secondary-majority,200000,250,250,1.0,0.9848661527503766,1.0,True
rs-secondary-majority,200500,210,210,1.0,0.9820353008956162,1.0,True
rs-secondary-majority,201000,162,162,1.0,0.976835727585841,1.0,True
rs-secondary-majority,201500,147,147,1.0,0.9745322245322244,0.9999999999999999,True
rs-secondary-majority,202000,109,109,1.0,0.9659558177126165,0.9999999999999999,True
rs-secondary-majority,202500,90,90,1.0,0.9590629315783191,0.9999999999999999,True
rs-secondary-majority,203000,57,57,1.0,0.936858991216536,0.9999999999999999,True
rs-secondary-majority,203500,41,41,1.0,0.9143295511310926,1.0,True
