target,bucket_us,n_fresh,n,p_fresh,ci_low,ci_high,adequate
direct-27017,0.0,1913,1913,1.0,0.9979958698726072,1.0,True
direct-27017,500.0,1763,1763,1.0,0.9978257247282382,0.9999999999999999,True
direct-27017,1000.0,1767,1767,1.0,0.9978306360094543,0.9999999999999999,True
direct-27017,1500.0,1766,1766,1.0,0.9978294102703881,1.0,True
direct-27017,2000.0,1771,1771,1.0,0.9978355251533434,1.0,True
direct-27017,2500.0,1773,1773,1.0,0.9978379614705105,1.0,True
direct-27017,3000.0,1772,1772,1.0,0.9978367439978879,0.9999999999999998,True
direct-27017,3500.0,1768,1768,1.0,0.9978318603649445,1.0,True
direct-27017,4000.0,1772,1772,1.0,0.9978367439978879,0.9999999999999998,True
direct-27017,4500.0,1771,1771,1.0,0.9978355251533434,1.0,True
direct-27017,5000.0,1772,1772,1.0,0.9978367439978879,0.9999999999999998,True
direct-27017,5500.0,1771,1771,1.0,0.9978355251533434,1.0,True
direct-27017,6000.0,1769,1769,1.0,0.9978330833391995,1.0,True
direct-27017,6500.0,1771,1771,1.0,0.9978355251533434,1.0,True
direct-27017,7000.0,1769,1769,1.0,0.9978330833391995,1.0,True
direct-27017,7500.0,1769,1769,1.0,0.9978330833391995,1.0,True
direct-27017,8000.0,1765,1765,1.0,0.9978281831453988,1.0,True
direct-27017,8500.0,1760,1760,1.0,0.9978220266491049,1.0,True
direct-27017,9000.0,1764,1764,1.0,0.9978269546321344,0.9999999999999999,True
direct-27017,9500.0,1761,1761,1.0,0.9978232607390941,1.0,True
direct-27017,10000.0,1762,1762,1.0,0.9978244934313475,1.0,True
direct-27017,10500.0,1763,1763,1.0,0.9978257247282382,0.9999999999999999,True
direct-27017,11000.0,1760,1760,1.0,0.9978220266491049,1.0,True
direct-27017,11500.0,1762,1762,1.0,0.9978244934313475,1.0,True
direct-27017,12000.0,1762,1762,1.0,0.9978244934313475,1.0,True
direct-27017,12500.0,1763,1763,1.0,0.9978257247282382,0.9999999999999999,True
direct-27017,13000.0,1762,1762,1.0,0.9978244934313475,1.0,True
direct-27017,13500.0,1759,1759,1.0,0.9978207911590014,0.9999999999999998,True
direct-27017,14000.0,1761,1761,1.0,0.9978232607390941,1.0,True
direct-27017,14500.0,1755,1755,1.0,0.9978158351496802,0.9999999999999998,True
direct-27017,15000.0,1756,1756,1.0,0.9978170762641365,1.0,True
direct-27017,15500.0,1752,1752,1.0,0.9978121033241266,0.9999999999999999,True
direct-27017,16000.0,1756,1756,1.0,0.9978170762641365,1.0,True
direct-27017,16500.0,1750,1750,1.0,0.997809608347755,1.0,True
direct-27017,17000.0,1750,1750,1.0,0.997809608347755,1.0,True
direct-27017,17500.0,1752,1752,1.0,0.9978121033241266,0.9999999999999999,True
direct-27017,18000.0,1753,1753,1.0,0.9978133486820894,0.9999999999999999,True
direct-27017,18500.0,1752,1752,1.0,0.9978121033241266,0.9999999999999999,True
direct-27017,19000.0,1751,1751,1.0,0.9978108565468244,1.0,True
direct-27017,19500.0,1752,1752,1.0,0.9978121033241266,0.9999999999999999,True
direct-27017,20000.0,1750,1750,1.0,0.997809608347755,1.0,True
direct-27017,20500.0,1749,1749,1.0,0.9978083587244848,1.0,True
direct-27017,21000.0,1752,1752,1.0,0.9978121033241266,0.9999999999999999,True
direct-27017,21500.0,1748,1748,1.0,0.9978071076745751,1.0,True
direct-27017,22000.0,1752,1752,1.0,0.9978121033241266,0.9999999999999999,True
direct-27017,22500.0,1747,1747,1.0,0.9978058551955814,1.0,True
direct-27017,23000.0,1747,1747,1.0,0.9978058551955814,1.0,True
direct-27017,23500.0,1749,1749,1.0,0.9978083587244848,1.0,True
direct-27017,24000.0,1748,1748,1.0,0.9978071076745751,1.0,True
direct-27017,24500.0,1749,1749,1.0,0.9978083587244848,1.0,True
direct-27017,25000.0,1749,1749,1.0,0.9978083587244848,1.0,True
direct-27017,25500.0,1749,1749,1.0,0.9978083587244848,1.0,True
direct-27017,26000.0,1748,1748,1.0,0.9978071076745751,1.0,True
direct-27017,26500.0,1752,1752,1.0,0.9978121033241266,0.9999999999999999,True
direct-27017,27000.0,1752,1752,1.0,0.9978121033241266,0.9999999999999999,True
direct-27017,27500.0,1752,1752,1.0,0.9978121033241266,0.9999999999999999,True
direct-27017,28000.0,1752,1752,1.0,0.9978121033241266,0.9999999999999999,True
direct-27017,28500.0,1752,1752,1.0,0.9978121033241266,0.9999999999999999,True
direct-27017,29000.0,1752,1752,1.0,0.9978121033241266,0.9999999999999999,True
direct-27017,29500.0,1751,1751,1.0,0.9978108565468244,1.0,True
direct-27017,30000.0,1746,1746,1.0,0.9978046012850535,1.0,True
direct-27017,30500.0,1749,1749,1.0,0.9978083587244848,1.0,True
direct-27017,31000.0,1750,1750,1.0,0.997809608347755,1.0,True
direct-27017,31500.0,1750,1750,1.0,0.997809608347755,1.0,True
direct-27017,32000.0,1748,1748,1.0,0.9978071076745751,1.0,True
direct-27017,32500.0,1749,1749,1.0,0.9978083587244848,1.0,True
direct-27017,33000.0,1751,1751,1.0,0.9978108565468244,1.0,True
direct-27017,33500.0,1753,1753,1.0,0.9978133486820894,0.9999999999999999,True
direct-27017,34000.0,1752,1752,1.0,0.9978121033241266,0.9999999999999999,True
direct-27017,34500.0,1750,1750,1.0,0.997809608347755,1.0,True
direct-27017,35000.0,1752,1752,1.0,0.9978121033241266,0.9999999999999999,True
direct-27017,35500.0,1751,1751,1.0,0.9978108565468244,1.0,True
direct-27017,36000.0,1749,1749,1.0,0.9978083587244848,1.0,True
direct-27017,36500.0,1749,1749,1.0,0.9978083587244848,1.0,True
direct-27017,37000.0,1752,1752,1.0,0.9978121033241266,0.9999999999999999,True
direct-27017,37500.0,1757,1757,1.0,0.9978183159689094,1.0,True
direct-27017,38000.0,1752,1752,1.0,0.9978121033241266,0.9999999999999999,True
direct-27017,38500.0,1754,1754,1.0,0.997814592623135,0.9999999999999998,True
direct-27017,39000.0,1756,1756,1.0,0.9978170762641365,1.0,True
direct-27017,39500.0,1758,1758,1.0,0.9978195542663996,1.0,True
direct-27017,40000.0,1753,1753,1.0,0.9978133486820894,0.9999999999999999,True
direct-27017,40500.0,1761,1761,1.0,0.9978232607390941,1.0,True
direct-27017,41000.0,1756,1756,1.0,0.9978170762641365,1.0,True
direct-27017,41500.0,1760,1760,1.0,0.9978220266491049,1.0,True
direct-27017,42000.0,1759,1759,1.0,0.9978207911590014,0.9999999999999998,True
direct-27017,42500.0,1760,1760,1.0,0.9978220266491049,1.0,True
direct-27017,43000.0,1755,1755,1.0,0.9978158351496802,0.9999999999999998,True
direct-27017,43500.0,1752,1752,1.0,0.9978121033241266,0.9999999999999999,True
direct-27017,44000.0,1750,1750,1.0,0.997809608347755,1.0,True
direct-27017,44500.0,1753,1753,1.0,0.9978133486820894,0.9999999999999999,True
direct-27017,45000.0,1753,1753,1.0,0.9978133486820894,0.9999999999999999,True
direct-27017,45500.0,1755,1755,1.0,0.9978158351496802,0.9999999999999998,True
direct-27017,46000.0,1751,1751,1.0,0.9978108565468244,1.0,True
direct-27017,46500.0,1756,1756,1.0,0.9978170762641365,1.0,True
direct-27017,47000.0,1755,1755,1.0,0.9978158351496802,0.9999999999999998,True
direct-27017,47500.0,1755,1755,1.0,0.9978158351496802,0.9999999999999998,True
direct-27017,48000.0,1752,1752,1.0,0.9978121033241266,0.9999999999999999,True
direct-27017,48500.0,1755,1755,1.0,0.9978158351496802,0.9999999999999998,True
direct-27017,49000.0,1757,1757,1.0,0.9978183159689094,1.0,True
direct-27017,49500.0,1758,1758,1.0,0.9978195542663996,1.0,True
direct-27017,50000.0,1756,1756,1.0,0.9978170762641365,1.0,True
direct-27017,50500.0,1756,1756,1.0,0.9978170762641365,1.0,True
direct-27017,51000.0,1755,1755,1.0,0.9978158351496802,0.9999999999999998,True
direct-27017,51500.0,1756,1756,1.0,0.9978170762641365,1.0,True
direct-27017,52000.0,1755,1755,1.0,0.9978158351496802,0.9999999999999998,True
direct-27017,52500.0,1755,1755,1.0,0.9978158351496802,0.9999999999999998,True
direct-27017,53000.0,1759,1759,1.0,0.9978207911590014,0.9999999999999998,True
direct-27017,53500.0,1760,1760,1.0,0.9978220266491049,1.0,True
direct-27017,54000.0,1761,1761,1.0,0.9978232607390941,1.0,True
direct-27017,54500.0,1755,1755,1.0,0.9978158351496802,0.9999999999999998,True
direct-27017,55000.0,1755,1755,1.0,0.9978158351496802,0.9999999999999998,True
direct-27017,55500.0,1755,1755,1.0,0.9978158351496802,0.9999999999999998,True
direct-27017,56000.0,1757,1757,1.0,0.9978183159689094,1.0,True
direct-27017,56500.0,1753,1753,1.0,0.9978133486820894,0.9999999999999999,True
direct-27017,57000.0,1757,1757,1.0,0.9978183159689094,1.0,True
direct-27017,57500.0,1754,1754,1.0,0.997814592623135,0.9999999999999998,True
direct-27017,58000.0,1752,1752,1.0,0.9978121033241266,0.9999999999999999,True
direct-27017,58500.0,1750,1750,1.0,0.997809608347755,1.0,True
direct-27017,59000.0,1748,1748,1.0,0.9978071076745751,1.0,True
direct-27017,59500.0,1751,1751,1.0,0.9978108565468244,1.0,True
direct-27017,60000.0,1752,1752,1.0,0.9978121033241266,0.9999999999999999,True
direct-27017,60500.0,1755,1755,1.0,0.9978158351496802,0.9999999999999998,True
direct-27017,61000.0,1754,1754,1.0,0.997814592623135,0.9999999999999998,True
direct-27017,61500.0,1753,1753,1.0,0.9978133486820894,0.9999999999999999,True
direct-27017,62000.0,1754,1754,1.0,0.997814592623135,0.9999999999999998,True
direct-27017,62500.0,1752,1752,1.0,0.9978121033241266,0.9999999999999999,True
direct-27017,63000.0,1750,1750,1.0,0.997809608347755,1.0,True
direct-27017,63500.0,1747,1747,1.0,0.9978058551955814,1.0,True
direct-27017,64000.0,1750,1750,1.0,0.997809608347755,1.0,True
direct-27017,64500.0,1750,1750,1.0,0.997809608347755,1.0,True
direct-27017,65000.0,1746,1746,1.0,0.9978046012850535,1.0,True
direct-27017,65500.0,1748,1748,1.0,0.9978071076745751,1.0,True
direct-27017,66000.0,1746,1746,1.0,0.9978046012850535,1.0,True
direct-27017,66500.0,1748,1748,1.0,0.9978071076745751,1.0,True
direct-27017,67000.0,1748,1748,1.0,0.9978071076745751,1.0,True
direct-27017,67500.0,1747,1747,1.0,0.9978058551955814,1.0,True
direct-27017,68000.0,1750,1750,1.0,0.997809608347755,1.0,True
direct-27017,68500.0,1753,1753,1.0,0.9978133486820894,0.9999999999999999,True
direct-27017,69000.0,1754,1754,1.0,0.997814592623135,0.9999999999999998,True
direct-27017,69500.0,1752,1752,1.0,0.9978121033241266,0.9999999999999999,True
direct-27017,70000.0,1756,1756,1.0,0.9978170762641365,1.0,True
direct-27017,70500.0,1755,1755,1.0,0.9978158351496802,0.9999999999999998,True
direct-27017,71000.0,1758,1758,1.0,0.9978195542663996,1.0,True
direct-27017,71500.0,1760,1760,1.0,0.9978220266491049,1.0,True
direct-27017,72000.0,1757,1757,1.0,0.9978183159689094,1.0,True
direct-27017,72500.0,1759,1759,1.0,0.9978207911590014,0.9999999999999998,True
direct-27017,73000.0,1760,1760,1.0,0.9978220266491049,1.0,True
direct-27017,73500.0,1760,1760,1.0,0.9978220266491049,1.0,True
direct-27017,74000.0,1763,1763,1.0,0.9978257247282382,0.9999999999999999,True
direct-27017,74500.0,1758,1758,1.0,0.9978195542663996,1.0,True
direct-27017,75000.0,1757,1757,1.0,0.9978183159689094,1.0,True
direct-27017,75500.0,1756,1756,1.0,0.9978170762641365,1.0,True
direct-27017,76000.0,1758,1758,1.0,0.9978195542663996,1.0,True
direct-27017,76500.0,1757,1757,1.0,0.9978183159689094,1.0,True
direct-27017,77000.0,1759,1759,1.0,0.9978207911590014,0.9999999999999998,True
direct-27017,77500.0,1758,1758,1.0,0.9978195542663996,1.0,True
direct-27017,78000.0,1759,1759,1.0,0.9978207911590014,0.9999999999999998,True
direct-27017,78500.0,1759,1759,1.0,0.9978207911590014,0.9999999999999998,True
direct-27017,79000.0,1761,1761,1.0,0.9978232607390941,1.0,True
direct-27017,79500.0,1759,1759,1.0,0.9978207911590014,0.9999999999999998,True
direct-27017,80000.0,1759,1759,1.0,0.9978207911590014,0.9999999999999998,True
direct-27017,80500.0,1757,1757,1.0,0.9978183159689094,1.0,True
direct-27017,81000.0,1760,1760,1.0,0.9978220266491049,1.0,True
direct-27017,81500.0,1756,1756,1.0,0.9978170762641365,1.0,True
direct-27017,82000.0,1760,1760,1.0,0.9978220266491049,1.0,True
direct-27017,82500.0,1755,1755,1.0,0.9978158351496802,0.9999999999999998,True
direct-27017,83000.0,1754,1754,1.0,0.997814592623135,0.9999999999999998,True
direct-27017,83500.0,1752,1752,1.0,0.9978121033241266,0.9999999999999999,True
direct-27017,84000.0,1751,1751,1.0,0.9978108565468244,1.0,True
direct-27017,84500.0,1750,1750,1.0,0.997809608347755,1.0,True
direct-27017,85000.0,1749,1749,1.0,0.9978083587244848,1.0,True
direct-27017,85500.0,1744,1744,1.0,0.997802089159567,1.0,True
direct-27017,86000.0,1750,1750,1.0,0.997809608347755,1.0,True
direct-27017,86500.0,1752,1752,1.0,0.9978121033241266,0.9999999999999999,True
direct-27017,87000.0,1746,1746,1.0,0.9978046012850535,1.0,True
direct-27017,87500.0,1748,1748,1.0,0.9978071076745751,1.0,True
direct-27017,88000.0,1747,1747,1.0,0.9978058551955814,1.0,True
direct-27017,88500.0,1752,1752,1.0,0.9978121033241266,0.9999999999999999,True
direct-27017,89000.0,1751,1751,1.0,0.9978108565468244,1.0,True
direct-27017,89500.0,1752,1752,1.0,0.9978121033241266,0.9999999999999999,True
direct-27017,90000.0,1752,1752,1.0,0.9978121033241266,0.9999999999999999,True
direct-27017,90500.0,1755,1755,1.0,0.9978158351496802,0.9999999999999998,True
direct-27017,91000.0,1758,1758,1.0,0.9978195542663996,1.0,True
direct-27017,91500.0,1756,1756,1.0,0.9978170762641365,1.0,True
direct-27017,92000.0,1752,1752,1.0,0.9978121033241266,0.9999999999999999,True
direct-27017,92500.0,1751,1751,1.0,0.9978108565468244,1.0,True
direct-27017,93000.0,1749,1749,1.0,0.9978083587244848,1.0,True
direct-27017,93500.0,1753,1753,1.0,0.9978133486820894,0.9999999999999999,True
direct-27017,94000.0,1753,1753,1.0,0.9978133486820894,0.9999999999999999,True
direct-27017,94500.0,1731,1731,1.0,0.9977856191596974,1.0,True
direct-27017,95000.0,1596,1596,1.0,0.9975987622774654,0.9999999999999998,True
direct-27017,95500.0,1515,1515,1.0,0.9974707039891455,1.0,True
direct-27017,96000.0,1456,1456,1.0,0.9973684816215677,0.9999999999999999,True
direct-27017,96500.0,1396,1396,1.0,0.9972556895008694,1.0,True
direct-27017,97000.0,1322,1322,1.0,0.9971025196373384,1.0,True
direct-27017,97500.0,1235,1235,1.0,0.996899038585724,1.0,True
direct-27017,98000.0,1171,1171,1.0,0.99673011238281,1.0,True
direct-27017,98500.0,1080,1080,1.0,0.9964555706295092,1.0,True
direct-27017,99000.0,996,996,1.0,0.9961577913941568,1.0,True
direct-27017,99500.0,712,712,1.0,0.9946334496346679,1.0,True
direct-27017,100000.0,663,663,1.0,0.9942391116571011,0.9999999999999999,True
direct-27017,100500.0,583,583,1.0,0.9934537701485374,0.9999999999999999,True
direct-27017,101000.0,507,507,1.0,0.9924798606847993,1.0,True
direct-27017,101500.0,401,401,1.0,0.9905108565918125,0.9999999999999999,True
direct-27017,102000.0,329,329,1.0,0.9884581734975434,0.9999999999999999,True
direct-27017,102500.0,257,257,1.0,0.9852722878559248,1.0,True
direct-27017,103000.0,182,182,1.0,0.9793286325558971,1.0,True
direct-27017,105000.0,1,1,1.0,0.20654329147389294,1.0,False
direct-27018,0.0,1512,2297,0.6582498911623857,0.6386034814394081,0.6773678570482131,True
direct-27018,500.0,1772,1775,0.9983098591549295,0.9950423635028692,0.999425047198567,True
direct-27018,1000.0,1769,1769,1.0,0.9978330833391995,1.0,True
direct-27018,1500.0,1773,1774,0.9994363021420518,0.9968137288445119,0.9999004891150635,True
direct-27018,2000.0,1773,1773,1.0,0.9978379614705105,1.0,True
direct-27018,2500.0,1773,1773,1.0,0.9978379614705105,1.0,True
direct-27018,3000.0,1768,1768,1.0,0.9978318603649445,1.0,True
direct-27018,3500.0,1768,1768,1.0,0.9978318603649445,1.0,True
direct-27018,4000.0,1769,1769,1.0,0.9978330833391995,1.0,True
direct-27018,4500.0,1766,1766,1.0,0.9978294102703881,1.0,True
direct-27018,5000.0,1766,1766,1.0,0.9978294102703881,1.0,True
direct-27018,5500.0,1765,1765,1.0,0.9978281831453988,1.0,True
direct-27018,6000.0,1767,1767,1.0,0.9978306360094543,0.9999999999999999,True
direct-27018,6500.0,1768,1768,1.0,0.9978318603649445,1.0,True
direct-27018,7000.0,1763,1763,1.0,0.9978257247282382,0.9999999999999999,True
direct-27018,7500.0,1763,1763,1.0,0.9978257247282382,0.9999999999999999,True
direct-27018,8000.0,1760,1760,1.0,0.9978220266491049,1.0,True
direct-27018,8500.0,1760,1760,1.0,0.9978220266491049,1.0,True
direct-27018,9000.0,1761,1761,1.0,0.9978232607390941,1.0,True
direct-27018,9500.0,1760,1760,1.0,0.9978220266491049,1.0,True
direct-27018,10000.0,1761,1761,1.0,0.9978232607390941,1.0,True
direct-27018,10500.0,1764,1764,1.0,0.9978269546321344,0.9999999999999999,True
direct-27018,11000.0,1767,1767,1.0,0.9978306360094543,0.9999999999999999,True
direct-27018,11500.0,1762,1762,1.0,0.9978244934313475,1.0,True
direct-27018,12000.0,1766,1766,1.0,0.9978294102703881,1.0,True
direct-27018,12500.0,1762,1762,1.0,0.9978244934313475,1.0,True
direct-27018,13000.0,1762,1762,1.0,0.9978244934313475,1.0,True
direct-27018,13500.0,1763,1763,1.0,0.9978257247282382,0.9999999999999999,True
direct-27018,14000.0,1760,1760,1.0,0.9978220266491049,1.0,True
direct-27018,14500.0,1761,1761,1.0,0.9978232607390941,1.0,True
direct-27018,15000.0,1767,1767,1.0,0.9978306360094543,0.9999999999999999,True
direct-27018,15500.0,1762,1762,1.0,0.9978244934313475,1.0,True
direct-27018,16000.0,1765,1765,1.0,0.9978281831453988,1.0,True
direct-27018,16500.0,1761,1761,1.0,0.9978232607390941,1.0,True
direct-27018,17000.0,1761,1761,1.0,0.9978232607390941,1.0,True
direct-27018,17500.0,1759,1759,1.0,0.9978207911590014,0.9999999999999998,True
direct-27018,18000.0,1760,1760,1.0,0.9978220266491049,1.0,True
direct-27018,18500.0,1761,1761,1.0,0.9978232607390941,1.0,True
direct-27018,19000.0,1760,1760,1.0,0.9978220266491049,1.0,True
direct-27018,19500.0,1760,1760,1.0,0.9978220266491049,1.0,True
direct-27018,20000.0,1761,1761,1.0,0.9978232607390941,1.0,True
direct-27018,20500.0,1758,1758,1.0,0.9978195542663996,1.0,True
direct-27018,21000.0,1762,1762,1.0,0.9978244934313475,1.0,True
direct-27018,21500.0,1761,1761,1.0,0.9978232607390941,1.0,True
direct-27018,22000.0,1757,1757,1.0,0.9978183159689094,1.0,True
direct-27018,22500.0,1755,1755,1.0,0.9978158351496802,0.9999999999999998,True
direct-27018,23000.0,1756,1756,1.0,0.9978170762641365,1.0,True
direct-27018,23500.0,1757,1757,1.0,0.9978183159689094,1.0,True
direct-27018,24000.0,1754,1754,1.0,0.997814592623135,0.9999999999999998,True
direct-27018,24500.0,1758,1758,1.0,0.9978195542663996,1.0,True
direct-27018,25000.0,1757,1757,1.0,0.9978183159689094,1.0,True
direct-27018,25500.0,1755,1755,1.0,0.9978158351496802,0.9999999999999998,True
direct-27018,26000.0,1756,1756,1.0,0.9978170762641365,1.0,True
direct-27018,26500.0,1754,1754,1.0,0.997814592623135,0.9999999999999998,True
direct-27018,27000.0,1758,1758,1.0,0.9978195542663996,1.0,True
direct-27018,27500.0,1756,1756,1.0,0.9978170762641365,1.0,True
direct-27018,28000.0,1757,1757,1.0,0.9978183159689094,1.0,True
direct-27018,28500.0,1756,1756,1.0,0.9978170762641365,1.0,True
direct-27018,29000.0,1753,1753,1.0,0.9978133486820894,0.9999999999999999,True
direct-27018,29500.0,1759,1759,1.0,0.9978207911590014,0.9999999999999998,True
direct-27018,30000.0,1757,1757,1.0,0.9978183159689094,1.0,True
direct-27018,30500.0,1753,1753,1.0,0.9978133486820894,0.9999999999999999,True
direct-27018,31000.0,1755,1755,1.0,0.9978158351496802,0.9999999999999998,True
direct-27018,31500.0,1755,1755,1.0,0.9978158351496802,0.9999999999999998,True
direct-27018,32000.0,1757,1757,1.0,0.9978183159689094,1.0,True
direct-27018,32500.0,1754,1754,1.0,0.997814592623135,0.9999999999999998,True
direct-27018,33000.0,1756,1756,1.0,0.9978170762641365,1.0,True
direct-27018,33500.0,1753,1753,1.0,0.9978133486820894,0.9999999999999999,True
direct-27018,34000.0,1755,1755,1.0,0.9978158351496802,0.9999999999999998,True
direct-27018,34500.0,1753,1753,1.0,0.9978133486820894,0.9999999999999999,True
direct-27018,35000.0,1755,1755,1.0,0.9978158351496802,0.9999999999999998,True
direct-27018,35500.0,1750,1750,1.0,0.997809608347755,1.0,True
direct-27018,36000.0,1751,1751,1.0,0.9978108565468244,1.0,True
direct-27018,36500.0,1753,1753,1.0,0.9978133486820894,0.9999999999999999,True
direct-27018,37000.0,1755,1755,1.0,0.9978158351496802,0.9999999999999998,True
direct-27018,37500.0,1750,1750,1.0,0.997809608347755,1.0,True
direct-27018,38000.0,1755,1755,1.0,0.9978158351496802,0.9999999999999998,True
direct-27018,38500.0,1750,1750,1.0,0.997809608347755,1.0,True
direct-27018,39000.0,1752,1752,1.0,0.9978121033241266,0.9999999999999999,True
direct-27018,39500.0,1748,1748,1.0,0.9978071076745751,1.0,True
direct-27018,40000.0,1750,1750,1.0,0.997809608347755,1.0,True
direct-27018,40500.0,1756,1756,1.0,0.9978170762641365,1.0,True
direct-27018,41000.0,1752,1752,1.0,0.9978121033241266,0.9999999999999999,True
direct-27018,41500.0,1750,1750,1.0,0.997809608347755,1.0,True
direct-27018,42000.0,1750,1750,1.0,0.997809608347755,1.0,True
direct-27018,42500.0,1751,1751,1.0,0.9978108565468244,1.0,True
direct-27018,43000.0,1751,1751,1.0,0.9978108565468244,1.0,True
direct-27018,43500.0,1750,1750,1.0,0.997809608347755,1.0,True
direct-27018,44000.0,1748,1748,1.0,0.9978071076745751,1.0,True
direct-27018,44500.0,1751,1751,1.0,0.9978108565468244,1.0,True
direct-27018,45000.0,1749,1749,1.0,0.9978083587244848,1.0,True
direct-27018,45500.0,1748,1748,1.0,0.9978071076745751,1.0,True
direct-27018,46000.0,1747,1747,1.0,0.9978058551955814,1.0,True
direct-27018,46500.0,1747,1747,1.0,0.9978058551955814,1.0,True
direct-27018,47000.0,1747,1747,1.0,0.9978058551955814,1.0,True
direct-27018,47500.0,1748,1748,1.0,0.9978071076745751,1.0,True
direct-27018,48000.0,1746,1746,1.0,0.9978046012850535,1.0,True
direct-27018,48500.0,1749,1749,1.0,0.9978083587244848,1.0,True
direct-27018,49000.0,1752,1752,1.0,0.9978121033241266,0.9999999999999999,True
direct-27018,49500.0,1750,1750,1.0,0.997809608347755,1.0,True
direct-27018,50000.0,1752,1752,1.0,0.9978121033241266,0.9999999999999999,True
direct-27018,50500.0,1750,1750,1.0,0.997809608347755,1.0,True
direct-27018,51000.0,1752,1752,1.0,0.9978121033241266,0.9999999999999999,True
direct-27018,51500.0,1754,1754,1.0,0.997814592623135,0.9999999999999998,True
direct-27018,52000.0,1750,1750,1.0,0.997809608347755,1.0,True
direct-27018,52500.0,1753,1753,1.0,0.9978133486820894,0.9999999999999999,True
direct-27018,53000.0,1751,1751,1.0,0.9978108565468244,1.0,True
direct-27018,53500.0,1754,1754,1.0,0.997814592623135,0.9999999999999998,True
direct-27018,54000.0,1756,1756,1.0,0.9978170762641365,1.0,True
direct-27018,54500.0,1756,1756,1.0,0.9978170762641365,1.0,True
direct-27018,55000.0,1759,1759,1.0,0.9978207911590014,0.9999999999999998,True
direct-27018,55500.0,1757,1757,1.0,0.9978183159689094,1.0,True
direct-27018,56000.0,1758,1758,1.0,0.9978195542663996,1.0,True
direct-27018,56500.0,1754,1754,1.0,0.997814592623135,0.9999999999999998,True
direct-27018,57000.0,1757,1757,1.0,0.9978183159689094,1.0,True
direct-27018,57500.0,1756,1756,1.0,0.9978170762641365,1.0,True
direct-27018,58000.0,1756,1756,1.0,0.9978170762641365,1.0,True
direct-27018,58500.0,1758,1758,1.0,0.9978195542663996,1.0,True
direct-27018,59000.0,1757,1757,1.0,0.9978183159689094,1.0,True
direct-27018,59500.0,1756,1756,1.0,0.9978170762641365,1.0,True
direct-27018,60000.0,1756,1756,1.0,0.9978170762641365,1.0,True
direct-27018,60500.0,1755,1755,1.0,0.9978158351496802,0.9999999999999998,True
direct-27018,61000.0,1755,1755,1.0,0.9978158351496802,0.9999999999999998,True
direct-27018,61500.0,1757,1757,1.0,0.9978183159689094,1.0,True
direct-27018,62000.0,1759,1759,1.0,0.9978207911590014,0.9999999999999998,True
direct-27018,62500.0,1759,1759,1.0,0.9978207911590014,0.9999999999999998,True
direct-27018,63000.0,1759,1759,1.0,0.9978207911590014,0.9999999999999998,True
direct-27018,63500.0,1757,1757,1.0,0.9978183159689094,1.0,True
direct-27018,64000.0,1755,1755,1.0,0.9978158351496802,0.9999999999999998,True
direct-27018,64500.0,1757,1757,1.0,0.9978183159689094,1.0,True
direct-27018,65000.0,1751,1751,1.0,0.9978108565468244,1.0,True
direct-27018,65500.0,1749,1749,1.0,0.9978083587244848,1.0,True
direct-27018,66000.0,1751,1751,1.0,0.9978108565468244,1.0,True
direct-27018,66500.0,1749,1749,1.0,0.9978083587244848,1.0,True
direct-27018,67000.0,1747,1747,1.0,0.9978058551955814,1.0,True
direct-27018,67500.0,1748,1748,1.0,0.9978071076745751,1.0,True
direct-27018,68000.0,1746,1746,1.0,0.9978046012850535,1.0,True
direct-27018,68500.0,1746,1746,1.0,0.9978046012850535,1.0,True
direct-27018,69000.0,1748,1748,1.0,0.9978071076745751,1.0,True
direct-27018,69500.0,1747,1747,1.0,0.9978058551955814,1.0,True
direct-27018,70000.0,1749,1749,1.0,0.9978083587244848,1.0,True
direct-27018,70500.0,1747,1747,1.0,0.9978058551955814,1.0,True
direct-27018,71000.0,1748,1748,1.0,0.9978071076745751,1.0,True
direct-27018,71500.0,1750,1750,1.0,0.997809608347755,1.0,True
direct-27018,72000.0,1750,1750,1.0,0.997809608347755,1.0,True
direct-27018,72500.0,1749,1749,1.0,0.9978083587244848,1.0,True
direct-27018,73000.0,1747,1747,1.0,0.9978058551955814,1.0,True
direct-27018,73500.0,1748,1748,1.0,0.9978071076745751,1.0,True
direct-27018,74000.0,1747,1747,1.0,0.9978058551955814,1.0,True
direct-27018,74500.0,1748,1748,1.0,0.9978071076745751,1.0,True
direct-27018,75000.0,1748,1748,1.0,0.9978071076745751,1.0,True
direct-27018,75500.0,1748,1748,1.0,0.9978071076745751,1.0,True
direct-27018,76000.0,1751,1751,1.0,0.9978108565468244,1.0,True
direct-27018,76500.0,1751,1751,1.0,0.9978108565468244,1.0,True
direct-27018,77000.0,1752,1752,1.0,0.9978121033241266,0.9999999999999999,True
direct-27018,77500.0,1751,1751,1.0,0.9978108565468244,1.0,True
direct-27018,78000.0,1753,1753,1.0,0.9978133486820894,0.9999999999999999,True
direct-27018,78500.0,1756,1756,1.0,0.9978170762641365,1.0,True
direct-27018,79000.0,1755,1755,1.0,0.9978158351496802,0.9999999999999998,True
direct-27018,79500.0,1757,1757,1.0,0.9978183159689094,1.0,True
direct-27018,80000.0,1758,1758,1.0,0.9978195542663996,1.0,True
direct-27018,80500.0,1753,1753,1.0,0.9978133486820894,0.9999999999999999,True
direct-27018,81000.0,1754,1754,1.0,0.997814592623135,0.9999999999999998,True
direct-27018,81500.0,1754,1754,1.0,0.997814592623135,0.9999999999999998,True
direct-27018,82000.0,1758,1758,1.0,0.9978195542663996,1.0,True
direct-27018,82500.0,1758,1758,1.0,0.9978195542663996,1.0,True
direct-27018,83000.0,1757,1757,1.0,0.9978183159689094,1.0,True
direct-27018,83500.0,1756,1756,1.0,0.9978170762641365,1.0,True
direct-27018,84000.0,1757,1757,1.0,0.9978183159689094,1.0,True
direct-27018,84500.0,1755,1755,1.0,0.9978158351496802,0.9999999999999998,True
direct-27018,85000.0,1754,1754,1.0,0.997814592623135,0.9999999999999998,True
direct-27018,85500.0,1753,1753,1.0,0.9978133486820894,0.9999999999999999,True
direct-27018,86000.0,1752,1752,1.0,0.9978121033241266,0.9999999999999999,True
direct-27018,86500.0,1753,1753,1.0,0.9978133486820894,0.9999999999999999,True
direct-27018,87000.0,1755,1755,1.0,0.9978158351496802,0.9999999999999998,True
direct-27018,87500.0,1753,1753,1.0,0.9978133486820894,0.9999999999999999,True
direct-27018,88000.0,1753,1753,1.0,0.9978133486820894,0.9999999999999999,True
direct-27018,88500.0,1755,1755,1.0,0.9978158351496802,0.9999999999999998,True
direct-27018,89000.0,1754,1754,1.0,0.997814592623135,0.9999999999999998,True
direct-27018,89500.0,1755,1755,1.0,0.9978158351496802,0.9999999999999998,True
direct-27018,90000.0,1750,1750,1.0,0.997809608347755,1.0,True
direct-27018,90500.0,1749,1749,1.0,0.9978083587244848,1.0,True
direct-27018,91000.0,1749,1749,1.0,0.9978083587244848,1.0,True
direct-27018,91500.0,1750,1750,1.0,0.997809608347755,1.0,True
direct-27018,92000.0,1748,1748,1.0,0.9978071076745751,1.0,True
direct-27018,92500.0,1747,1747,1.0,0.9978058551955814,1.0,True
direct-27018,93000.0,1747,1747,1.0,0.9978058551955814,1.0,True
direct-27018,93500.0,1747,1747,1.0,0.9978058551955814,1.0,True
direct-27018,94000.0,1740,1740,1.0,0.9977970476217564,0.9999999999999998,True
direct-27018,94500.0,1449,1449,1.0,0.9973558025871504,0.9999999999999999,True
direct-27018,95000.0,1421,1421,1.0,0.99730384065148,1.0,True
direct-27018,95500.0,1361,1361,1.0,0.9971853143983889,1.0,True
direct-27018,96000.0,1317,1317,1.0,0.9970915513260635,0.9999999999999999,True
direct-27018,96500.0,1264,1264,1.0,0.9969699684881772,1.0,True
direct-27018,97000.0,1237,1237,1.0,0.9969040367440938,1.0,True
direct-27018,97500.0,1195,1195,1.0,0.9967955733267848,1.0,True
direct-27018,98000.0,1161,1161,1.0,0.9967020408611782,1.0,True
direct-27018,98500.0,1107,1107,1.0,0.9965417211598845,0.9999999999999999,True
direct-27018,99000.0,1059,1059,1.0,0.9963855385412086,0.9999999999999998,True
direct-27018,99500.0,654,654,1.0,0.9941602963388148,1.0,True
direct-27018,100000.0,600,600,1.0,0.9936380666717896,1.0,True
direct-27018,100500.0,559,559,1.0,0.9931746338579097,1.0,True
direct-27018,101000.0,532,532,1.0,0.9928307171373032,1.0,True
direct-27018,101500.0,494,494,1.0,0.9922834893668989,0.9999999999999999,True
direct-27018,102000.0,461,461,1.0,0.9917356794228399,0.9999999999999999,True
direct-27018,102500.0,398,398,1.0,0.9904400141747397,1.0,True
direct-27018,103000.0,323,323,1.0,0.9882462942293758,0.9999999999999999,True
direct-27018,103500.0,1,1,1.0,0.20654329147389294,1.0,False
direct-27019,0.0,1433,1853,0.7733405288720993,0.7537233772354057,0.7918266578348985,True
direct-27019,500.0,1754,1762,0.9954597048808173,0.9910660468250309,0.9976976112516619,True
direct-27019,1000.0,1763,1768,0.9971719457013575,0.9933965592923716,0.9987914557085179,True
direct-27019,1500.0,1771,1773,0.9988719684151156,0.9958961709921775,0.999690605004062,True
direct-27019,2000.0,1775,1776,0.9994369369369369,0.996817308993406,0.9999006011846681,True
direct-27019,2500.0,1773,1773,1.0,0.9978379614705105,1.0,True
direct-27019,3000.0,1774,1774,1.0,0.9978391775735252,1.0,True
direct-27019,3500.0,1774,1774,1.0,0.9978391775735252,1.0,True
direct-27019,4000.0,1772,1772,1.0,0.9978367439978879,0.9999999999999998,True
direct-27019,4500.0,1764,1764,1.0,0.9978269546321344,0.9999999999999999,True
direct-27019,5000.0,1766,1766,1.0,0.9978294102703881,1.0,True
direct-27019,5500.0,1765,1765,1.0,0.9978281831453988,1.0,True
direct-27019,6000.0,1768,1768,1.0,0.9978318603649445,1.0,True
direct-27019,6500.0,1764,1764,1.0,0.9978269546321344,0.9999999999999999,True
direct-27019,7000.0,1766,1766,1.0,0.9978294102703881,1.0,True
direct-27019,7500.0,1766,1766,1.0,0.9978294102703881,1.0,True
direct-27019,8000.0,1765,1765,1.0,0.9978281831453988,1.0,True
direct-27019,8500.0,1763,1763,1.0,0.9978257247282382,0.9999999999999999,True
direct-27019,9000.0,1764,1764,1.0,0.9978269546321344,0.9999999999999999,True
direct-27019,9500.0,1762,1762,1.0,0.9978244934313475,1.0,True
direct-27019,10000.0,1764,1764,1.0,0.9978269546321344,0.9999999999999999,True
direct-27019,10500.0,1761,1761,1.0,0.9978232607390941,1.0,True
direct-27019,11000.0,1761,1761,1.0,0.9978232607390941,1.0,True
direct-27019,11500.0,1763,1763,1.0,0.9978257247282382,0.9999999999999999,True
direct-27019,12000.0,1760,1760,1.0,0.9978220266491049,1.0,True
direct-27019,12500.0,1762,1762,1.0,0.9978244934313475,1.0,True
direct-27019,13000.0,1765,1765,1.0,0.9978281831453988,1.0,True
direct-27019,13500.0,1767,1767,1.0,0.9978306360094543,0.9999999999999999,True
direct-27019,14000.0,1765,1765,1.0,0.9978281831453988,1.0,True
direct-27019,14500.0,1759,1759,1.0,0.9978207911590014,0.9999999999999998,True
direct-27019,15000.0,1762,1762,1.0,0.9978244934313475,1.0,True
direct-27019,15500.0,1760,1760,1.0,0.9978220266491049,1.0,True
direct-27019,16000.0,1759,1759,1.0,0.9978207911590014,0.9999999999999998,True
direct-27019,16500.0,1759,1759,1.0,0.9978207911590014,0.9999999999999998,True
direct-27019,17000.0,1759,1759,1.0,0.9978207911590014,0.9999999999999998,True
direct-27019,17500.0,1760,1760,1.0,0.9978220266491049,1.0,True
direct-27019,18000.0,1757,1757,1.0,0.9978183159689094,1.0,True
direct-27019,18500.0,1759,1759,1.0,0.9978207911590014,0.9999999999999998,True
direct-27019,19000.0,1760,1760,1.0,0.9978220266491049,1.0,True
direct-27019,19500.0,1762,1762,1.0,0.9978244934313475,1.0,True
direct-27019,20000.0,1759,1759,1.0,0.9978207911590014,0.9999999999999998,True
direct-27019,20500.0,1756,1756,1.0,0.9978170762641365,1.0,True
direct-27019,21000.0,1755,1755,1.0,0.9978158351496802,0.9999999999999998,True
direct-27019,21500.0,1754,1754,1.0,0.997814592623135,0.9999999999999998,True
direct-27019,22000.0,1753,1753,1.0,0.9978133486820894,0.9999999999999999,True
direct-27019,22500.0,1755,1755,1.0,0.9978158351496802,0.9999999999999998,True
direct-27019,23000.0,1754,1754,1.0,0.997814592623135,0.9999999999999998,True
direct-27019,23500.0,1754,1754,1.0,0.997814592623135,0.9999999999999998,True
direct-27019,24000.0,1754,1754,1.0,0.997814592623135,0.9999999999999998,True
direct-27019,24500.0,1754,1754,1.0,0.997814592623135,0.9999999999999998,True
direct-27019,25000.0,1753,1753,1.0,0.9978133486820894,0.9999999999999999,True
direct-27019,25500.0,1752,1752,1.0,0.9978121033241266,0.9999999999999999,True
direct-27019,26000.0,1752,1752,1.0,0.9978121033241266,0.9999999999999999,True
direct-27019,26500.0,1753,1753,1.0,0.9978133486820894,0.9999999999999999,True
direct-27019,27000.0,1752,1752,1.0,0.9978121033241266,0.9999999999999999,True
direct-27019,27500.0,1751,1751,1.0,0.9978108565468244,1.0,True
direct-27019,28000.0,1751,1751,1.0,0.9978108565468244,1.0,True
direct-27019,28500.0,1751,1751,1.0,0.9978108565468244,1.0,True
direct-27019,29000.0,1754,1754,1.0,0.997814592623135,0.9999999999999998,True
direct-27019,29500.0,1753,1753,1.0,0.9978133486820894,0.9999999999999999,True
direct-27019,30000.0,1751,1751,1.0,0.9978108565468244,1.0,True
direct-27019,30500.0,1751,1751,1.0,0.9978108565468244,1.0,True
direct-27019,31000.0,1752,1752,1.0,0.9978121033241266,0.9999999999999999,True
direct-27019,31500.0,1752,1752,1.0,0.9978121033241266,0.9999999999999999,True
direct-27019,32000.0,1753,1753,1.0,0.9978133486820894,0.9999999999999999,True
direct-27019,32500.0,1753,1753,1.0,0.9978133486820894,0.9999999999999999,True
direct-27019,33000.0,1753,1753,1.0,0.9978133486820894,0.9999999999999999,True
direct-27019,33500.0,1755,1755,1.0,0.9978158351496802,0.9999999999999998,True
direct-27019,34000.0,1755,1755,1.0,0.9978158351496802,0.9999999999999998,True
direct-27019,34500.0,1758,1758,1.0,0.9978195542663996,1.0,True
direct-27019,35000.0,1759,1759,1.0,0.9978207911590014,0.9999999999999998,True
direct-27019,35500.0,1759,1759,1.0,0.9978207911590014,0.9999999999999998,True
direct-27019,36000.0,1758,1758,1.0,0.9978195542663996,1.0,True
direct-27019,36500.0,1758,1758,1.0,0.9978195542663996,1.0,True
direct-27019,37000.0,1757,1757,1.0,0.9978183159689094,1.0,True
direct-27019,37500.0,1757,1757,1.0,0.9978183159689094,1.0,True
direct-27019,38000.0,1756,1756,1.0,0.9978170762641365,1.0,True
direct-27019,38500.0,1757,1757,1.0,0.9978183159689094,1.0,True
direct-27019,39000.0,1757,1757,1.0,0.9978183159689094,1.0,True
direct-27019,39500.0,1757,1757,1.0,0.9978183159689094,1.0,True
direct-27019,40000.0,1757,1757,1.0,0.9978183159689094,1.0,True
direct-27019,40500.0,1755,1755,1.0,0.9978158351496802,0.9999999999999998,True
direct-27019,41000.0,1757,1757,1.0,0.9978183159689094,1.0,True
direct-27019,41500.0,1755,1755,1.0,0.9978158351496802,0.9999999999999998,True
direct-27019,42000.0,1755,1755,1.0,0.9978158351496802,0.9999999999999998,True
direct-27019,42500.0,1755,1755,1.0,0.9978158351496802,0.9999999999999998,True
direct-27019,43000.0,1755,1755,1.0,0.9978158351496802,0.9999999999999998,True
direct-27019,43500.0,1754,1754,1.0,0.997814592623135,0.9999999999999998,True
direct-27019,44000.0,1751,1751,1.0,0.9978108565468244,1.0,True
direct-27019,44500.0,1750,1750,1.0,0.997809608347755,1.0,True
direct-27019,45000.0,1750,1750,1.0,0.997809608347755,1.0,True
direct-27019,45500.0,1751,1751,1.0,0.9978108565468244,1.0,True
direct-27019,46000.0,1750,1750,1.0,0.997809608347755,1.0,True
direct-27019,46500.0,1753,1753,1.0,0.9978133486820894,0.9999999999999999,True
direct-27019,47000.0,1748,1748,1.0,0.9978071076745751,1.0,True
direct-27019,47500.0,1753,1753,1.0,0.9978133486820894,0.9999999999999999,True
direct-27019,48000.0,1751,1751,1.0,0.9978108565468244,1.0,True
direct-27019,48500.0,1759,1759,1.0,0.9978207911590014,0.9999999999999998,True
direct-27019,49000.0,1753,1753,1.0,0.9978133486820894,0.9999999999999999,True
direct-27019,49500.0,1751,1751,1.0,0.9978108565468244,1.0,True
direct-27019,50000.0,1749,1749,1.0,0.9978083587244848,1.0,True
direct-27019,50500.0,1748,1748,1.0,0.9978071076745751,1.0,True
direct-27019,51000.0,1749,1749,1.0,0.9978083587244848,1.0,True
direct-27019,51500.0,1746,1746,1.0,0.9978046012850535,1.0,True
direct-27019,52000.0,1750,1750,1.0,0.997809608347755,1.0,True
direct-27019,52500.0,1751,1751,1.0,0.9978108565468244,1.0,True
direct-27019,53000.0,1752,1752,1.0,0.9978121033241266,0.9999999999999999,True
direct-27019,53500.0,1750,1750,1.0,0.997809608347755,1.0,True
direct-27019,54000.0,1746,1746,1.0,0.9978046012850535,1.0,True
direct-27019,54500.0,1747,1747,1.0,0.9978058551955814,1.0,True
direct-27019,55000.0,1754,1754,1.0,0.997814592623135,0.9999999999999998,True
direct-27019,55500.0,1749,1749,1.0,0.9978083587244848,1.0,True
direct-27019,56000.0,1749,1749,1.0,0.9978083587244848,1.0,True
direct-27019,56500.0,1749,1749,1.0,0.9978083587244848,1.0,True
direct-27019,57000.0,1748,1748,1.0,0.9978071076745751,1.0,True
direct-27019,57500.0,1747,1747,1.0,0.9978058551955814,1.0,True
direct-27019,58000.0,1747,1747,1.0,0.9978058551955814,1.0,True
direct-27019,58500.0,1749,1749,1.0,0.9978083587244848,1.0,True
direct-27019,59000.0,1751,1751,1.0,0.9978108565468244,1.0,True
direct-27019,59500.0,1750,1750,1.0,0.997809608347755,1.0,True
direct-27019,60000.0,1750,1750,1.0,0.997809608347755,1.0,True
direct-27019,60500.0,1751,1751,1.0,0.9978108565468244,1.0,True
direct-27019,61000.0,1751,1751,1.0,0.9978108565468244,1.0,True
direct-27019,61500.0,1749,1749,1.0,0.9978083587244848,1.0,True
direct-27019,62000.0,1748,1748,1.0,0.9978071076745751,1.0,True
direct-27019,62500.0,1747,1747,1.0,0.9978058551955814,1.0,True
direct-27019,63000.0,1749,1749,1.0,0.9978083587244848,1.0,True
direct-27019,63500.0,1749,1749,1.0,0.9978083587244848,1.0,True
direct-27019,64000.0,1747,1747,1.0,0.9978058551955814,1.0,True
direct-27019,64500.0,1748,1748,1.0,0.9978071076745751,1.0,True
direct-27019,65000.0,1748,1748,1.0,0.9978071076745751,1.0,True
direct-27019,65500.0,1747,1747,1.0,0.9978058551955814,1.0,True
direct-27019,66000.0,1749,1749,1.0,0.9978083587244848,1.0,True
direct-27019,66500.0,1749,1749,1.0,0.9978083587244848,1.0,True
direct-27019,67000.0,1751,1751,1.0,0.9978108565468244,1.0,True
direct-27019,67500.0,1751,1751,1.0,0.9978108565468244,1.0,True
direct-27019,68000.0,1751,1751,1.0,0.9978108565468244,1.0,True
direct-27019,68500.0,1751,1751,1.0,0.9978108565468244,1.0,True
direct-27019,69000.0,1753,1753,1.0,0.9978133486820894,0.9999999999999999,True
direct-27019,69500.0,1755,1755,1.0,0.9978158351496802,0.9999999999999998,True
direct-27019,70000.0,1758,1758,1.0,0.9978195542663996,1.0,True
direct-27019,70500.0,1757,1757,1.0,0.9978183159689094,1.0,True
direct-27019,71000.0,1757,1757,1.0,0.9978183159689094,1.0,True
direct-27019,71500.0,1757,1757,1.0,0.9978183159689094,1.0,True
direct-27019,72000.0,1755,1755,1.0,0.9978158351496802,0.9999999999999998,True
direct-27019,72500.0,1753,1753,1.0,0.9978133486820894,0.9999999999999999,True
direct-27019,73000.0,1759,1759,1.0,0.9978207911590014,0.9999999999999998,True
direct-27019,73500.0,1756,1756,1.0,0.9978170762641365,1.0,True
direct-27019,74000.0,1756,1756,1.0,0.9978170762641365,1.0,True
direct-27019,74500.0,1755,1755,1.0,0.9978158351496802,0.9999999999999998,True
direct-27019,75000.0,1756,1756,1.0,0.9978170762641365,1.0,True
direct-27019,75500.0,1756,1756,1.0,0.9978170762641365,1.0,True
direct-27019,76000.0,1756,1756,1.0,0.9978170762641365,1.0,True
direct-27019,76500.0,1756,1756,1.0,0.9978170762641365,1.0,True
direct-27019,77000.0,1760,1760,1.0,0.9978220266491049,1.0,True
direct-27019,77500.0,1758,1758,1.0,0.9978195542663996,1.0,True
direct-27019,78000.0,1757,1757,1.0,0.9978183159689094,1.0,True
direct-27019,78500.0,1752,1752,1.0,0.9978121033241266,0.9999999999999999,True
direct-27019,79000.0,1753,1753,1.0,0.9978133486820894,0.9999999999999999,True
direct-27019,79500.0,1755,1755,1.0,0.9978158351496802,0.9999999999999998,True
direct-27019,80000.0,1752,1752,1.0,0.9978121033241266,0.9999999999999999,True
direct-27019,80500.0,1757,1757,1.0,0.9978183159689094,1.0,True
direct-27019,81000.0,1756,1756,1.0,0.9978170762641365,1.0,True
direct-27019,81500.0,1750,1750,1.0,0.997809608347755,1.0,True
direct-27019,82000.0,1750,1750,1.0,0.997809608347755,1.0,True
direct-27019,82500.0,1751,1751,1.0,0.9978108565468244,1.0,True
direct-27019,83000.0,1746,1746,1.0,0.9978046012850535,1.0,True
direct-27019,83500.0,1751,1751,1.0,0.9978108565468244,1.0,True
direct-27019,84000.0,1751,1751,1.0,0.9978108565468244,1.0,True
direct-27019,84500.0,1753,1753,1.0,0.9978133486820894,0.9999999999999999,True
direct-27019,85000.0,1754,1754,1.0,0.997814592623135,0.9999999999999998,True
direct-27019,85500.0,1750,1750,1.0,0.997809608347755,1.0,True
direct-27019,86000.0,1751,1751,1.0,0.9978108565468244,1.0,True
direct-27019,86500.0,1752,1752,1.0,0.9978121033241266,0.9999999999999999,True
direct-27019,87000.0,1753,1753,1.0,0.9978133486820894,0.9999999999999999,True
direct-27019,87500.0,1753,1753,1.0,0.9978133486820894,0.9999999999999999,True
direct-27019,88000.0,1753,1753,1.0,0.9978133486820894,0.9999999999999999,True
direct-27019,88500.0,1755,1755,1.0,0.9978158351496802,0.9999999999999998,True
direct-27019,89000.0,1751,1751,1.0,0.9978108565468244,1.0,True
direct-27019,89500.0,1754,1754,1.0,0.997814592623135,0.9999999999999998,True
direct-27019,90000.0,1752,1752,1.0,0.9978121033241266,0.9999999999999999,True
direct-27019,90500.0,1752,1752,1.0,0.9978121033241266,0.9999999999999999,True
direct-27019,91000.0,1753,1753,1.0,0.9978133486820894,0.9999999999999999,True
direct-27019,91500.0,1752,1752,1.0,0.9978121033241266,0.9999999999999999,True
direct-27019,92000.0,1750,1750,1.0,0.997809608347755,1.0,True
direct-27019,92500.0,1752,1752,1.0,0.9978121033241266,0.9999999999999999,True
direct-27019,93000.0,1752,1752,1.0,0.9978121033241266,0.9999999999999999,True
direct-27019,93500.0,1752,1752,1.0,0.9978121033241266,0.9999999999999999,True
direct-27019,94000.0,1747,1747,1.0,0.9978058551955814,1.0,True
direct-27019,94500.0,1748,1748,1.0,0.9978071076745751,1.0,True
direct-27019,95000.0,1512,1512,1.0,0.9974656982629321,1.0,True
direct-27019,95500.0,1474,1474,1.0,0.9974005333183203,0.9999999999999999,True
direct-27019,96000.0,1432,1432,1.0,0.9973244959611145,1.0,True
direct-27019,96500.0,1392,1392,1.0,0.9972478252546709,1.0,True
direct-27019,97000.0,1309,1309,1.0,0.9970738282516338,1.0,True
direct-27019,97500.0,1275,1275,1.0,0.9969960314084246,1.0,True
direct-27019,98000.0,1209,1209,1.0,0.996832562471472,1.0,True
direct-27019,98500.0,1150,1150,1.0,0.996670600193302,0.9999999999999999,True
direct-27019,99000.0,1077,1077,1.0,0.9964457326586984,0.9999999999999998,True
direct-27019,99500.0,660,660,1.0,0.9942130773365212,1.0,True
direct-27019,100000.0,608,608,1.0,0.993721250728947,1.0,True
direct-27019,100500.0,559,559,1.0,0.9931746338579097,1.0,True
direct-27019,101000.0,472,472,1.0,0.9919267251959477,1.0,True
direct-27019,101500.0,410,410,1.0,0.990717221275,1.0,True
direct-27019,102000.0,322,322,1.0,0.9882102223902656,0.9999999999999998,True
direct-27019,102500.0,296,296,1.0,0.9871879018788587,1.0,True
direct-27019,103000.0,219,219,1.0,0.9827608489617737,0.9999999999999999,True
direct-27019,105500.0,1,1,1.0,0.20654329147389294,1.0,False
direct-27020,0.0,2004,2215,0.9047404063205418,0.8918041298796149,0.9162751850205566,True
direct-27020,500.0,1774,1774,1.0,0.9978391775735252,1.0,True
direct-27020,1000.0,1773,1773,1.0,0.9978379614705105,1.0,True
direct-27020,1500.0,1770,1770,1.0,0.9978343049345556,1.0,True
direct-27020,2000.0,1775,1775,1.0,0.9978403923092423,1.0,True
direct-27020,2500.0,1768,1768,1.0,0.9978318603649445,1.0,True
direct-27020,3000.0,1770,1770,1.0,0.9978343049345556,1.0,True
direct-27020,3500.0,1766,1766,1.0,0.9978294102703881,1.0,True
direct-27020,4000.0,1767,1767,1.0,0.9978306360094543,0.9999999999999999,True
direct-27020,4500.0,1767,1767,1.0,0.9978306360094543,0.9999999999999999,True
direct-27020,5000.0,1768,1768,1.0,0.9978318603649445,1.0,True
direct-27020,5500.0,1766,1766,1.0,0.9978294102703881,1.0,True
direct-27020,6000.0,1765,1765,1.0,0.9978281831453988,1.0,True
direct-27020,6500.0,1765,1765,1.0,0.9978281831453988,1.0,True
direct-27020,7000.0,1764,1764,1.0,0.9978269546321344,0.9999999999999999,True
direct-27020,7500.0,1761,1761,1.0,0.9978232607390941,1.0,True
direct-27020,8000.0,1762,1762,1.0,0.9978244934313475,1.0,True
direct-27020,8500.0,1761,1761,1.0,0.9978232607390941,1.0,True
direct-27020,9000.0,1761,1761,1.0,0.9978232607390941,1.0,True
direct-27020,9500.0,1760,1760,1.0,0.9978220266491049,1.0,True
direct-27020,10000.0,1761,1761,1.0,0.9978232607390941,1.0,True
direct-27020,10500.0,1763,1763,1.0,0.9978257247282382,0.9999999999999999,True
direct-27020,11000.0,1761,1761,1.0,0.9978232607390941,1.0,True
direct-27020,11500.0,1762,1762,1.0,0.9978244934313475,1.0,True
direct-27020,12000.0,1762,1762,1.0,0.9978244934313475,1.0,True
direct-27020,12500.0,1762,1762,1.0,0.9978244934313475,1.0,True
direct-27020,13000.0,1761,1761,1.0,0.9978232607390941,1.0,True
direct-27020,13500.0,1761,1761,1.0,0.9978232607390941,1.0,True
direct-27020,14000.0,1763,1763,1.0,0.9978257247282382,0.9999999999999999,True
direct-27020,14500.0,1761,1761,1.0,0.9978232607390941,1.0,True
direct-27020,15000.0,1763,1763,1.0,0.9978257247282382,0.9999999999999999,True
direct-27020,15500.0,1761,1761,1.0,0.9978232607390941,1.0,True
direct-27020,16000.0,1762,1762,1.0,0.9978244934313475,1.0,True
direct-27020,16500.0,1762,1762,1.0,0.9978244934313475,1.0,True
direct-27020,17000.0,1760,1760,1.0,0.9978220266491049,1.0,True
direct-27020,17500.0,1758,1758,1.0,0.9978195542663996,1.0,True
direct-27020,18000.0,1759,1759,1.0,0.9978207911590014,0.9999999999999998,True
direct-27020,18500.0,1759,1759,1.0,0.9978207911590014,0.9999999999999998,True
direct-27020,19000.0,1758,1758,1.0,0.9978195542663996,1.0,True
direct-27020,19500.0,1758,1758,1.0,0.9978195542663996,1.0,True
direct-27020,20000.0,1758,1758,1.0,0.9978195542663996,1.0,True
direct-27020,20500.0,1758,1758,1.0,0.9978195542663996,1.0,True
direct-27020,21000.0,1759,1759,1.0,0.9978207911590014,0.9999999999999998,True
direct-27020,21500.0,1758,1758,1.0,0.9978195542663996,1.0,True
direct-27020,22000.0,1757,1757,1.0,0.9978183159689094,1.0,True
direct-27020,22500.0,1759,1759,1.0,0.9978207911590014,0.9999999999999998,True
direct-27020,23000.0,1758,1758,1.0,0.9978195542663996,1.0,True
direct-27020,23500.0,1756,1756,1.0,0.9978170762641365,1.0,True
direct-27020,24000.0,1754,1754,1.0,0.997814592623135,0.9999999999999998,True
direct-27020,24500.0,1752,1752,1.0,0.9978121033241266,0.9999999999999999,True
direct-27020,25000.0,1753,1753,1.0,0.9978133486820894,0.9999999999999999,True
direct-27020,25500.0,1754,1754,1.0,0.997814592623135,0.9999999999999998,True
direct-27020,26000.0,1753,1753,1.0,0.9978133486820894,0.9999999999999999,True
direct-27020,26500.0,1752,1752,1.0,0.9978121033241266,0.9999999999999999,True
direct-27020,27000.0,1752,1752,1.0,0.9978121033241266,0.9999999999999999,True
direct-27020,27500.0,1752,1752,1.0,0.9978121033241266,0.9999999999999999,True
direct-27020,28000.0,1752,1752,1.0,0.9978121033241266,0.9999999999999999,True
direct-27020,28500.0,1752,1752,1.0,0.9978121033241266,0.9999999999999999,True
direct-27020,29000.0,1753,1753,1.0,0.9978133486820894,0.9999999999999999,True
direct-27020,29500.0,1752,1752,1.0,0.9978121033241266,0.9999999999999999,True
direct-27020,30000.0,1751,1751,1.0,0.9978108565468244,1.0,True
direct-27020,30500.0,1754,1754,1.0,0.997814592623135,0.9999999999999998,True
direct-27020,31000.0,1753,1753,1.0,0.9978133486820894,0.9999999999999999,True
direct-27020,31500.0,1753,1753,1.0,0.9978133486820894,0.9999999999999999,True
direct-27020,32000.0,1754,1754,1.0,0.997814592623135,0.9999999999999998,True
direct-27020,32500.0,1753,1753,1.0,0.9978133486820894,0.9999999999999999,True
direct-27020,33000.0,1753,1753,1.0,0.9978133486820894,0.9999999999999999,True
direct-27020,33500.0,1752,1752,1.0,0.9978121033241266,0.9999999999999999,True
direct-27020,34000.0,1752,1752,1.0,0.9978121033241266,0.9999999999999999,True
direct-27020,34500.0,1753,1753,1.0,0.9978133486820894,0.9999999999999999,True
direct-27020,35000.0,1752,1752,1.0,0.9978121033241266,0.9999999999999999,True
direct-27020,35500.0,1751,1751,1.0,0.9978108565468244,1.0,True
direct-27020,36000.0,1752,1752,1.0,0.9978121033241266,0.9999999999999999,True
direct-27020,36500.0,1751,1751,1.0,0.9978108565468244,1.0,True
direct-27020,37000.0,1751,1751,1.0,0.9978108565468244,1.0,True
direct-27020,37500.0,1751,1751,1.0,0.9978108565468244,1.0,True
direct-27020,38000.0,1753,1753,1.0,0.9978133486820894,0.9999999999999999,True
direct-27020,38500.0,1752,1752,1.0,0.9978121033241266,0.9999999999999999,True
direct-27020,39000.0,1752,1752,1.0,0.9978121033241266,0.9999999999999999,True
direct-27020,39500.0,1753,1753,1.0,0.9978133486820894,0.9999999999999999,True
direct-27020,40000.0,1754,1754,1.0,0.997814592623135,0.9999999999999998,True
direct-27020,40500.0,1752,1752,1.0,0.9978121033241266,0.9999999999999999,True
direct-27020,41000.0,1749,1749,1.0,0.9978083587244848,1.0,True
direct-27020,41500.0,1749,1749,1.0,0.9978083587244848,1.0,True
direct-27020,42000.0,1750,1750,1.0,0.997809608347755,1.0,True
direct-27020,42500.0,1751,1751,1.0,0.9978108565468244,1.0,True
direct-27020,43000.0,1750,1750,1.0,0.997809608347755,1.0,True
direct-27020,43500.0,1750,1750,1.0,0.997809608347755,1.0,True
direct-27020,44000.0,1749,1749,1.0,0.9978083587244848,1.0,True
direct-27020,44500.0,1750,1750,1.0,0.997809608347755,1.0,True
direct-27020,45000.0,1748,1748,1.0,0.9978071076745751,1.0,True
direct-27020,45500.0,1749,1749,1.0,0.9978083587244848,1.0,True
direct-27020,46000.0,1748,1748,1.0,0.9978071076745751,1.0,True
direct-27020,46500.0,1748,1748,1.0,0.9978071076745751,1.0,True
direct-27020,47000.0,1750,1750,1.0,0.997809608347755,1.0,True
direct-27020,47500.0,1749,1749,1.0,0.9978083587244848,1.0,True
direct-27020,48000.0,1751,1751,1.0,0.9978108565468244,1.0,True
direct-27020,48500.0,1748,1748,1.0,0.9978071076745751,1.0,True
direct-27020,49000.0,1749,1749,1.0,0.9978083587244848,1.0,True
direct-27020,49500.0,1749,1749,1.0,0.9978083587244848,1.0,True
direct-27020,50000.0,1749,1749,1.0,0.9978083587244848,1.0,True
direct-27020,50500.0,1747,1747,1.0,0.9978058551955814,1.0,True
direct-27020,51000.0,1747,1747,1.0,0.9978058551955814,1.0,True
direct-27020,51500.0,1751,1751,1.0,0.9978108565468244,1.0,True
direct-27020,52000.0,1754,1754,1.0,0.997814592623135,0.9999999999999998,True
direct-27020,52500.0,1755,1755,1.0,0.9978158351496802,0.9999999999999998,True
direct-27020,53000.0,1756,1756,1.0,0.9978170762641365,1.0,True
direct-27020,53500.0,1754,1754,1.0,0.997814592623135,0.9999999999999998,True
direct-27020,54000.0,1754,1754,1.0,0.997814592623135,0.9999999999999998,True
direct-27020,54500.0,1755,1755,1.0,0.9978158351496802,0.9999999999999998,True
direct-27020,55000.0,1755,1755,1.0,0.9978158351496802,0.9999999999999998,True
direct-27020,55500.0,1755,1755,1.0,0.9978158351496802,0.9999999999999998,True
direct-27020,56000.0,1757,1757,1.0,0.9978183159689094,1.0,True
direct-27020,56500.0,1755,1755,1.0,0.9978158351496802,0.9999999999999998,True
direct-27020,57000.0,1753,1753,1.0,0.9978133486820894,0.9999999999999999,True
direct-27020,57500.0,1748,1748,1.0,0.9978071076745751,1.0,True
direct-27020,58000.0,1759,1759,1.0,0.9978207911590014,0.9999999999999998,True
direct-27020,58500.0,1756,1756,1.0,0.9978170762641365,1.0,True
direct-27020,59000.0,1761,1761,1.0,0.9978232607390941,1.0,True
direct-27020,59500.0,1761,1761,1.0,0.9978232607390941,1.0,True
direct-27020,60000.0,1759,1759,1.0,0.9978207911590014,0.9999999999999998,True
direct-27020,60500.0,1753,1753,1.0,0.9978133486820894,0.9999999999999999,True
direct-27020,61000.0,1754,1754,1.0,0.997814592623135,0.9999999999999998,True
direct-27020,61500.0,1746,1746,1.0,0.9978046012850535,1.0,True
direct-27020,62000.0,1751,1751,1.0,0.9978108565468244,1.0,True
direct-27020,62500.0,1755,1755,1.0,0.9978158351496802,0.9999999999999998,True
direct-27020,63000.0,1749,1749,1.0,0.9978083587244848,1.0,True
direct-27020,63500.0,1750,1750,1.0,0.997809608347755,1.0,True
direct-27020,64000.0,1751,1751,1.0,0.9978108565468244,1.0,True
direct-27020,64500.0,1747,1747,1.0,0.9978058551955814,1.0,True
direct-27020,65000.0,1749,1749,1.0,0.9978083587244848,1.0,True
direct-27020,65500.0,1753,1753,1.0,0.9978133486820894,0.9999999999999999,True
direct-27020,66000.0,1750,1750,1.0,0.997809608347755,1.0,True
direct-27020,66500.0,1751,1751,1.0,0.9978108565468244,1.0,True
direct-27020,67000.0,1749,1749,1.0,0.9978083587244848,1.0,True
direct-27020,67500.0,1748,1748,1.0,0.9978071076745751,1.0,True
direct-27020,68000.0,1748,1748,1.0,0.9978071076745751,1.0,True
direct-27020,68500.0,1748,1748,1.0,0.9978071076745751,1.0,True
direct-27020,69000.0,1747,1747,1.0,0.9978058551955814,1.0,True
direct-27020,69500.0,1748,1748,1.0,0.9978071076745751,1.0,True
direct-27020,70000.0,1749,1749,1.0,0.9978083587244848,1.0,True
direct-27020,70500.0,1750,1750,1.0,0.997809608347755,1.0,True
direct-27020,71000.0,1750,1750,1.0,0.997809608347755,1.0,True
direct-27020,71500.0,1749,1749,1.0,0.9978083587244848,1.0,True
direct-27020,72000.0,1748,1748,1.0,0.9978071076745751,1.0,True
direct-27020,72500.0,1748,1748,1.0,0.9978071076745751,1.0,True
direct-27020,73000.0,1749,1749,1.0,0.9978083587244848,1.0,True
direct-27020,73500.0,1748,1748,1.0,0.9978071076745751,1.0,True
direct-27020,74000.0,1749,1749,1.0,0.9978083587244848,1.0,True
direct-27020,74500.0,1749,1749,1.0,0.9978083587244848,1.0,True
direct-27020,75000.0,1750,1750,1.0,0.997809608347755,1.0,True
direct-27020,75500.0,1750,1750,1.0,0.997809608347755,1.0,True
direct-27020,76000.0,1751,1751,1.0,0.9978108565468244,1.0,True
direct-27020,76500.0,1751,1751,1.0,0.9978108565468244,1.0,True
direct-27020,77000.0,1754,1754,1.0,0.997814592623135,0.9999999999999998,True
direct-27020,77500.0,1756,1756,1.0,0.9978170762641365,1.0,True
direct-27020,78000.0,1755,1755,1.0,0.9978158351496802,0.9999999999999998,True
direct-27020,78500.0,1755,1755,1.0,0.9978158351496802,0.9999999999999998,True
direct-27020,79000.0,1754,1754,1.0,0.997814592623135,0.9999999999999998,True
direct-27020,79500.0,1754,1754,1.0,0.997814592623135,0.9999999999999998,True
direct-27020,80000.0,1755,1755,1.0,0.9978158351496802,0.9999999999999998,True
direct-27020,80500.0,1755,1755,1.0,0.9978158351496802,0.9999999999999998,True
direct-27020,81000.0,1757,1757,1.0,0.9978183159689094,1.0,True
direct-27020,81500.0,1759,1759,1.0,0.9978207911590014,0.9999999999999998,True
direct-27020,82000.0,1759,1759,1.0,0.9978207911590014,0.9999999999999998,True
direct-27020,82500.0,1760,1760,1.0,0.9978220266491049,1.0,True
direct-27020,83000.0,1761,1761,1.0,0.9978232607390941,1.0,True
direct-27020,83500.0,1765,1765,1.0,0.9978281831453988,1.0,True
direct-27020,84000.0,1761,1761,1.0,0.9978232607390941,1.0,True
direct-27020,84500.0,1761,1761,1.0,0.9978232607390941,1.0,True
direct-27020,85000.0,1763,1763,1.0,0.9978257247282382,0.9999999999999999,True
direct-27020,85500.0,1759,1759,1.0,0.9978207911590014,0.9999999999999998,True
direct-27020,86000.0,1760,1760,1.0,0.9978220266491049,1.0,True
direct-27020,86500.0,1759,1759,1.0,0.9978207911590014,0.9999999999999998,True
direct-27020,87000.0,1761,1761,1.0,0.9978232607390941,1.0,True
direct-27020,87500.0,1760,1760,1.0,0.9978220266491049,1.0,True
direct-27020,88000.0,1756,1756,1.0,0.9978170762641365,1.0,True
direct-27020,88500.0,1754,1754,1.0,0.997814592623135,0.9999999999999998,True
direct-27020,89000.0,1755,1755,1.0,0.9978158351496802,0.9999999999999998,True
direct-27020,89500.0,1753,1753,1.0,0.9978133486820894,0.9999999999999999,True
direct-27020,90000.0,1752,1752,1.0,0.9978121033241266,0.9999999999999999,True
direct-27020,90500.0,1751,1751,1.0,0.9978108565468244,1.0,True
direct-27020,91000.0,1752,1752,1.0,0.9978121033241266,0.9999999999999999,True
direct-27020,91500.0,1750,1750,1.0,0.997809608347755,1.0,True
direct-27020,92000.0,1751,1751,1.0,0.9978108565468244,1.0,True
direct-27020,92500.0,1756,1756,1.0,0.9978170762641365,1.0,True
direct-27020,93000.0,1755,1755,1.0,0.9978158351496802,0.9999999999999998,True
direct-27020,93500.0,1751,1751,1.0,0.9978108565468244,1.0,True
direct-27020,94000.0,1748,1748,1.0,0.9978071076745751,1.0,True
direct-27020,94500.0,1545,1545,1.0,0.9975196947189435,1.0,True
direct-27020,95000.0,1455,1455,1.0,0.9973666777805076,1.0,True
direct-27020,95500.0,1405,1405,1.0,0.9972732207793976,0.9999999999999999,True
direct-27020,96000.0,1370,1370,1.0,0.9972037533293502,0.9999999999999999,True
direct-27020,96500.0,1306,1306,1.0,0.9970671262845827,1.0,True
direct-27020,97000.0,1267,1267,1.0,0.9969771213029223,0.9999999999999999,True
direct-27020,97500.0,1233,1233,1.0,0.9968940242630909,1.0,True
direct-27020,98000.0,1193,1193,1.0,0.9967902185218162,1.0,True
direct-27020,98500.0,1107,1107,1.0,0.9965417211598845,0.9999999999999999,True
direct-27020,99000.0,1028,1028,1.0,0.9962769479346443,1.0,True
direct-27020,99500.0,647,647,1.0,0.9940974885440638,1.0,True
direct-27020,100000.0,585,585,1.0,0.9934760044127318,1.0,True
direct-27020,100500.0,544,544,1.0,0.9929877541245498,1.0,True
direct-27020,101000.0,500,500,1.0,0.9923753814690964,0.9999999999999999,True
direct-27020,101500.0,458,458,1.0,0.9916819965979677,1.0,True
direct-27020,102000.0,411,411,1.0,0.9907395979573892,1.0,True
direct-27020,102500.0,357,357,1.0,0.9893537773915203,1.0,True
direct-27020,103000.0,285,285,1.0,0.9866999767346533,1.0,True
rs-primary-local,0.0,2143,2143,1.0,0.9982105806036179,1.0,True
rs-primary-local,500.0,1779,1779,1.0,0.9978452376251487,1.0,True
rs-primary-local,1000.0,1774,1774,1.0,0.9978391775735252,1.0,True
rs-primary-local,1500.0,1778,1778,1.0,0.9978440283356277,1.0,True
rs-primary-local,2000.0,1777,1777,1.0,0.9978428176879967,1.0,True
rs-primary-local,2500.0,1779,1779,1.0,0.9978452376251487,1.0,True
rs-primary-local,3000.0,1780,1780,1.0,0.9978464455588433,0.9999999999999999,True
rs-primary-local,3500.0,1779,1779,1.0,0.9978452376251487,1.0,True
rs-primary-local,4000.0,1778,1778,1.0,0.9978440283356277,1.0,True
rs-primary-local,4500.0,1772,1772,1.0,0.9978367439978879,0.9999999999999998,True
rs-primary-local,5000.0,1778,1778,1.0,0.9978440283356277,1.0,True
rs-primary-local,5500.0,1774,1774,1.0,0.9978391775735252,1.0,True
rs-primary-local,6000.0,1771,1771,1.0,0.9978355251533434,1.0,True
rs-primary-local,6500.0,1772,1772,1.0,0.9978367439978879,0.9999999999999998,True
rs-primary-local,7000.0,1770,1770,1.0,0.9978343049345556,1.0,True
rs-primary-local,7500.0,1770,1770,1.0,0.9978343049345556,1.0,True
rs-primary-local,8000.0,1769,1769,1.0,0.9978330833391995,1.0,True
rs-primary-local,8500.0,1764,1764,1.0,0.9978269546321344,0.9999999999999999,True
rs-primary-local,9000.0,1768,1768,1.0,0.9978318603649445,1.0,True
rs-primary-local,9500.0,1765,1765,1.0,0.9978281831453988,1.0,True
rs-primary-local,10000.0,1768,1768,1.0,0.9978318603649445,1.0,True
rs-primary-local,10500.0,1770,1770,1.0,0.9978343049345556,1.0,True
rs-primary-local,11000.0,1768,1768,1.0,0.9978318603649445,1.0,True
rs-primary-local,11500.0,1766,1766,1.0,0.9978294102703881,1.0,True
rs-primary-local,12000.0,1763,1763,1.0,0.9978257247282382,0.9999999999999999,True
rs-primary-local,12500.0,1766,1766,1.0,0.9978294102703881,1.0,True
rs-primary-local,13000.0,1766,1766,1.0,0.9978294102703881,1.0,True
rs-primary-local,13500.0,1767,1767,1.0,0.9978306360094543,0.9999999999999999,True
rs-primary-local,14000.0,1764,1764,1.0,0.9978269546321344,0.9999999999999999,True
rs-primary-local,14500.0,1760,1760,1.0,0.9978220266491049,1.0,True
rs-primary-local,15000.0,1762,1762,1.0,0.9978244934313475,1.0,True
rs-primary-local,15500.0,1763,1763,1.0,0.9978257247282382,0.9999999999999999,True
rs-primary-local,16000.0,1760,1760,1.0,0.9978220266491049,1.0,True
rs-primary-local,16500.0,1759,1759,1.0,0.9978207911590014,0.9999999999999998,True
rs-primary-local,17000.0,1761,1761,1.0,0.9978232607390941,1.0,True
rs-primary-local,17500.0,1763,1763,1.0,0.9978257247282382,0.9999999999999999,True
rs-primary-local,18000.0,1763,1763,1.0,0.9978257247282382,0.9999999999999999,True
rs-primary-local,18500.0,1762,1762,1.0,0.9978244934313475,1.0,True
rs-primary-local,19000.0,1763,1763,1.0,0.9978257247282382,0.9999999999999999,True
rs-primary-local,19500.0,1762,1762,1.0,0.9978244934313475,1.0,True
rs-primary-local,20000.0,1757,1757,1.0,0.9978183159689094,1.0,True
rs-primary-local,20500.0,1756,1756,1.0,0.9978170762641365,1.0,True
rs-primary-local,21000.0,1757,1757,1.0,0.9978183159689094,1.0,True
rs-primary-local,21500.0,1757,1757,1.0,0.9978183159689094,1.0,True
rs-primary-local,22000.0,1755,1755,1.0,0.9978158351496802,0.9999999999999998,True
rs-primary-local,22500.0,1755,1755,1.0,0.9978158351496802,0.9999999999999998,True
rs-primary-local,23000.0,1756,1756,1.0,0.9978170762641365,1.0,True
rs-primary-local,23500.0,1759,1759,1.0,0.9978207911590014,0.9999999999999998,True
rs-primary-local,24000.0,1758,1758,1.0,0.9978195542663996,1.0,True
rs-primary-local,24500.0,1760,1760,1.0,0.9978220266491049,1.0,True
rs-primary-local,25000.0,1760,1760,1.0,0.9978220266491049,1.0,True
rs-primary-local,25500.0,1761,1761,1.0,0.9978232607390941,1.0,True
rs-primary-local,26000.0,1758,1758,1.0,0.9978195542663996,1.0,True
rs-primary-local,26500.0,1753,1753,1.0,0.9978133486820894,0.9999999999999999,True
rs-primary-local,27000.0,1754,1754,1.0,0.997814592623135,0.9999999999999998,True
rs-primary-local,27500.0,1753,1753,1.0,0.9978133486820894,0.9999999999999999,True
rs-primary-local,28000.0,1752,1752,1.0,0.9978121033241266,0.9999999999999999,True
rs-primary-local,28500.0,1755,1755,1.0,0.9978158351496802,0.9999999999999998,True
rs-primary-local,29000.0,1753,1753,1.0,0.9978133486820894,0.9999999999999999,True
rs-primary-local,29500.0,1753,1753,1.0,0.9978133486820894,0.9999999999999999,True
rs-primary-local,30000.0,1755,1755,1.0,0.9978158351496802,0.9999999999999998,True
rs-primary-local,30500.0,1754,1754,1.0,0.997814592623135,0.9999999999999998,True
rs-primary-local,31000.0,1754,1754,1.0,0.997814592623135,0.9999999999999998,True
rs-primary-local,31500.0,1756,1756,1.0,0.9978170762641365,1.0,True
rs-primary-local,32000.0,1757,1757,1.0,0.9978183159689094,1.0,True
rs-primary-local,32500.0,1754,1754,1.0,0.997814592623135,0.9999999999999998,True
rs-primary-local,33000.0,1755,1755,1.0,0.9978158351496802,0.9999999999999998,True
rs-primary-local,33500.0,1754,1754,1.0,0.997814592623135,0.9999999999999998,True
rs-primary-local,34000.0,1755,1755,1.0,0.9978158351496802,0.9999999999999998,True
rs-primary-local,34500.0,1755,1755,1.0,0.9978158351496802,0.9999999999999998,True
rs-primary-local,35000.0,1755,1755,1.0,0.9978158351496802,0.9999999999999998,True
rs-primary-local,35500.0,1753,1753,1.0,0.9978133486820894,0.9999999999999999,True
rs-primary-local,36000.0,1755,1755,1.0,0.9978158351496802,0.9999999999999998,True
rs-primary-local,36500.0,1754,1754,1.0,0.997814592623135,0.9999999999999998,True
rs-primary-local,37000.0,1753,1753,1.0,0.9978133486820894,0.9999999999999999,True
rs-primary-local,37500.0,1753,1753,1.0,0.9978133486820894,0.9999999999999999,True
rs-primary-local,38000.0,1753,1753,1.0,0.9978133486820894,0.9999999999999999,True
rs-primary-local,38500.0,1754,1754,1.0,0.997814592623135,0.9999999999999998,True
rs-primary-local,39000.0,1754,1754,1.0,0.997814592623135,0.9999999999999998,True
rs-primary-local,39500.0,1753,1753,1.0,0.9978133486820894,0.9999999999999999,True
rs-primary-local,40000.0,1752,1752,1.0,0.9978121033241266,0.9999999999999999,True
rs-primary-local,40500.0,1754,1754,1.0,0.997814592623135,0.9999999999999998,True
rs-primary-local,41000.0,1753,1753,1.0,0.9978133486820894,0.9999999999999999,True
rs-primary-local,41500.0,1753,1753,1.0,0.9978133486820894,0.9999999999999999,True
rs-primary-local,42000.0,1752,1752,1.0,0.9978121033241266,0.9999999999999999,True
rs-primary-local,42500.0,1752,1752,1.0,0.9978121033241266,0.9999999999999999,True
rs-primary-local,43000.0,1750,1750,1.0,0.997809608347755,1.0,True
rs-primary-local,43500.0,1751,1751,1.0,0.9978108565468244,1.0,True
rs-primary-local,44000.0,1752,1752,1.0,0.9978121033241266,0.9999999999999999,True
rs-primary-local,44500.0,1751,1751,1.0,0.9978108565468244,1.0,True
rs-primary-local,45000.0,1753,1753,1.0,0.9978133486820894,0.9999999999999999,True
rs-primary-local,45500.0,1751,1751,1.0,0.9978108565468244,1.0,True
rs-primary-local,46000.0,1752,1752,1.0,0.9978121033241266,0.9999999999999999,True
rs-primary-local,46500.0,1751,1751,1.0,0.9978108565468244,1.0,True
rs-primary-local,47000.0,1751,1751,1.0,0.9978108565468244,1.0,True
rs-primary-local,47500.0,1749,1749,1.0,0.9978083587244848,1.0,True
rs-primary-local,48000.0,1750,1750,1.0,0.997809608347755,1.0,True
rs-primary-local,48500.0,1752,1752,1.0,0.9978121033241266,0.9999999999999999,True
rs-primary-local,49000.0,1749,1749,1.0,0.9978083587244848,1.0,True
rs-primary-local,49500.0,1754,1754,1.0,0.997814592623135,0.9999999999999998,True
rs-primary-local,50000.0,1752,1752,1.0,0.9978121033241266,0.9999999999999999,True
rs-primary-local,50500.0,1751,1751,1.0,0.9978108565468244,1.0,True
rs-primary-local,51000.0,1753,1753,1.0,0.9978133486820894,0.9999999999999999,True
rs-primary-local,51500.0,1751,1751,1.0,0.9978108565468244,1.0,True
rs-primary-local,52000.0,1753,1753,1.0,0.9978133486820894,0.9999999999999999,True
rs-primary-local,52500.0,1752,1752,1.0,0.9978121033241266,0.9999999999999999,True
rs-primary-local,53000.0,1750,1750,1.0,0.997809608347755,1.0,True
rs-primary-local,53500.0,1749,1749,1.0,0.9978083587244848,1.0,True
rs-primary-local,54000.0,1751,1751,1.0,0.9978108565468244,1.0,True
rs-primary-local,54500.0,1751,1751,1.0,0.9978108565468244,1.0,True
rs-primary-local,55000.0,1749,1749,1.0,0.9978083587244848,1.0,True
rs-primary-local,55500.0,1751,1751,1.0,0.9978108565468244,1.0,True
rs-primary-local,56000.0,1751,1751,1.0,0.9978108565468244,1.0,True
rs-primary-local,56500.0,1751,1751,1.0,0.9978108565468244,1.0,True
rs-primary-local,57000.0,1750,1750,1.0,0.997809608347755,1.0,True
rs-primary-local,57500.0,1753,1753,1.0,0.9978133486820894,0.9999999999999999,True
rs-primary-local,58000.0,1753,1753,1.0,0.9978133486820894,0.9999999999999999,True
rs-primary-local,58500.0,1752,1752,1.0,0.9978121033241266,0.9999999999999999,True
rs-primary-local,59000.0,1753,1753,1.0,0.9978133486820894,0.9999999999999999,True
rs-primary-local,59500.0,1752,1752,1.0,0.9978121033241266,0.9999999999999999,True
rs-primary-local,60000.0,1754,1754,1.0,0.997814592623135,0.9999999999999998,True
rs-primary-local,60500.0,1750,1750,1.0,0.997809608347755,1.0,True
rs-primary-local,61000.0,1753,1753,1.0,0.9978133486820894,0.9999999999999999,True
rs-primary-local,61500.0,1754,1754,1.0,0.997814592623135,0.9999999999999998,True
rs-primary-local,62000.0,1752,1752,1.0,0.9978121033241266,0.9999999999999999,True
rs-primary-local,62500.0,1753,1753,1.0,0.9978133486820894,0.9999999999999999,True
rs-primary-local,63000.0,1754,1754,1.0,0.997814592623135,0.9999999999999998,True
rs-primary-local,63500.0,1753,1753,1.0,0.9978133486820894,0.9999999999999999,True
rs-primary-local,64000.0,1752,1752,1.0,0.9978121033241266,0.9999999999999999,True
rs-primary-local,64500.0,1750,1750,1.0,0.997809608347755,1.0,True
rs-primary-local,65000.0,1751,1751,1.0,0.9978108565468244,1.0,True
rs-primary-local,65500.0,1753,1753,1.0,0.9978133486820894,0.9999999999999999,True
rs-primary-local,66000.0,1753,1753,1.0,0.9978133486820894,0.9999999999999999,True
rs-primary-local,66500.0,1755,1755,1.0,0.9978158351496802,0.9999999999999998,True
rs-primary-local,67000.0,1753,1753,1.0,0.9978133486820894,0.9999999999999999,True
rs-primary-local,67500.0,1752,1752,1.0,0.9978121033241266,0.9999999999999999,True
rs-primary-local,68000.0,1751,1751,1.0,0.9978108565468244,1.0,True
rs-primary-local,68500.0,1751,1751,1.0,0.9978108565468244,1.0,True
rs-primary-local,69000.0,1753,1753,1.0,0.9978133486820894,0.9999999999999999,True
rs-primary-local,69500.0,1753,1753,1.0,0.9978133486820894,0.9999999999999999,True
rs-primary-local,70000.0,1754,1754,1.0,0.997814592623135,0.9999999999999998,True
rs-primary-local,70500.0,1749,1749,1.0,0.9978083587244848,1.0,True
rs-primary-local,71000.0,1751,1751,1.0,0.9978108565468244,1.0,True
rs-primary-local,71500.0,1748,1748,1.0,0.9978071076745751,1.0,True
rs-primary-local,72000.0,1749,1749,1.0,0.9978083587244848,1.0,True
rs-primary-local,72500.0,1751,1751,1.0,0.9978108565468244,1.0,True
rs-primary-local,73000.0,1755,1755,1.0,0.9978158351496802,0.9999999999999998,True
rs-primary-local,73500.0,1755,1755,1.0,0.9978158351496802,0.9999999999999998,True
rs-primary-local,74000.0,1755,1755,1.0,0.9978158351496802,0.9999999999999998,True
rs-primary-local,74500.0,1757,1757,1.0,0.9978183159689094,1.0,True
rs-primary-local,75000.0,1755,1755,1.0,0.9978158351496802,0.9999999999999998,True
rs-primary-local,75500.0,1749,1749,1.0,0.9978083587244848,1.0,True
rs-primary-local,76000.0,1752,1752,1.0,0.9978121033241266,0.9999999999999999,True
rs-primary-local,76500.0,1751,1751,1.0,0.9978108565468244,1.0,True
rs-primary-local,77000.0,1752,1752,1.0,0.9978121033241266,0.9999999999999999,True
rs-primary-local,77500.0,1754,1754,1.0,0.997814592623135,0.9999999999999998,True
rs-primary-local,78000.0,1756,1756,1.0,0.9978170762641365,1.0,True
rs-primary-local,78500.0,1755,1755,1.0,0.9978158351496802,0.9999999999999998,True
rs-primary-local,79000.0,1756,1756,1.0,0.9978170762641365,1.0,True
rs-primary-local,79500.0,1754,1754,1.0,0.997814592623135,0.9999999999999998,True
rs-primary-local,80000.0,1752,1752,1.0,0.9978121033241266,0.9999999999999999,True
rs-primary-local,80500.0,1752,1752,1.0,0.9978121033241266,0.9999999999999999,True
rs-primary-local,81000.0,1751,1751,1.0,0.9978108565468244,1.0,True
rs-primary-local,81500.0,1751,1751,1.0,0.9978108565468244,1.0,True
rs-primary-local,82000.0,1747,1747,1.0,0.9978058551955814,1.0,True
rs-primary-local,82500.0,1748,1748,1.0,0.9978071076745751,1.0,True
rs-primary-local,83000.0,1749,1749,1.0,0.9978083587244848,1.0,True
rs-primary-local,83500.0,1748,1748,1.0,0.9978071076745751,1.0,True
rs-primary-local,84000.0,1748,1748,1.0,0.9978071076745751,1.0,True
rs-primary-local,84500.0,1750,1750,1.0,0.997809608347755,1.0,True
rs-primary-local,85000.0,1748,1748,1.0,0.9978071076745751,1.0,True
rs-primary-local,85500.0,1748,1748,1.0,0.9978071076745751,1.0,True
rs-primary-local,86000.0,1748,1748,1.0,0.9978071076745751,1.0,True
rs-primary-local,86500.0,1747,1747,1.0,0.9978058551955814,1.0,True
rs-primary-local,87000.0,1746,1746,1.0,0.9978046012850535,1.0,True
rs-primary-local,87500.0,1747,1747,1.0,0.9978058551955814,1.0,True
rs-primary-local,88000.0,1747,1747,1.0,0.9978058551955814,1.0,True
rs-primary-local,88500.0,1746,1746,1.0,0.9978046012850535,1.0,True
rs-primary-local,89000.0,1746,1746,1.0,0.9978046012850535,1.0,True
rs-primary-local,89500.0,1746,1746,1.0,0.9978046012850535,1.0,True
rs-primary-local,90000.0,1746,1746,1.0,0.9978046012850535,1.0,True
rs-primary-local,90500.0,1746,1746,1.0,0.9978046012850535,1.0,True
rs-primary-local,91000.0,1746,1746,1.0,0.9978046012850535,1.0,True
rs-primary-local,91500.0,1745,1745,1.0,0.9978033459405357,0.9999999999999999,True
rs-primary-local,92000.0,1745,1745,1.0,0.9978033459405357,0.9999999999999999,True
rs-primary-local,92500.0,1744,1744,1.0,0.997802089159567,1.0,True
rs-primary-local,93000.0,1743,1743,1.0,0.9978008309396798,0.9999999999999998,True
rs-primary-local,93500.0,1742,1742,1.0,0.9977995712784021,0.9999999999999999,True
rs-primary-local,94000.0,1742,1742,1.0,0.9977995712784021,0.9999999999999999,True
rs-primary-local,94500.0,1636,1636,1.0,0.9976573347084254,1.0,True
rs-primary-local,95000.0,1511,1511,1.0,0.9974640252815871,0.9999999999999999,True
rs-primary-local,95500.0,1460,1460,1.0,0.9973756723405044,0.9999999999999999,True
rs-primary-local,96000.0,1411,1411,1.0,0.9972847843885847,1.0,True
rs-primary-local,96500.0,1354,1354,1.0,0.9971708040171993,1.0,True
rs-primary-local,97000.0,1293,1293,1.0,0.9970377261185946,1.0,True
rs-primary-local,97500.0,1227,1227,1.0,0.9968788835216488,0.9999999999999999,True
rs-primary-local,98000.0,1169,1169,1.0,0.9967245363738804,1.0,True
rs-primary-local,98500.0,1072,1072,1.0,0.9964292141147918,1.0,True
rs-primary-local,99000.0,963,963,1.0,0.9960266500738074,1.0,True
rs-primary-local,99500.0,705,705,1.0,0.9945804535174008,1.0,True
rs-primary-local,100000.0,621,621,1.0,0.9938518818209289,1.0,True
rs-primary-local,100500.0,566,566,1.0,0.9932584774435562,1.0,True
rs-primary-local,101000.0,495,495,1.0,0.9922989582264191,1.0,True
rs-primary-local,101500.0,442,442,1.0,0.9913834868706736,1.0,True
rs-primary-local,102000.0,354,355,0.9971830985915493,0.9842183636257961,0.999502587345329,True
rs-primary-local,102500.0,292,292,1.0,0.9870146727167513,1.0,True
rs-primary-local,103000.0,195,195,1.0,0.9806800991341854,1.0,True
rs-primary-local,106500.0,1,1,1.0,0.20654329147389294,1.0,False
rs-secondary-causal-local,0.0,1630,1985,0.8211586901763224,0.8036845479080688,0.8373921471892178,True
rs-secondary-causal-local,500.0,1761,1762,0.9994324631101021,0.9967920776576615,0.9998998113543542,True
rs-secondary-causal-local,1000.0,1765,1766,0.9994337485843715,0.996799327340062,0.9999000382980835,True
rs-secondary-causal-local,1500.0,1767,1768,0.9994343891402715,0.996802939907298,0.9999001513848356,True
rs-secondary-causal-local,2000.0,1767,1767,1.0,0.9978306360094543,0.9999999999999999,True
rs-secondary-causal-local,2500.0,1769,1769,1.0,0.9978330833391995,1.0,True
rs-secondary-causal-local,3000.0,1768,1768,1.0,0.9978318603649445,1.0,True
rs-secondary-causal-local,3500.0,1771,1771,1.0,0.9978355251533434,1.0,True
rs-secondary-causal-local,4000.0,1769,1769,1.0,0.9978330833391995,1.0,True
rs-secondary-causal-local,4500.0,1766,1766,1.0,0.9978294102703881,1.0,True
rs-secondary-causal-local,5000.0,1762,1762,1.0,0.9978244934313475,1.0,True
rs-secondary-causal-local,5500.0,1759,1759,1.0,0.9978207911590014,0.9999999999999998,True
rs-secondary-causal-local,6000.0,1756,1756,1.0,0.9978170762641365,1.0,True
rs-secondary-causal-local,6500.0,1758,1758,1.0,0.9978195542663996,1.0,True
rs-secondary-causal-local,7000.0,1756,1756,1.0,0.9978170762641365,1.0,True
rs-secondary-causal-local,7500.0,1756,1756,1.0,0.9978170762641365,1.0,True
rs-secondary-causal-local,8000.0,1755,1755,1.0,0.9978158351496802,0.9999999999999998,True
rs-secondary-causal-local,8500.0,1754,1754,1.0,0.997814592623135,0.9999999999999998,True
rs-secondary-causal-local,9000.0,1755,1755,1.0,0.9978158351496802,0.9999999999999998,True
rs-secondary-causal-local,9500.0,1757,1757,1.0,0.9978183159689094,1.0,True
rs-secondary-causal-local,10000.0,1756,1756,1.0,0.9978170762641365,1.0,True
rs-secondary-causal-local,10500.0,1756,1756,1.0,0.9978170762641365,1.0,True
rs-secondary-causal-local,11000.0,1756,1756,1.0,0.9978170762641365,1.0,True
rs-secondary-causal-local,11500.0,1756,1756,1.0,0.9978170762641365,1.0,True
rs-secondary-causal-local,12000.0,1756,1756,1.0,0.9978170762641365,1.0,True
rs-secondary-causal-local,12500.0,1756,1756,1.0,0.9978170762641365,1.0,True
rs-secondary-causal-local,13000.0,1756,1756,1.0,0.9978170762641365,1.0,True
rs-secondary-causal-local,13500.0,1755,1755,1.0,0.9978158351496802,0.9999999999999998,True
rs-secondary-causal-local,14000.0,1757,1757,1.0,0.9978183159689094,1.0,True
rs-secondary-causal-local,14500.0,1756,1756,1.0,0.9978170762641365,1.0,True
rs-secondary-causal-local,15000.0,1756,1756,1.0,0.9978170762641365,1.0,True
rs-secondary-causal-local,15500.0,1757,1757,1.0,0.9978183159689094,1.0,True
rs-secondary-causal-local,16000.0,1756,1756,1.0,0.9978170762641365,1.0,True
rs-secondary-causal-local,16500.0,1756,1756,1.0,0.9978170762641365,1.0,True
rs-secondary-causal-local,17000.0,1758,1758,1.0,0.9978195542663996,1.0,True
rs-secondary-causal-local,17500.0,1756,1756,1.0,0.9978170762641365,1.0,True
rs-secondary-causal-local,18000.0,1757,1757,1.0,0.9978183159689094,1.0,True
rs-secondary-causal-local,18500.0,1756,1756,1.0,0.9978170762641365,1.0,True
rs-secondary-causal-local,19000.0,1755,1755,1.0,0.9978158351496802,0.9999999999999998,True
rs-secondary-causal-local,19500.0,1756,1756,1.0,0.9978170762641365,1.0,True
rs-secondary-causal-local,20000.0,1756,1756,1.0,0.9978170762641365,1.0,True
rs-secondary-causal-local,20500.0,1756,1756,1.0,0.9978170762641365,1.0,True
rs-secondary-causal-local,21000.0,1755,1755,1.0,0.9978158351496802,0.9999999999999998,True
rs-secondary-causal-local,21500.0,1753,1753,1.0,0.9978133486820894,0.9999999999999999,True
rs-secondary-causal-local,22000.0,1753,1753,1.0,0.9978133486820894,0.9999999999999999,True
rs-secondary-causal-local,22500.0,1754,1754,1.0,0.997814592623135,0.9999999999999998,True
rs-secondary-causal-local,23000.0,1753,1753,1.0,0.9978133486820894,0.9999999999999999,True
rs-secondary-causal-local,23500.0,1753,1753,1.0,0.9978133486820894,0.9999999999999999,True
rs-secondary-causal-local,24000.0,1754,1754,1.0,0.997814592623135,0.9999999999999998,True
rs-secondary-causal-local,24500.0,1753,1753,1.0,0.9978133486820894,0.9999999999999999,True
rs-secondary-causal-local,25000.0,1753,1753,1.0,0.9978133486820894,0.9999999999999999,True
rs-secondary-causal-local,25500.0,1752,1752,1.0,0.9978121033241266,0.9999999999999999,True
rs-secondary-causal-local,26000.0,1755,1755,1.0,0.9978158351496802,0.9999999999999998,True
rs-secondary-causal-local,26500.0,1753,1753,1.0,0.9978133486820894,0.9999999999999999,True
rs-secondary-causal-local,27000.0,1754,1754,1.0,0.997814592623135,0.9999999999999998,True
rs-secondary-causal-local,27500.0,1753,1753,1.0,0.9978133486820894,0.9999999999999999,True
rs-secondary-causal-local,28000.0,1754,1754,1.0,0.997814592623135,0.9999999999999998,True
rs-secondary-causal-local,28500.0,1754,1754,1.0,0.997814592623135,0.9999999999999998,True
rs-secondary-causal-local,29000.0,1754,1754,1.0,0.997814592623135,0.9999999999999998,True
rs-secondary-causal-local,29500.0,1753,1753,1.0,0.9978133486820894,0.9999999999999999,True
rs-secondary-causal-local,30000.0,1755,1755,1.0,0.9978158351496802,0.9999999999999998,True
rs-secondary-causal-local,30500.0,1752,1752,1.0,0.9978121033241266,0.9999999999999999,True
rs-secondary-causal-local,31000.0,1753,1753,1.0,0.9978133486820894,0.9999999999999999,True
rs-secondary-causal-local,31500.0,1754,1754,1.0,0.997814592623135,0.9999999999999998,True
rs-secondary-causal-local,32000.0,1754,1754,1.0,0.997814592623135,0.9999999999999998,True
rs-secondary-causal-local,32500.0,1754,1754,1.0,0.997814592623135,0.9999999999999998,True
rs-secondary-causal-local,33000.0,1756,1756,1.0,0.9978170762641365,1.0,True
rs-secondary-causal-local,33500.0,1754,1754,1.0,0.997814592623135,0.9999999999999998,True
rs-secondary-causal-local,34000.0,1753,1753,1.0,0.9978133486820894,0.9999999999999999,True
rs-secondary-causal-local,34500.0,1755,1755,1.0,0.9978158351496802,0.9999999999999998,True
rs-secondary-causal-local,35000.0,1753,1753,1.0,0.9978133486820894,0.9999999999999999,True
rs-secondary-causal-local,35500.0,1753,1753,1.0,0.9978133486820894,0.9999999999999999,True
rs-secondary-causal-local,36000.0,1753,1753,1.0,0.9978133486820894,0.9999999999999999,True
rs-secondary-causal-local,36500.0,1755,1755,1.0,0.9978158351496802,0.9999999999999998,True
rs-secondary-causal-local,37000.0,1754,1754,1.0,0.997814592623135,0.9999999999999998,True
rs-secondary-causal-local,37500.0,1753,1753,1.0,0.9978133486820894,0.9999999999999999,True
rs-secondary-causal-local,38000.0,1754,1754,1.0,0.997814592623135,0.9999999999999998,True
rs-secondary-causal-local,38500.0,1753,1753,1.0,0.9978133486820894,0.9999999999999999,True
rs-secondary-causal-local,39000.0,1754,1754,1.0,0.997814592623135,0.9999999999999998,True
rs-secondary-causal-local,39500.0,1754,1754,1.0,0.997814592623135,0.9999999999999998,True
rs-secondary-causal-local,40000.0,1754,1754,1.0,0.997814592623135,0.9999999999999998,True
rs-secondary-causal-local,40500.0,1754,1754,1.0,0.997814592623135,0.9999999999999998,True
rs-secondary-causal-local,41000.0,1753,1753,1.0,0.9978133486820894,0.9999999999999999,True
rs-secondary-causal-local,41500.0,1754,1754,1.0,0.997814592623135,0.9999999999999998,True
rs-secondary-causal-local,42000.0,1753,1753,1.0,0.9978133486820894,0.9999999999999999,True
rs-secondary-causal-local,42500.0,1753,1753,1.0,0.9978133486820894,0.9999999999999999,True
rs-secondary-causal-local,43000.0,1752,1752,1.0,0.9978121033241266,0.9999999999999999,True
rs-secondary-causal-local,43500.0,1753,1753,1.0,0.9978133486820894,0.9999999999999999,True
rs-secondary-causal-local,44000.0,1751,1751,1.0,0.9978108565468244,1.0,True
rs-secondary-causal-local,44500.0,1752,1752,1.0,0.9978121033241266,0.9999999999999999,True
rs-secondary-causal-local,45000.0,1752,1752,1.0,0.9978121033241266,0.9999999999999999,True
rs-secondary-causal-local,45500.0,1752,1752,1.0,0.9978121033241266,0.9999999999999999,True
rs-secondary-causal-local,46000.0,1752,1752,1.0,0.9978121033241266,0.9999999999999999,True
rs-secondary-causal-local,46500.0,1752,1752,1.0,0.9978121033241266,0.9999999999999999,True
rs-secondary-causal-local,47000.0,1751,1751,1.0,0.9978108565468244,1.0,True
rs-secondary-causal-local,47500.0,1751,1751,1.0,0.9978108565468244,1.0,True
rs-secondary-causal-local,48000.0,1751,1751,1.0,0.9978108565468244,1.0,True
rs-secondary-causal-local,48500.0,1751,1751,1.0,0.9978108565468244,1.0,True
rs-secondary-causal-local,49000.0,1751,1751,1.0,0.9978108565468244,1.0,True
rs-secondary-causal-local,49500.0,1751,1751,1.0,0.9978108565468244,1.0,True
rs-secondary-causal-local,50000.0,1750,1750,1.0,0.997809608347755,1.0,True
rs-secondary-causal-local,50500.0,1751,1751,1.0,0.9978108565468244,1.0,True
rs-secondary-causal-local,51000.0,1751,1751,1.0,0.9978108565468244,1.0,True
rs-secondary-causal-local,51500.0,1751,1751,1.0,0.9978108565468244,1.0,True
rs-secondary-causal-local,52000.0,1750,1750,1.0,0.997809608347755,1.0,True
rs-secondary-causal-local,52500.0,1752,1752,1.0,0.9978121033241266,0.9999999999999999,True
rs-secondary-causal-local,53000.0,1752,1752,1.0,0.9978121033241266,0.9999999999999999,True
rs-secondary-causal-local,53500.0,1752,1752,1.0,0.9978121033241266,0.9999999999999999,True
rs-secondary-causal-local,54000.0,1753,1753,1.0,0.9978133486820894,0.9999999999999999,True
rs-secondary-causal-local,54500.0,1755,1755,1.0,0.9978158351496802,0.9999999999999998,True
rs-secondary-causal-local,55000.0,1755,1755,1.0,0.9978158351496802,0.9999999999999998,True
rs-secondary-causal-local,55500.0,1756,1756,1.0,0.9978170762641365,1.0,True
rs-secondary-causal-local,56000.0,1758,1758,1.0,0.9978195542663996,1.0,True
rs-secondary-causal-local,56500.0,1753,1753,1.0,0.9978133486820894,0.9999999999999999,True
rs-secondary-causal-local,57000.0,1755,1755,1.0,0.9978158351496802,0.9999999999999998,True
rs-secondary-causal-local,57500.0,1755,1755,1.0,0.9978158351496802,0.9999999999999998,True
rs-secondary-causal-local,58000.0,1754,1754,1.0,0.997814592623135,0.9999999999999998,True
rs-secondary-causal-local,58500.0,1755,1755,1.0,0.9978158351496802,0.9999999999999998,True
rs-secondary-causal-local,59000.0,1756,1756,1.0,0.9978170762641365,1.0,True
rs-secondary-causal-local,59500.0,1758,1758,1.0,0.9978195542663996,1.0,True
rs-secondary-causal-local,60000.0,1761,1761,1.0,0.9978232607390941,1.0,True
rs-secondary-causal-local,60500.0,1761,1761,1.0,0.9978232607390941,1.0,True
rs-secondary-causal-local,61000.0,1762,1762,1.0,0.9978244934313475,1.0,True
rs-secondary-causal-local,61500.0,1761,1761,1.0,0.9978232607390941,1.0,True
rs-secondary-causal-local,62000.0,1763,1763,1.0,0.9978257247282382,0.9999999999999999,True
rs-secondary-causal-local,62500.0,1763,1763,1.0,0.9978257247282382,0.9999999999999999,True
rs-secondary-causal-local,63000.0,1762,1762,1.0,0.9978244934313475,1.0,True
rs-secondary-causal-local,63500.0,1762,1762,1.0,0.9978244934313475,1.0,True
rs-secondary-causal-local,64000.0,1758,1758,1.0,0.9978195542663996,1.0,True
rs-secondary-causal-local,64500.0,1757,1757,1.0,0.9978183159689094,1.0,True
rs-secondary-causal-local,65000.0,1757,1757,1.0,0.9978183159689094,1.0,True
rs-secondary-causal-local,65500.0,1754,1754,1.0,0.997814592623135,0.9999999999999998,True
rs-secondary-causal-local,66000.0,1754,1754,1.0,0.997814592623135,0.9999999999999998,True
rs-secondary-causal-local,66500.0,1756,1756,1.0,0.9978170762641365,1.0,True
rs-secondary-causal-local,67000.0,1757,1757,1.0,0.9978183159689094,1.0,True
rs-secondary-causal-local,67500.0,1757,1757,1.0,0.9978183159689094,1.0,True
rs-secondary-causal-local,68000.0,1757,1757,1.0,0.9978183159689094,1.0,True
rs-secondary-causal-local,68500.0,1755,1755,1.0,0.9978158351496802,0.9999999999999998,True
rs-secondary-causal-local,69000.0,1756,1756,1.0,0.9978170762641365,1.0,True
rs-secondary-causal-local,69500.0,1758,1758,1.0,0.9978195542663996,1.0,True
rs-secondary-causal-local,70000.0,1754,1754,1.0,0.997814592623135,0.9999999999999998,True
rs-secondary-causal-local,70500.0,1759,1759,1.0,0.9978207911590014,0.9999999999999998,True
rs-secondary-causal-local,71000.0,1758,1758,1.0,0.9978195542663996,1.0,True
rs-secondary-causal-local,71500.0,1757,1757,1.0,0.9978183159689094,1.0,True
rs-secondary-causal-local,72000.0,1754,1754,1.0,0.997814592623135,0.9999999999999998,True
rs-secondary-causal-local,72500.0,1754,1754,1.0,0.997814592623135,0.9999999999999998,True
rs-secondary-causal-local,73000.0,1755,1755,1.0,0.9978158351496802,0.9999999999999998,True
rs-secondary-causal-local,73500.0,1753,1753,1.0,0.9978133486820894,0.9999999999999999,True
rs-secondary-causal-local,74000.0,1752,1752,1.0,0.9978121033241266,0.9999999999999999,True
rs-secondary-causal-local,74500.0,1757,1757,1.0,0.9978183159689094,1.0,True
rs-secondary-causal-local,75000.0,1755,1755,1.0,0.9978158351496802,0.9999999999999998,True
rs-secondary-causal-local,75500.0,1757,1757,1.0,0.9978183159689094,1.0,True
rs-secondary-causal-local,76000.0,1752,1752,1.0,0.9978121033241266,0.9999999999999999,True
rs-secondary-causal-local,76500.0,1752,1752,1.0,0.9978121033241266,0.9999999999999999,True
rs-secondary-causal-local,77000.0,1752,1752,1.0,0.9978121033241266,0.9999999999999999,True
rs-secondary-causal-local,77500.0,1758,1758,1.0,0.9978195542663996,1.0,True
rs-secondary-causal-local,78000.0,1752,1752,1.0,0.9978121033241266,0.9999999999999999,True
rs-secondary-causal-local,78500.0,1750,1750,1.0,0.997809608347755,1.0,True
rs-secondary-causal-local,79000.0,1751,1751,1.0,0.9978108565468244,1.0,True
rs-secondary-causal-local,79500.0,1750,1750,1.0,0.997809608347755,1.0,True
rs-secondary-causal-local,80000.0,1750,1750,1.0,0.997809608347755,1.0,True
rs-secondary-causal-local,80500.0,1749,1749,1.0,0.9978083587244848,1.0,True
rs-secondary-causal-local,81000.0,1748,1748,1.0,0.9978071076745751,1.0,True
rs-secondary-causal-local,81500.0,1749,1749,1.0,0.9978083587244848,1.0,True
rs-secondary-causal-local,82000.0,1747,1747,1.0,0.9978058551955814,1.0,True
rs-secondary-causal-local,82500.0,1750,1750,1.0,0.997809608347755,1.0,True
rs-secondary-causal-local,83000.0,1750,1750,1.0,0.997809608347755,1.0,True
rs-secondary-causal-local,83500.0,1750,1750,1.0,0.997809608347755,1.0,True
rs-secondary-causal-local,84000.0,1752,1752,1.0,0.9978121033241266,0.9999999999999999,True
rs-secondary-causal-local,84500.0,1754,1754,1.0,0.997814592623135,0.9999999999999998,True
rs-secondary-causal-local,85000.0,1754,1754,1.0,0.997814592623135,0.9999999999999998,True
rs-secondary-causal-local,85500.0,1754,1754,1.0,0.997814592623135,0.9999999999999998,True
rs-secondary-causal-local,86000.0,1754,1754,1.0,0.997814592623135,0.9999999999999998,True
rs-secondary-causal-local,86500.0,1750,1750,1.0,0.997809608347755,1.0,True
rs-secondary-causal-local,87000.0,1750,1750,1.0,0.997809608347755,1.0,True
rs-secondary-causal-local,87500.0,1749,1749,1.0,0.9978083587244848,1.0,True
rs-secondary-causal-local,88000.0,1750,1750,1.0,0.997809608347755,1.0,True
rs-secondary-causal-local,88500.0,1749,1749,1.0,0.9978083587244848,1.0,True
rs-secondary-causal-local,89000.0,1749,1749,1.0,0.9978083587244848,1.0,True
rs-secondary-causal-local,89500.0,1749,1749,1.0,0.9978083587244848,1.0,True
rs-secondary-causal-local,90000.0,1749,1749,1.0,0.9978083587244848,1.0,True
rs-secondary-causal-local,90500.0,1748,1748,1.0,0.9978071076745751,1.0,True
rs-secondary-causal-local,91000.0,1750,1750,1.0,0.997809608347755,1.0,True
rs-secondary-causal-local,91500.0,1751,1751,1.0,0.9978108565468244,1.0,True
rs-secondary-causal-local,92000.0,1752,1752,1.0,0.9978121033241266,0.9999999999999999,True
rs-secondary-causal-local,92500.0,1753,1753,1.0,0.9978133486820894,0.9999999999999999,True
rs-secondary-causal-local,93000.0,1754,1754,1.0,0.997814592623135,0.9999999999999998,True
rs-secondary-causal-local,93500.0,1755,1755,1.0,0.9978158351496802,0.9999999999999998,True
rs-secondary-causal-local,94000.0,1754,1754,1.0,0.997814592623135,0.9999999999999998,True
rs-secondary-causal-local,94500.0,1744,1744,1.0,0.997802089159567,1.0,True
rs-secondary-causal-local,95000.0,1499,1499,1.0,0.9974437758443738,1.0,True
rs-secondary-causal-local,95500.0,1453,1453,1.0,0.9973630626692702,1.0,True
rs-secondary-causal-local,96000.0,1362,1362,1.0,0.997187375168541,1.0,True
rs-secondary-causal-local,96500.0,1338,1338,1.0,0.9971370689357074,0.9999999999999999,True
rs-secondary-causal-local,97000.0,1276,1276,1.0,0.9969983785493454,0.9999999999999999,True
rs-secondary-causal-local,97500.0,1243,1243,1.0,0.9969189350114722,1.0,True
rs-secondary-causal-local,98000.0,1195,1195,1.0,0.9967955733267848,1.0,True
rs-secondary-causal-local,98500.0,1134,1134,1.0,0.9966237831346647,1.0,True
rs-secondary-causal-local,99000.0,1039,1039,1.0,0.9963162190691279,0.9999999999999998,True
rs-secondary-causal-local,99500.0,688,688,1.0,0.9944472838869476,1.0,True
rs-secondary-causal-local,100000.0,615,615,1.0,0.9937922725298366,1.0,True
rs-secondary-causal-local,100500.0,583,583,1.0,0.9934537701485374,0.9999999999999999,True
rs-secondary-causal-local,101000.0,521,521,1.0,0.9926804582563578,1.0,True
rs-secondary-causal-local,101500.0,473,473,1.0,0.9919436559226376,1.0,True
rs-secondary-causal-local,102000.0,384,384,1.0,0.9900949253509681,1.0,True
rs-secondary-causal-local,102500.0,351,351,1.0,0.9891737609119111,1.0,True
rs-secondary-causal-local,103000.0,235,235,1.0,0.983915699777593,0.9999999999999999,True
rs-secondary-causal-majority,0.0,0,2006,0.0,1.0842021724855044e-19,0.0019113944103853753,True
rs-secondary-causal-majority,500.0,0,1774,0.0,0.0,0.0021608224264748894,True
rs-secondary-causal-majority,1000.0,0,1764,0.0,0.0,0.002173045367865537,True
rs-secondary-causal-majority,1500.0,0,1763,0.0,0.0,0.0021742752717617696,True
rs-secondary-causal-majority,2000.0,0,1764,0.0,0.0,0.002173045367865537,True
rs-secondary-causal-majority,2500.0,0,1766,0.0,0.0,0.002170589729611961,True
rs-secondary-causal-majority,3000.0,0,1770,0.0,0.0,0.0021656950654444004,True
rs-secondary-causal-majority,3500.0,0,1767,0.0,0.0,0.002169363990545512,True
rs-secondary-causal-majority,4000.0,1,1767,0.0005659309564233164,9.990512653865321e-05,0.0031988653563774917,True
rs-secondary-causal-majority,4500.0,4,1764,0.0022675736961451248,0.0008821433006376972,0.005816194378484686,True
rs-secondary-causal-majority,5000.0,7,1763,0.003970504821327283,0.0019246110627435848,0.008173407910773905,True
rs-secondary-causal-majority,5500.0,8,1764,0.0045351473922902496,0.002299776360830496,0.008923853629548732,True
rs-secondary-causal-majority,6000.0,8,1762,0.004540295119182747,0.002302388748338115,0.008933953174969164,True
rs-secondary-causal-majority,6500.0,10,1757,0.005691519635742743,0.0030944274947120876,0.010445461612860108,True
rs-secondary-causal-majority,7000.0,11,1758,0.006257110352673493,0.003497422787113939,0.011169957072687305,True
rs-secondary-causal-majority,7500.0,42,1759,0.023877202956225127,0.017712860813213462,0.03211668711667427,True
rs-secondary-causal-majority,8000.0,286,1760,0.1625,0.14600286119178804,0.1804672708200661,True
rs-secondary-causal-majority,8500.0,589,1761,0.33446905167518454,0.3128141266887026,0.35684461208989365,True
rs-secondary-causal-majority,9000.0,666,1759,0.3786242183058556,0.3562443426575065,0.4015331003073065,True
rs-secondary-causal-majority,9500.0,681,1757,0.3875924871940808,0.36507998789695617,0.41059546184253193,True
rs-secondary-causal-majority,10000.0,723,1758,0.4112627986348123,0.388478482814265,0.43443408775961645,True
rs-secondary-causal-majority,10500.0,745,1761,0.4230550823395798,0.4001720737824586,0.4462730689430982,True
rs-secondary-causal-majority,11000.0,757,1759,0.43035815804434335,0.4073959413301217,0.4536239029939513,True
rs-secondary-causal-majority,11500.0,924,1762,0.5244040862656073,0.5010575663843727,0.5476444236468964,True
rs-secondary-causal-majority,12000.0,1294,1760,0.7352272727272727,0.7141177583068655,0.7553121496848726,True
rs-secondary-causal-majority,12500.0,1559,1758,0.8868031854379977,0.8711411567033305,0.9007784074618024,True
rs-secondary-causal-majority,13000.0,1622,1758,0.9226393629124005,0.9092085974424315,0.9342270439909415,True
rs-secondary-causal-majority,13500.0,1658,1756,0.9441913439635535,0.9324528973372825,0.9539905189338183,True
rs-secondary-causal-majority,14000.0,1702,1754,0.9703534777651083,0.9613302185732174,0.9773209090369152,True
rs-secondary-causal-majority,14500.0,1725,1752,0.9845890410958904,0.9776703075761342,0.98938731311129,True
rs-secondary-causal-majority,15000.0,1734,1753,0.9891614375356532,0.9831332457104899,0.9930503783566998,True
rs-secondary-causal-majority,15500.0,1738,1753,0.9914432401597262,0.9859295548587858,0.9948076954431196,True
rs-secondary-causal-majority,16000.0,1743,1752,0.9948630136986302,0.9902655188230214,0.9972950902888713,True
rs-secondary-causal-majority,16500.0,1746,1754,0.9954389965792474,0.9910254190018328,0.9976871020808402,True
rs-secondary-causal-majority,17000.0,1748,1756,0.9954441913439636,0.9910356105603277,0.9976897383574383,True
rs-secondary-causal-majority,17500.0,1750,1755,0.9971509971509972,0.9933477756871589,0.9987824991482783,True
rs-secondary-causal-majority,18000.0,1750,1754,0.9977194982896237,0.9941507314419078,0.9991128254109962,True
rs-secondary-causal-majority,18500.0,1754,1758,0.9977246871444824,0.9941640061501064,0.9991148447976747,True
rs-secondary-causal-majority,19000.0,1755,1758,0.9982935153583617,0.9949945410086631,0.9994194857687726,True
rs-secondary-causal-majority,19500.0,1756,1758,0.9988623435722411,0.9958612379614326,0.9996879646456577,True
rs-secondary-causal-majority,20000.0,1755,1756,0.9994305239179955,0.9967811413458018,0.9998994690000383,True
rs-secondary-causal-majority,20500.0,1754,1755,0.9994301994301994,0.9967793113734478,0.9998994117133837,True
rs-secondary-causal-majority,21000.0,1755,1755,1.0,0.9978158351496802,0.9999999999999998,True
rs-secondary-causal-majority,21500.0,1753,1753,1.0,0.9978133486820894,0.9999999999999999,True
rs-secondary-causal-majority,22000.0,1752,1752,1.0,0.9978121033241266,0.9999999999999999,True
rs-secondary-causal-majority,22500.0,1751,1751,1.0,0.9978108565468244,1.0,True
rs-secondary-causal-majority,23000.0,1752,1752,1.0,0.9978121033241266,0.9999999999999999,True
rs-secondary-causal-majority,23500.0,1752,1752,1.0,0.9978121033241266,0.9999999999999999,True
rs-secondary-causal-majority,24000.0,1755,1755,1.0,0.9978158351496802,0.9999999999999998,True
rs-secondary-causal-majority,24500.0,1755,1755,1.0,0.9978158351496802,0.9999999999999998,True
rs-secondary-causal-majority,25000.0,1753,1753,1.0,0.9978133486820894,0.9999999999999999,True
rs-secondary-causal-majority,25500.0,1753,1753,1.0,0.9978133486820894,0.9999999999999999,True
rs-secondary-causal-majority,26000.0,1758,1758,1.0,0.9978195542663996,1.0,True
rs-secondary-causal-majority,26500.0,1753,1753,1.0,0.9978133486820894,0.9999999999999999,True
rs-secondary-causal-majority,27000.0,1753,1753,1.0,0.9978133486820894,0.9999999999999999,True
rs-secondary-causal-majority,27500.0,1756,1756,1.0,0.9978170762641365,1.0,True
rs-secondary-causal-majority,28000.0,1755,1755,1.0,0.9978158351496802,0.9999999999999998,True
rs-secondary-causal-majority,28500.0,1753,1753,1.0,0.9978133486820894,0.9999999999999999,True
rs-secondary-causal-majority,29000.0,1753,1753,1.0,0.9978133486820894,0.9999999999999999,True
rs-secondary-causal-majority,29500.0,1759,1759,1.0,0.9978207911590014,0.9999999999999998,True
rs-secondary-causal-majority,30000.0,1756,1756,1.0,0.9978170762641365,1.0,True
rs-secondary-causal-majority,30500.0,1757,1757,1.0,0.9978183159689094,1.0,True
rs-secondary-causal-majority,31000.0,1756,1756,1.0,0.9978170762641365,1.0,True
rs-secondary-causal-majority,31500.0,1761,1761,1.0,0.9978232607390941,1.0,True
rs-secondary-causal-majority,32000.0,1754,1754,1.0,0.997814592623135,0.9999999999999998,True
rs-secondary-causal-majority,32500.0,1753,1753,1.0,0.9978133486820894,0.9999999999999999,True
rs-secondary-causal-majority,33000.0,1754,1754,1.0,0.997814592623135,0.9999999999999998,True
rs-secondary-causal-majority,33500.0,1753,1753,1.0,0.9978133486820894,0.9999999999999999,True
rs-secondary-causal-majority,34000.0,1754,1754,1.0,0.997814592623135,0.9999999999999998,True
rs-secondary-causal-majority,34500.0,1753,1753,1.0,0.9978133486820894,0.9999999999999999,True
rs-secondary-causal-majority,35000.0,1753,1753,1.0,0.9978133486820894,0.9999999999999999,True
rs-secondary-causal-majority,35500.0,1756,1756,1.0,0.9978170762641365,1.0,True
rs-secondary-causal-majority,36000.0,1753,1753,1.0,0.9978133486820894,0.9999999999999999,True
rs-secondary-causal-majority,36500.0,1753,1753,1.0,0.9978133486820894,0.9999999999999999,True
rs-secondary-causal-majority,37000.0,1753,1753,1.0,0.9978133486820894,0.9999999999999999,True
rs-secondary-causal-majority,37500.0,1751,1751,1.0,0.9978108565468244,1.0,True
rs-secondary-causal-majority,38000.0,1753,1753,1.0,0.9978133486820894,0.9999999999999999,True
rs-secondary-causal-majority,38500.0,1750,1750,1.0,0.997809608347755,1.0,True
rs-secondary-causal-majority,39000.0,1755,1755,1.0,0.9978158351496802,0.9999999999999998,True
rs-secondary-causal-majority,39500.0,1752,1752,1.0,0.9978121033241266,0.9999999999999999,True
rs-secondary-causal-majority,40000.0,1754,1754,1.0,0.997814592623135,0.9999999999999998,True
rs-secondary-causal-majority,40500.0,1752,1752,1.0,0.9978121033241266,0.9999999999999999,True
rs-secondary-causal-majority,41000.0,1754,1754,1.0,0.997814592623135,0.9999999999999998,True
rs-secondary-causal-majority,41500.0,1751,1751,1.0,0.9978108565468244,1.0,True
rs-secondary-causal-majority,42000.0,1753,1753,1.0,0.9978133486820894,0.9999999999999999,True
rs-secondary-causal-majority,42500.0,1752,1752,1.0,0.9978121033241266,0.9999999999999999,True
rs-secondary-causal-majority,43000.0,1753,1753,1.0,0.9978133486820894,0.9999999999999999,True
rs-secondary-causal-majority,43500.0,1756,1756,1.0,0.9978170762641365,1.0,True
rs-secondary-causal-majority,44000.0,1753,1753,1.0,0.9978133486820894,0.9999999999999999,True
rs-secondary-causal-majority,44500.0,1753,1753,1.0,0.9978133486820894,0.9999999999999999,True
rs-secondary-causal-majority,45000.0,1754,1754,1.0,0.997814592623135,0.9999999999999998,True
rs-secondary-causal-majority,45500.0,1753,1753,1.0,0.9978133486820894,0.9999999999999999,True
rs-secondary-causal-majority,46000.0,1754,1754,1.0,0.997814592623135,0.9999999999999998,True
rs-secondary-causal-majority,46500.0,1754,1754,1.0,0.997814592623135,0.9999999999999998,True
rs-secondary-causal-majority,47000.0,1753,1753,1.0,0.9978133486820894,0.9999999999999999,True
rs-secondary-causal-majority,47500.0,1752,1752,1.0,0.9978121033241266,0.9999999999999999,True
rs-secondary-causal-majority,48000.0,1753,1753,1.0,0.9978133486820894,0.9999999999999999,True
rs-secondary-causal-majority,48500.0,1752,1752,1.0,0.9978121033241266,0.9999999999999999,True
rs-secondary-causal-majority,49000.0,1752,1752,1.0,0.9978121033241266,0.9999999999999999,True
rs-secondary-causal-majority,49500.0,1753,1753,1.0,0.9978133486820894,0.9999999999999999,True
rs-secondary-causal-majority,50000.0,1752,1752,1.0,0.9978121033241266,0.9999999999999999,True
rs-secondary-causal-majority,50500.0,1752,1752,1.0,0.9978121033241266,0.9999999999999999,True
rs-secondary-causal-majority,51000.0,1750,1750,1.0,0.997809608347755,1.0,True
rs-secondary-causal-majority,51500.0,1750,1750,1.0,0.997809608347755,1.0,True
rs-secondary-causal-majority,52000.0,1749,1749,1.0,0.9978083587244848,1.0,True
rs-secondary-causal-majority,52500.0,1750,1750,1.0,0.997809608347755,1.0,True
rs-secondary-causal-majority,53000.0,1751,1751,1.0,0.9978108565468244,1.0,True
rs-secondary-causal-majority,53500.0,1749,1749,1.0,0.9978083587244848,1.0,True
rs-secondary-causal-majority,54000.0,1749,1749,1.0,0.9978083587244848,1.0,True
rs-secondary-causal-majority,54500.0,1748,1748,1.0,0.9978071076745751,1.0,True
rs-secondary-causal-majority,55000.0,1748,1748,1.0,0.9978071076745751,1.0,True
rs-secondary-causal-majority,55500.0,1748,1748,1.0,0.9978071076745751,1.0,True
rs-secondary-causal-majority,56000.0,1750,1750,1.0,0.997809608347755,1.0,True
rs-secondary-causal-majority,56500.0,1750,1750,1.0,0.997809608347755,1.0,True
rs-secondary-causal-majority,57000.0,1749,1749,1.0,0.9978083587244848,1.0,True
rs-secondary-causal-majority,57500.0,1748,1748,1.0,0.9978071076745751,1.0,True
rs-secondary-causal-majority,58000.0,1749,1749,1.0,0.9978083587244848,1.0,True
rs-secondary-causal-majority,58500.0,1750,1750,1.0,0.997809608347755,1.0,True
rs-secondary-causal-majority,59000.0,1748,1748,1.0,0.9978071076745751,1.0,True
rs-secondary-causal-majority,59500.0,1748,1748,1.0,0.9978071076745751,1.0,True
rs-secondary-causal-majority,60000.0,1749,1749,1.0,0.9978083587244848,1.0,True
rs-secondary-causal-majority,60500.0,1749,1749,1.0,0.9978083587244848,1.0,True
rs-secondary-causal-majority,61000.0,1748,1748,1.0,0.9978071076745751,1.0,True
rs-secondary-causal-majority,61500.0,1748,1748,1.0,0.9978071076745751,1.0,True
rs-secondary-causal-majority,62000.0,1748,1748,1.0,0.9978071076745751,1.0,True
rs-secondary-causal-majority,62500.0,1749,1749,1.0,0.9978083587244848,1.0,True
rs-secondary-causal-majority,63000.0,1749,1749,1.0,0.9978083587244848,1.0,True
rs-secondary-causal-majority,63500.0,1755,1755,1.0,0.9978158351496802,0.9999999999999998,True
rs-secondary-causal-majority,64000.0,1754,1754,1.0,0.997814592623135,0.9999999999999998,True
rs-secondary-causal-majority,64500.0,1758,1758,1.0,0.9978195542663996,1.0,True
rs-secondary-causal-majority,65000.0,1756,1756,1.0,0.9978170762641365,1.0,True
rs-secondary-causal-majority,65500.0,1758,1758,1.0,0.9978195542663996,1.0,True
rs-secondary-causal-majority,66000.0,1756,1756,1.0,0.9978170762641365,1.0,True
rs-secondary-causal-majority,66500.0,1758,1758,1.0,0.9978195542663996,1.0,True
rs-secondary-causal-majority,67000.0,1758,1758,1.0,0.9978195542663996,1.0,True
rs-secondary-causal-majority,67500.0,1758,1758,1.0,0.9978195542663996,1.0,True
rs-secondary-causal-majority,68000.0,1759,1759,1.0,0.9978207911590014,0.9999999999999998,True
rs-secondary-causal-majority,68500.0,1757,1757,1.0,0.9978183159689094,1.0,True
rs-secondary-causal-majority,69000.0,1755,1755,1.0,0.9978158351496802,0.9999999999999998,True
rs-secondary-causal-majority,69500.0,1756,1756,1.0,0.9978170762641365,1.0,True
rs-secondary-causal-majority,70000.0,1755,1755,1.0,0.9978158351496802,0.9999999999999998,True
rs-secondary-causal-majority,70500.0,1756,1756,1.0,0.9978170762641365,1.0,True
rs-secondary-causal-majority,71000.0,1753,1753,1.0,0.9978133486820894,0.9999999999999999,True
rs-secondary-causal-majority,71500.0,1752,1752,1.0,0.9978121033241266,0.9999999999999999,True
rs-secondary-causal-majority,72000.0,1755,1755,1.0,0.9978158351496802,0.9999999999999998,True
rs-secondary-causal-majority,72500.0,1754,1754,1.0,0.997814592623135,0.9999999999999998,True
rs-secondary-causal-majority,73000.0,1754,1754,1.0,0.997814592623135,0.9999999999999998,True
rs-secondary-causal-majority,73500.0,1752,1752,1.0,0.9978121033241266,0.9999999999999999,True
rs-secondary-causal-majority,74000.0,1754,1754,1.0,0.997814592623135,0.9999999999999998,True
rs-secondary-causal-majority,74500.0,1753,1753,1.0,0.9978133486820894,0.9999999999999999,True
rs-secondary-causal-majority,75000.0,1755,1755,1.0,0.9978158351496802,0.9999999999999998,True
rs-secondary-causal-majority,75500.0,1756,1756,1.0,0.9978170762641365,1.0,True
rs-secondary-causal-majority,76000.0,1756,1756,1.0,0.9978170762641365,1.0,True
rs-secondary-causal-majority,76500.0,1756,1756,1.0,0.9978170762641365,1.0,True
rs-secondary-causal-majority,77000.0,1757,1757,1.0,0.9978183159689094,1.0,True
rs-secondary-causal-majority,77500.0,1758,1758,1.0,0.9978195542663996,1.0,True
rs-secondary-causal-majority,78000.0,1759,1759,1.0,0.9978207911590014,0.9999999999999998,True
rs-secondary-causal-majority,78500.0,1758,1758,1.0,0.9978195542663996,1.0,True
rs-secondary-causal-majority,79000.0,1759,1759,1.0,0.9978207911590014,0.9999999999999998,True
rs-secondary-causal-majority,79500.0,1761,1761,1.0,0.9978232607390941,1.0,True
rs-secondary-causal-majority,80000.0,1763,1763,1.0,0.9978257247282382,0.9999999999999999,True
rs-secondary-causal-majority,80500.0,1764,1764,1.0,0.9978269546321344,0.9999999999999999,True
rs-secondary-causal-majority,81000.0,1764,1764,1.0,0.9978269546321344,0.9999999999999999,True
rs-secondary-causal-majority,81500.0,1762,1762,1.0,0.9978244934313475,1.0,True
rs-secondary-causal-majority,82000.0,1764,1764,1.0,0.9978269546321344,0.9999999999999999,True
rs-secondary-causal-majority,82500.0,1760,1760,1.0,0.9978220266491049,1.0,True
rs-secondary-causal-majority,83000.0,1760,1760,1.0,0.9978220266491049,1.0,True
rs-secondary-causal-majority,83500.0,1759,1759,1.0,0.9978207911590014,0.9999999999999998,True
rs-secondary-causal-majority,84000.0,1759,1759,1.0,0.9978207911590014,0.9999999999999998,True
rs-secondary-causal-majority,84500.0,1755,1755,1.0,0.9978158351496802,0.9999999999999998,True
rs-secondary-causal-majority,85000.0,1754,1754,1.0,0.997814592623135,0.9999999999999998,True
rs-secondary-causal-majority,85500.0,1756,1756,1.0,0.9978170762641365,1.0,True
rs-secondary-causal-majority,86000.0,1759,1759,1.0,0.9978207911590014,0.9999999999999998,True
rs-secondary-causal-majority,86500.0,1756,1756,1.0,0.9978170762641365,1.0,True
rs-secondary-causal-majority,87000.0,1756,1756,1.0,0.9978170762641365,1.0,True
rs-secondary-causal-majority,87500.0,1755,1755,1.0,0.9978158351496802,0.9999999999999998,True
rs-secondary-causal-majority,88000.0,1756,1756,1.0,0.9978170762641365,1.0,True
rs-secondary-causal-majority,88500.0,1758,1758,1.0,0.9978195542663996,1.0,True
rs-secondary-causal-majority,89000.0,1759,1759,1.0,0.9978207911590014,0.9999999999999998,True
rs-secondary-causal-majority,89500.0,1757,1757,1.0,0.9978183159689094,1.0,True
rs-secondary-causal-majority,90000.0,1753,1753,1.0,0.9978133486820894,0.9999999999999999,True
rs-secondary-causal-majority,90500.0,1753,1753,1.0,0.9978133486820894,0.9999999999999999,True
rs-secondary-causal-majority,91000.0,1752,1752,1.0,0.9978121033241266,0.9999999999999999,True
rs-secondary-causal-majority,91500.0,1754,1754,1.0,0.997814592623135,0.9999999999999998,True
rs-secondary-causal-majority,92000.0,1752,1752,1.0,0.9978121033241266,0.9999999999999999,True
rs-secondary-causal-majority,92500.0,1755,1755,1.0,0.9978158351496802,0.9999999999999998,True
rs-secondary-causal-majority,93000.0,1754,1754,1.0,0.997814592623135,0.9999999999999998,True
rs-secondary-causal-majority,93500.0,1755,1755,1.0,0.9978158351496802,0.9999999999999998,True
rs-secondary-causal-majority,94000.0,1750,1750,1.0,0.997809608347755,1.0,True
rs-secondary-causal-majority,94500.0,1637,1637,1.0,0.9976587624302065,1.0,True
rs-secondary-causal-majority,95000.0,1597,1597,1.0,0.9976002622620501,1.0,True
rs-secondary-causal-majority,95500.0,1467,1467,1.0,0.9973881619883473,1.0,True
rs-secondary-causal-majority,96000.0,1433,1433,1.0,0.9973263580341771,1.0,True
rs-secondary-causal-majority,96500.0,1358,1358,1.0,0.997179113929256,1.0,True
rs-secondary-causal-majority,97000.0,1323,1323,1.0,0.9971047033798157,1.0,True
rs-secondary-causal-majority,97500.0,1262,1262,1.0,0.9969651811095479,1.0,True
rs-secondary-causal-majority,98000.0,1216,1216,1.0,0.9968507386532807,0.9999999999999999,True
rs-secondary-causal-majority,98500.0,1117,1117,1.0,0.9965725754647221,0.9999999999999998,True
rs-secondary-causal-majority,99000.0,1048,1048,1.0,0.9963477390512033,1.0,True
rs-secondary-causal-majority,99500.0,665,665,1.0,0.9942563381225092,1.0,True
rs-secondary-causal-majority,100000.0,607,607,1.0,0.9937109718787979,0.9999999999999999,True
rs-secondary-causal-majority,100500.0,527,527,1.0,0.9927631896219135,0.9999999999999999,True
rs-secondary-causal-majority,101000.0,487,487,1.0,0.9921734425118003,1.0,True
rs-secondary-causal-majority,101500.0,415,415,1.0,0.9908280361836075,1.0,True
rs-secondary-causal-majority,102000.0,367,367,1.0,0.9896408601408255,1.0,True
rs-secondary-causal-majority,102500.0,274,274,1.0,0.9861734167957571,1.0,True
rs-secondary-causal-majority,103000.0,179,179,1.0,0.9789894641044491,1.0,True
rs-secondary-local,0.0,1617,1805,0.8958448753462603,0.8809020244877498,0.9091063432985725,True
rs-secondary-local,500.0,1762,1763,0.9994327850255247,0.9967938931554354,0.9998998681868374,True
rs-secondary-local,1000.0,1761,1761,1.0,0.9978232607390941,1.0,True
rs-secondary-local,1500.0,1766,1766,1.0,0.9978294102703881,1.0,True
rs-secondary-local,2000.0,1766,1766,1.0,0.9978294102703881,1.0,True
rs-secondary-local,2500.0,1763,1763,1.0,0.9978257247282382,0.9999999999999999,True
rs-secondary-local,3000.0,1763,1763,1.0,0.9978257247282382,0.9999999999999999,True
rs-secondary-local,3500.0,1763,1763,1.0,0.9978257247282382,0.9999999999999999,True
rs-secondary-local,4000.0,1760,1760,1.0,0.9978220266491049,1.0,True
rs-secondary-local,4500.0,1762,1762,1.0,0.9978244934313475,1.0,True
rs-secondary-local,5000.0,1763,1763,1.0,0.9978257247282382,0.9999999999999999,True
rs-secondary-local,5500.0,1764,1764,1.0,0.9978269546321344,0.9999999999999999,True
rs-secondary-local,6000.0,1763,1763,1.0,0.9978257247282382,0.9999999999999999,True
rs-secondary-local,6500.0,1763,1763,1.0,0.9978257247282382,0.9999999999999999,True
rs-secondary-local,7000.0,1765,1765,1.0,0.9978281831453988,1.0,True
rs-secondary-local,7500.0,1765,1765,1.0,0.9978281831453988,1.0,True
rs-secondary-local,8000.0,1763,1763,1.0,0.9978257247282382,0.9999999999999999,True
rs-secondary-local,8500.0,1759,1759,1.0,0.9978207911590014,0.9999999999999998,True
rs-secondary-local,9000.0,1760,1760,1.0,0.9978220266491049,1.0,True
rs-secondary-local,9500.0,1759,1759,1.0,0.9978207911590014,0.9999999999999998,True
rs-secondary-local,10000.0,1758,1758,1.0,0.9978195542663996,1.0,True
rs-secondary-local,10500.0,1759,1759,1.0,0.9978207911590014,0.9999999999999998,True
rs-secondary-local,11000.0,1758,1758,1.0,0.9978195542663996,1.0,True
rs-secondary-local,11500.0,1758,1758,1.0,0.9978195542663996,1.0,True
rs-secondary-local,12000.0,1757,1757,1.0,0.9978183159689094,1.0,True
rs-secondary-local,12500.0,1760,1760,1.0,0.9978220266491049,1.0,True
rs-secondary-local,13000.0,1759,1759,1.0,0.9978207911590014,0.9999999999999998,True
rs-secondary-local,13500.0,1758,1758,1.0,0.9978195542663996,1.0,True
rs-secondary-local,14000.0,1759,1759,1.0,0.9978207911590014,0.9999999999999998,True
rs-secondary-local,14500.0,1760,1760,1.0,0.9978220266491049,1.0,True
rs-secondary-local,15000.0,1763,1763,1.0,0.9978257247282382,0.9999999999999999,True
rs-secondary-local,15500.0,1763,1763,1.0,0.9978257247282382,0.9999999999999999,True
rs-secondary-local,16000.0,1760,1760,1.0,0.9978220266491049,1.0,True
rs-secondary-local,16500.0,1762,1762,1.0,0.9978244934313475,1.0,True
rs-secondary-local,17000.0,1761,1761,1.0,0.9978232607390941,1.0,True
rs-secondary-local,17500.0,1763,1763,1.0,0.9978257247282382,0.9999999999999999,True
rs-secondary-local,18000.0,1762,1762,1.0,0.9978244934313475,1.0,True
rs-secondary-local,18500.0,1760,1760,1.0,0.9978220266491049,1.0,True
rs-secondary-local,19000.0,1760,1760,1.0,0.9978220266491049,1.0,True
rs-secondary-local,19500.0,1761,1761,1.0,0.9978232607390941,1.0,True
rs-secondary-local,20000.0,1762,1762,1.0,0.9978244934313475,1.0,True
rs-secondary-local,20500.0,1762,1762,1.0,0.9978244934313475,1.0,True
rs-secondary-local,21000.0,1761,1761,1.0,0.9978232607390941,1.0,True
rs-secondary-local,21500.0,1762,1762,1.0,0.9978244934313475,1.0,True
rs-secondary-local,22000.0,1763,1763,1.0,0.9978257247282382,0.9999999999999999,True
rs-secondary-local,22500.0,1761,1761,1.0,0.9978232607390941,1.0,True
rs-secondary-local,23000.0,1762,1762,1.0,0.9978244934313475,1.0,True
rs-secondary-local,23500.0,1760,1760,1.0,0.9978220266491049,1.0,True
rs-secondary-local,24000.0,1760,1760,1.0,0.9978220266491049,1.0,True
rs-secondary-local,24500.0,1759,1759,1.0,0.9978207911590014,0.9999999999999998,True
rs-secondary-local,25000.0,1757,1757,1.0,0.9978183159689094,1.0,True
rs-secondary-local,25500.0,1756,1756,1.0,0.9978170762641365,1.0,True
rs-secondary-local,26000.0,1756,1756,1.0,0.9978170762641365,1.0,True
rs-secondary-local,26500.0,1755,1755,1.0,0.9978158351496802,0.9999999999999998,True
rs-secondary-local,27000.0,1755,1755,1.0,0.9978158351496802,0.9999999999999998,True
rs-secondary-local,27500.0,1755,1755,1.0,0.9978158351496802,0.9999999999999998,True
rs-secondary-local,28000.0,1752,1752,1.0,0.9978121033241266,0.9999999999999999,True
rs-secondary-local,28500.0,1752,1752,1.0,0.9978121033241266,0.9999999999999999,True
rs-secondary-local,29000.0,1751,1751,1.0,0.9978108565468244,1.0,True
rs-secondary-local,29500.0,1752,1752,1.0,0.9978121033241266,0.9999999999999999,True
rs-secondary-local,30000.0,1751,1751,1.0,0.9978108565468244,1.0,True
rs-secondary-local,30500.0,1752,1752,1.0,0.9978121033241266,0.9999999999999999,True
rs-secondary-local,31000.0,1751,1751,1.0,0.9978108565468244,1.0,True
rs-secondary-local,31500.0,1751,1751,1.0,0.9978108565468244,1.0,True
rs-secondary-local,32000.0,1750,1750,1.0,0.997809608347755,1.0,True
rs-secondary-local,32500.0,1751,1751,1.0,0.9978108565468244,1.0,True
rs-secondary-local,33000.0,1750,1750,1.0,0.997809608347755,1.0,True
rs-secondary-local,33500.0,1749,1749,1.0,0.9978083587244848,1.0,True
rs-secondary-local,34000.0,1750,1750,1.0,0.997809608347755,1.0,True
rs-secondary-local,34500.0,1750,1750,1.0,0.997809608347755,1.0,True
rs-secondary-local,35000.0,1748,1748,1.0,0.9978071076745751,1.0,True
rs-secondary-local,35500.0,1750,1750,1.0,0.997809608347755,1.0,True
rs-secondary-local,36000.0,1752,1752,1.0,0.9978121033241266,0.9999999999999999,True
rs-secondary-local,36500.0,1750,1750,1.0,0.997809608347755,1.0,True
rs-secondary-local,37000.0,1751,1751,1.0,0.9978108565468244,1.0,True
rs-secondary-local,37500.0,1750,1750,1.0,0.997809608347755,1.0,True
rs-secondary-local,38000.0,1749,1749,1.0,0.9978083587244848,1.0,True
rs-secondary-local,38500.0,1753,1753,1.0,0.9978133486820894,0.9999999999999999,True
rs-secondary-local,39000.0,1753,1753,1.0,0.9978133486820894,0.9999999999999999,True
rs-secondary-local,39500.0,1746,1746,1.0,0.9978046012850535,1.0,True
rs-secondary-local,40000.0,1751,1751,1.0,0.9978108565468244,1.0,True
rs-secondary-local,40500.0,1753,1753,1.0,0.9978133486820894,0.9999999999999999,True
rs-secondary-local,41000.0,1751,1751,1.0,0.9978108565468244,1.0,True
rs-secondary-local,41500.0,1752,1752,1.0,0.9978121033241266,0.9999999999999999,True
rs-secondary-local,42000.0,1745,1745,1.0,0.9978033459405357,0.9999999999999999,True
rs-secondary-local,42500.0,1751,1751,1.0,0.9978108565468244,1.0,True
rs-secondary-local,43000.0,1745,1745,1.0,0.9978033459405357,0.9999999999999999,True
rs-secondary-local,43500.0,1753,1753,1.0,0.9978133486820894,0.9999999999999999,True
rs-secondary-local,44000.0,1749,1749,1.0,0.9978083587244848,1.0,True
rs-secondary-local,44500.0,1752,1752,1.0,0.9978121033241266,0.9999999999999999,True
rs-secondary-local,45000.0,1748,1748,1.0,0.9978071076745751,1.0,True
rs-secondary-local,45500.0,1748,1748,1.0,0.9978071076745751,1.0,True
rs-secondary-local,46000.0,1750,1750,1.0,0.997809608347755,1.0,True
rs-secondary-local,46500.0,1750,1750,1.0,0.997809608347755,1.0,True
rs-secondary-local,47000.0,1748,1748,1.0,0.9978071076745751,1.0,True
rs-secondary-local,47500.0,1754,1754,1.0,0.997814592623135,0.9999999999999998,True
rs-secondary-local,48000.0,1754,1754,1.0,0.997814592623135,0.9999999999999998,True
rs-secondary-local,48500.0,1754,1754,1.0,0.997814592623135,0.9999999999999998,True
rs-secondary-local,49000.0,1756,1756,1.0,0.9978170762641365,1.0,True
rs-secondary-local,49500.0,1757,1757,1.0,0.9978183159689094,1.0,True
rs-secondary-local,50000.0,1753,1753,1.0,0.9978133486820894,0.9999999999999999,True
rs-secondary-local,50500.0,1754,1754,1.0,0.997814592623135,0.9999999999999998,True
rs-secondary-local,51000.0,1753,1753,1.0,0.9978133486820894,0.9999999999999999,True
rs-secondary-local,51500.0,1753,1753,1.0,0.9978133486820894,0.9999999999999999,True
rs-secondary-local,52000.0,1758,1758,1.0,0.9978195542663996,1.0,True
rs-secondary-local,52500.0,1759,1759,1.0,0.9978207911590014,0.9999999999999998,True
rs-secondary-local,53000.0,1756,1756,1.0,0.9978170762641365,1.0,True
rs-secondary-local,53500.0,1756,1756,1.0,0.9978170762641365,1.0,True
rs-secondary-local,54000.0,1757,1757,1.0,0.9978183159689094,1.0,True
rs-secondary-local,54500.0,1757,1757,1.0,0.9978183159689094,1.0,True
rs-secondary-local,55000.0,1757,1757,1.0,0.9978183159689094,1.0,True
rs-secondary-local,55500.0,1757,1757,1.0,0.9978183159689094,1.0,True
rs-secondary-local,56000.0,1757,1757,1.0,0.9978183159689094,1.0,True
rs-secondary-local,56500.0,1757,1757,1.0,0.9978183159689094,1.0,True
rs-secondary-local,57000.0,1756,1756,1.0,0.9978170762641365,1.0,True
rs-secondary-local,57500.0,1753,1753,1.0,0.9978133486820894,0.9999999999999999,True
rs-secondary-local,58000.0,1754,1754,1.0,0.997814592623135,0.9999999999999998,True
rs-secondary-local,58500.0,1756,1756,1.0,0.9978170762641365,1.0,True
rs-secondary-local,59000.0,1752,1752,1.0,0.9978121033241266,0.9999999999999999,True
rs-secondary-local,59500.0,1752,1752,1.0,0.9978121033241266,0.9999999999999999,True
rs-secondary-local,60000.0,1753,1753,1.0,0.9978133486820894,0.9999999999999999,True
rs-secondary-local,60500.0,1751,1751,1.0,0.9978108565468244,1.0,True
rs-secondary-local,61000.0,1750,1750,1.0,0.997809608347755,1.0,True
rs-secondary-local,61500.0,1749,1749,1.0,0.9978083587244848,1.0,True
rs-secondary-local,62000.0,1747,1747,1.0,0.9978058551955814,1.0,True
rs-secondary-local,62500.0,1748,1748,1.0,0.9978071076745751,1.0,True
rs-secondary-local,63000.0,1750,1750,1.0,0.997809608347755,1.0,True
rs-secondary-local,63500.0,1749,1749,1.0,0.9978083587244848,1.0,True
rs-secondary-local,64000.0,1752,1752,1.0,0.9978121033241266,0.9999999999999999,True
rs-secondary-local,64500.0,1751,1751,1.0,0.9978108565468244,1.0,True
rs-secondary-local,65000.0,1753,1753,1.0,0.9978133486820894,0.9999999999999999,True
rs-secondary-local,65500.0,1750,1750,1.0,0.997809608347755,1.0,True
rs-secondary-local,66000.0,1749,1749,1.0,0.9978083587244848,1.0,True
rs-secondary-local,66500.0,1749,1749,1.0,0.9978083587244848,1.0,True
rs-secondary-local,67000.0,1749,1749,1.0,0.9978083587244848,1.0,True
rs-secondary-local,67500.0,1749,1749,1.0,0.9978083587244848,1.0,True
rs-secondary-local,68000.0,1749,1749,1.0,0.9978083587244848,1.0,True
rs-secondary-local,68500.0,1750,1750,1.0,0.997809608347755,1.0,True
rs-secondary-local,69000.0,1752,1752,1.0,0.9978121033241266,0.9999999999999999,True
rs-secondary-local,69500.0,1753,1753,1.0,0.9978133486820894,0.9999999999999999,True
rs-secondary-local,70000.0,1752,1752,1.0,0.9978121033241266,0.9999999999999999,True
rs-secondary-local,70500.0,1754,1754,1.0,0.997814592623135,0.9999999999999998,True
rs-secondary-local,71000.0,1751,1751,1.0,0.9978108565468244,1.0,True
rs-secondary-local,71500.0,1754,1754,1.0,0.997814592623135,0.9999999999999998,True
rs-secondary-local,72000.0,1751,1751,1.0,0.9978108565468244,1.0,True
rs-secondary-local,72500.0,1756,1756,1.0,0.9978170762641365,1.0,True
rs-secondary-local,73000.0,1757,1757,1.0,0.9978183159689094,1.0,True
rs-secondary-local,73500.0,1756,1756,1.0,0.9978170762641365,1.0,True
rs-secondary-local,74000.0,1757,1757,1.0,0.9978183159689094,1.0,True
rs-secondary-local,74500.0,1756,1756,1.0,0.9978170762641365,1.0,True
rs-secondary-local,75000.0,1755,1755,1.0,0.9978158351496802,0.9999999999999998,True
rs-secondary-local,75500.0,1757,1757,1.0,0.9978183159689094,1.0,True
rs-secondary-local,76000.0,1756,1756,1.0,0.9978170762641365,1.0,True
rs-secondary-local,76500.0,1757,1757,1.0,0.9978183159689094,1.0,True
rs-secondary-local,77000.0,1759,1759,1.0,0.9978207911590014,0.9999999999999998,True
rs-secondary-local,77500.0,1759,1759,1.0,0.9978207911590014,0.9999999999999998,True
rs-secondary-local,78000.0,1759,1759,1.0,0.9978207911590014,0.9999999999999998,True
rs-secondary-local,78500.0,1760,1760,1.0,0.9978220266491049,1.0,True
rs-secondary-local,79000.0,1757,1757,1.0,0.9978183159689094,1.0,True
rs-secondary-local,79500.0,1760,1760,1.0,0.9978220266491049,1.0,True
rs-secondary-local,80000.0,1759,1759,1.0,0.9978207911590014,0.9999999999999998,True
rs-secondary-local,80500.0,1761,1761,1.0,0.9978232607390941,1.0,True
rs-secondary-local,81000.0,1756,1756,1.0,0.9978170762641365,1.0,True
rs-secondary-local,81500.0,1757,1757,1.0,0.9978183159689094,1.0,True
rs-secondary-local,82000.0,1762,1762,1.0,0.9978244934313475,1.0,True
rs-secondary-local,82500.0,1761,1761,1.0,0.9978232607390941,1.0,True
rs-secondary-local,83000.0,1757,1757,1.0,0.9978183159689094,1.0,True
rs-secondary-local,83500.0,1760,1760,1.0,0.9978220266491049,1.0,True
rs-secondary-local,84000.0,1757,1757,1.0,0.9978183159689094,1.0,True
rs-secondary-local,84500.0,1757,1757,1.0,0.9978183159689094,1.0,True
rs-secondary-local,85000.0,1757,1757,1.0,0.9978183159689094,1.0,True
rs-secondary-local,85500.0,1757,1757,1.0,0.9978183159689094,1.0,True
rs-secondary-local,86000.0,1754,1754,1.0,0.997814592623135,0.9999999999999998,True
rs-secondary-local,86500.0,1755,1755,1.0,0.9978158351496802,0.9999999999999998,True
rs-secondary-local,87000.0,1755,1755,1.0,0.9978158351496802,0.9999999999999998,True
rs-secondary-local,87500.0,1755,1755,1.0,0.9978158351496802,0.9999999999999998,True
rs-secondary-local,88000.0,1753,1753,1.0,0.9978133486820894,0.9999999999999999,True
rs-secondary-local,88500.0,1754,1754,1.0,0.997814592623135,0.9999999999999998,True
rs-secondary-local,89000.0,1751,1751,1.0,0.9978108565468244,1.0,True
rs-secondary-local,89500.0,1750,1750,1.0,0.997809608347755,1.0,True
rs-secondary-local,90000.0,1750,1750,1.0,0.997809608347755,1.0,True
rs-secondary-local,90500.0,1750,1750,1.0,0.997809608347755,1.0,True
rs-secondary-local,91000.0,1749,1749,1.0,0.9978083587244848,1.0,True
rs-secondary-local,91500.0,1748,1748,1.0,0.9978071076745751,1.0,True
rs-secondary-local,92000.0,1748,1748,1.0,0.9978071076745751,1.0,True
rs-secondary-local,92500.0,1749,1749,1.0,0.9978083587244848,1.0,True
rs-secondary-local,93000.0,1747,1747,1.0,0.9978058551955814,1.0,True
rs-secondary-local,93500.0,1749,1749,1.0,0.9978083587244848,1.0,True
rs-secondary-local,94000.0,1750,1750,1.0,0.997809608347755,1.0,True
rs-secondary-local,94500.0,1737,1737,1.0,0.9977932512642161,1.0,True
rs-secondary-local,95000.0,1722,1722,1.0,0.9977740715022748,1.0,True
rs-secondary-local,95500.0,1495,1495,1.0,0.9974369539783257,1.0,True
rs-secondary-local,96000.0,1474,1474,1.0,0.9974005333183203,0.9999999999999999,True
rs-secondary-local,96500.0,1381,1381,1.0,0.9972259643268949,1.0,True
rs-secondary-local,97000.0,1355,1355,1.0,0.997172886081792,0.9999999999999999,True
rs-secondary-local,97500.0,1259,1259,1.0,0.9969579716094243,1.0,True
rs-secondary-local,98000.0,1229,1229,1.0,0.9968839468103606,0.9999999999999999,True
rs-secondary-local,98500.0,1127,1127,1.0,0.9966028840820853,1.0,True
rs-secondary-local,99000.0,1070,1070,1.0,0.9964225636257713,1.0,True
rs-secondary-local,99500.0,677,677,1.0,0.9943575715702447,0.9999999999999999,True
rs-secondary-local,100000.0,632,632,1.0,0.9939582436883652,1.0,True
rs-secondary-local,100500.0,525,525,1.0,0.9927358210851793,1.0,True
rs-secondary-local,101000.0,479,479,1.0,0.9920437675626956,1.0,True
rs-secondary-local,101500.0,378,378,1.0,0.9899392837239316,1.0,True
rs-secondary-local,102000.0,342,342,1.0,0.9888920245569071,1.0,True
rs-secondary-local,102500.0,240,240,1.0,0.9842455102000642,1.0,True
rs-secondary-local,103000.0,156,156,1.0,0.9759662065444789,0.9999999999999999,True
rs-secondary-majority,0.0,0,1824,0.0,0.0,0.002101713846539,True
rs-secondary-majority,500.0,0,1766,0.0,0.0,0.002170589729611961,True
rs-secondary-majority,1000.0,0,1762,0.0,0.0,0.00217550656865259,True
rs-secondary-majority,1500.0,0,1767,0.0,0.0,0.002169363990545512,True
rs-secondary-majority,2000.0,0,1767,0.0,0.0,0.002169363990545512,True
rs-secondary-majority,2500.0,0,1766,0.0,0.0,0.002170589729611961,True
rs-secondary-majority,3000.0,0,1766,0.0,0.0,0.002170589729611961,True
rs-secondary-majority,3500.0,0,1765,0.0,0.0,0.0021718168546013394,True
rs-secondary-majority,4000.0,3,1763,0.0017016449234259785,0.00057886737978318,0.004991298049873898,True
rs-secondary-majority,4500.0,11,1764,0.006235827664399093,0.0034855150078000954,0.011132084216021767,True
rs-secondary-majority,5000.0,12,1763,0.006806579693703914,0.003897893698088877,0.011859942205254125,True
rs-secondary-majority,5500.0,13,1760,0.007386363636363636,0.004321680435214493,0.012596845582087738,True
rs-secondary-majority,6000.0,13,1760,0.007386363636363636,0.004321680435214493,0.012596845582087738,True
rs-secondary-majority,6500.0,13,1763,0.00737379466817924,0.00431431811922028,0.012575481170087825,True
rs-secondary-majority,7000.0,13,1763,0.00737379466817924,0.00431431811922028,0.012575481170087825,True
rs-secondary-majority,7500.0,47,1766,0.026613816534541337,0.020072587509979787,0.035210099935043544,True
rs-secondary-majority,8000.0,319,1759,0.18135304150085277,0.1640469813656956,0.2000478981742472,True
rs-secondary-majority,8500.0,628,1761,0.35661555934128336,0.3345774924154452,0.37927784734989123,True
rs-secondary-majority,9000.0,667,1763,0.37833238797504254,0.35598160052733246,0.40121225318315284,True
rs-secondary-majority,9500.0,705,1764,0.39965986394557823,0.37704305806919963,0.4227127571576848,True
rs-secondary-majority,10000.0,733,1764,0.4155328798185941,0.3927427279474214,0.438690133458261,True
rs-secondary-majority,10500.0,769,1767,0.4352009054895303,0.4122492335798352,0.45843372304372726,True
rs-secondary-majority,11000.0,779,1762,0.44211123723041995,0.4190725001492486,0.46540184907890414,True
rs-secondary-majority,11500.0,948,1761,0.5383304940374787,0.5149877882845051,0.5615063288079296,True
rs-secondary-majority,12000.0,1301,1756,0.7408883826879271,0.7198847864155835,0.7608402970237442,True
rs-secondary-majority,12500.0,1580,1757,0.8992601024473534,0.8843035721375472,0.9124745139776376,True
rs-secondary-majority,13000.0,1630,1755,0.9287749287749287,0.9157817115353113,0.9398951157582891,True
rs-secondary-majority,13500.0,1668,1755,0.9504273504273504,0.9392516222435678,0.9596354634382809,True
rs-secondary-majority,14000.0,1710,1757,0.9732498577120091,0.9646104562612497,0.9798242958481961,True
rs-secondary-majority,14500.0,1752,1762,0.9943246311010215,0.989584087682567,0.9969143615554621,True
rs-secondary-majority,15000.0,1756,1761,0.997160704145372,0.9933703804581269,0.9987866493852313,True
rs-secondary-majority,15500.0,1756,1761,0.997160704145372,0.9933703804581269,0.9987866493852313,True
rs-secondary-majority,16000.0,1758,1761,0.9982964224872232,0.9950030471994773,0.9994204750021753,True
rs-secondary-majority,16500.0,1760,1761,0.9994321408290744,0.9967902601026266,0.9998997544573205,True
rs-secondary-majority,17000.0,1756,1757,0.9994308480364257,0.9967829692397822,0.9998995262214786,True
rs-secondary-majority,17500.0,1755,1756,0.9994305239179955,0.9967811413458018,0.9998994690000383,True
rs-secondary-majority,18000.0,1757,1757,1.0,0.9978183159689094,1.0,True
rs-secondary-majority,18500.0,1757,1757,1.0,0.9978183159689094,1.0,True
rs-secondary-majority,19000.0,1760,1760,1.0,0.9978220266491049,1.0,True
rs-secondary-majority,19500.0,1758,1758,1.0,0.9978195542663996,1.0,True
rs-secondary-majority,20000.0,1758,1758,1.0,0.9978195542663996,1.0,True
rs-secondary-majority,20500.0,1758,1758,1.0,0.9978195542663996,1.0,True
rs-secondary-majority,21000.0,1757,1757,1.0,0.9978183159689094,1.0,True
rs-secondary-majority,21500.0,1757,1757,1.0,0.9978183159689094,1.0,True
rs-secondary-majority,22000.0,1757,1757,1.0,0.9978183159689094,1.0,True
rs-secondary-majority,22500.0,1757,1757,1.0,0.9978183159689094,1.0,True
rs-secondary-majority,23000.0,1757,1757,1.0,0.9978183159689094,1.0,True
rs-secondary-majority,23500.0,1756,1756,1.0,0.9978170762641365,1.0,True
rs-secondary-majority,24000.0,1752,1752,1.0,0.9978121033241266,0.9999999999999999,True
rs-secondary-majority,24500.0,1755,1755,1.0,0.9978158351496802,0.9999999999999998,True
rs-secondary-majority,25000.0,1754,1754,1.0,0.997814592623135,0.9999999999999998,True
rs-secondary-majority,25500.0,1752,1752,1.0,0.9978121033241266,0.9999999999999999,True
rs-secondary-majority,26000.0,1750,1750,1.0,0.997809608347755,1.0,True
rs-secondary-majority,26500.0,1748,1748,1.0,0.9978071076745751,1.0,True
rs-secondary-majority,27000.0,1749,1749,1.0,0.9978083587244848,1.0,True
rs-secondary-majority,27500.0,1750,1750,1.0,0.997809608347755,1.0,True
rs-secondary-majority,28000.0,1752,1752,1.0,0.9978121033241266,0.9999999999999999,True
rs-secondary-majority,28500.0,1750,1750,1.0,0.997809608347755,1.0,True
rs-secondary-majority,29000.0,1749,1749,1.0,0.9978083587244848,1.0,True
rs-secondary-majority,29500.0,1747,1747,1.0,0.9978058551955814,1.0,True
rs-secondary-majority,30000.0,1748,1748,1.0,0.9978071076745751,1.0,True
rs-secondary-majority,30500.0,1748,1748,1.0,0.9978071076745751,1.0,True
rs-secondary-majority,31000.0,1747,1747,1.0,0.9978058551955814,1.0,True
rs-secondary-majority,31500.0,1748,1748,1.0,0.9978071076745751,1.0,True
rs-secondary-majority,32000.0,1748,1748,1.0,0.9978071076745751,1.0,True
rs-secondary-majority,32500.0,1749,1749,1.0,0.9978083587244848,1.0,True
rs-secondary-majority,33000.0,1750,1750,1.0,0.997809608347755,1.0,True
rs-secondary-majority,33500.0,1749,1749,1.0,0.9978083587244848,1.0,True
rs-secondary-majority,34000.0,1750,1750,1.0,0.997809608347755,1.0,True
rs-secondary-majority,34500.0,1750,1750,1.0,0.997809608347755,1.0,True
rs-secondary-majority,35000.0,1749,1749,1.0,0.9978083587244848,1.0,True
rs-secondary-majority,35500.0,1750,1750,1.0,0.997809608347755,1.0,True
rs-secondary-majority,36000.0,1747,1747,1.0,0.9978058551955814,1.0,True
rs-secondary-majority,36500.0,1746,1746,1.0,0.9978046012850535,1.0,True
rs-secondary-majority,37000.0,1749,1749,1.0,0.9978083587244848,1.0,True
rs-secondary-majority,37500.0,1746,1746,1.0,0.9978046012850535,1.0,True
rs-secondary-majority,38000.0,1747,1747,1.0,0.9978058551955814,1.0,True
rs-secondary-majority,38500.0,1748,1748,1.0,0.9978071076745751,1.0,True
rs-secondary-majority,39000.0,1749,1749,1.0,0.9978083587244848,1.0,True
rs-secondary-majority,39500.0,1748,1748,1.0,0.9978071076745751,1.0,True
rs-secondary-majority,40000.0,1752,1752,1.0,0.9978121033241266,0.9999999999999999,True
rs-secondary-majority,40500.0,1752,1752,1.0,0.9978121033241266,0.9999999999999999,True
rs-secondary-majority,41000.0,1752,1752,1.0,0.9978121033241266,0.9999999999999999,True
rs-secondary-majority,41500.0,1755,1755,1.0,0.9978158351496802,0.9999999999999998,True
rs-secondary-majority,42000.0,1756,1756,1.0,0.9978170762641365,1.0,True
rs-secondary-majority,42500.0,1758,1758,1.0,0.9978195542663996,1.0,True
rs-secondary-majority,43000.0,1757,1757,1.0,0.9978183159689094,1.0,True
rs-secondary-majority,43500.0,1757,1757,1.0,0.9978183159689094,1.0,True
rs-secondary-majority,44000.0,1754,1754,1.0,0.997814592623135,0.9999999999999998,True
rs-secondary-majority,44500.0,1755,1755,1.0,0.9978158351496802,0.9999999999999998,True
rs-secondary-majority,45000.0,1754,1754,1.0,0.997814592623135,0.9999999999999998,True
rs-secondary-majority,45500.0,1753,1753,1.0,0.9978133486820894,0.9999999999999999,True
rs-secondary-majority,46000.0,1753,1753,1.0,0.9978133486820894,0.9999999999999999,True
rs-secondary-majority,46500.0,1754,1754,1.0,0.997814592623135,0.9999999999999998,True
rs-secondary-majority,47000.0,1755,1755,1.0,0.9978158351496802,0.9999999999999998,True
rs-secondary-majority,47500.0,1751,1751,1.0,0.9978108565468244,1.0,True
rs-secondary-majority,48000.0,1752,1752,1.0,0.9978121033241266,0.9999999999999999,True
rs-secondary-majority,48500.0,1752,1752,1.0,0.9978121033241266,0.9999999999999999,True
rs-secondary-majority,49000.0,1756,1756,1.0,0.9978170762641365,1.0,True
rs-secondary-majority,49500.0,1754,1754,1.0,0.997814592623135,0.9999999999999998,True
rs-secondary-majority,50000.0,1755,1755,1.0,0.9978158351496802,0.9999999999999998,True
rs-secondary-majority,50500.0,1752,1752,1.0,0.9978121033241266,0.9999999999999999,True
rs-secondary-majority,51000.0,1754,1754,1.0,0.997814592623135,0.9999999999999998,True
rs-secondary-majority,51500.0,1753,1753,1.0,0.9978133486820894,0.9999999999999999,True
rs-secondary-majority,52000.0,1752,1752,1.0,0.9978121033241266,0.9999999999999999,True
rs-secondary-majority,52500.0,1753,1753,1.0,0.9978133486820894,0.9999999999999999,True
rs-secondary-majority,53000.0,1753,1753,1.0,0.9978133486820894,0.9999999999999999,True
rs-secondary-majority,53500.0,1753,1753,1.0,0.9978133486820894,0.9999999999999999,True
rs-secondary-majority,54000.0,1754,1754,1.0,0.997814592623135,0.9999999999999998,True
rs-secondary-majority,54500.0,1751,1751,1.0,0.9978108565468244,1.0,True
rs-secondary-majority,55000.0,1752,1752,1.0,0.9978121033241266,0.9999999999999999,True
rs-secondary-majority,55500.0,1751,1751,1.0,0.9978108565468244,1.0,True
rs-secondary-majority,56000.0,1750,1750,1.0,0.997809608347755,1.0,True
rs-secondary-majority,56500.0,1752,1752,1.0,0.9978121033241266,0.9999999999999999,True
rs-secondary-majority,57000.0,1750,1750,1.0,0.997809608347755,1.0,True
rs-secondary-majority,57500.0,1750,1750,1.0,0.997809608347755,1.0,True
rs-secondary-majority,58000.0,1751,1751,1.0,0.9978108565468244,1.0,True
rs-secondary-majority,58500.0,1751,1751,1.0,0.9978108565468244,1.0,True
rs-secondary-majority,59000.0,1752,1752,1.0,0.9978121033241266,0.9999999999999999,True
rs-secondary-majority,59500.0,1752,1752,1.0,0.9978121033241266,0.9999999999999999,True
rs-secondary-majority,60000.0,1754,1754,1.0,0.997814592623135,0.9999999999999998,True
rs-secondary-majority,60500.0,1756,1756,1.0,0.9978170762641365,1.0,True
rs-secondary-majority,61000.0,1760,1760,1.0,0.9978220266491049,1.0,True
rs-secondary-majority,61500.0,1762,1762,1.0,0.9978244934313475,1.0,True
rs-secondary-majority,62000.0,1763,1763,1.0,0.9978257247282382,0.9999999999999999,True
rs-secondary-majority,62500.0,1759,1759,1.0,0.9978207911590014,0.9999999999999998,True
rs-secondary-majority,63000.0,1760,1760,1.0,0.9978220266491049,1.0,True
rs-secondary-majority,63500.0,1758,1758,1.0,0.9978195542663996,1.0,True
rs-secondary-majority,64000.0,1755,1755,1.0,0.9978158351496802,0.9999999999999998,True
rs-secondary-majority,64500.0,1752,1752,1.0,0.9978121033241266,0.9999999999999999,True
rs-secondary-majority,65000.0,1757,1757,1.0,0.9978183159689094,1.0,True
rs-secondary-majority,65500.0,1754,1754,1.0,0.997814592623135,0.9999999999999998,True
rs-secondary-majority,66000.0,1754,1754,1.0,0.997814592623135,0.9999999999999998,True
rs-secondary-majority,66500.0,1761,1761,1.0,0.9978232607390941,1.0,True
rs-secondary-majority,67000.0,1758,1758,1.0,0.9978195542663996,1.0,True
rs-secondary-majority,67500.0,1754,1754,1.0,0.997814592623135,0.9999999999999998,True
rs-secondary-majority,68000.0,1758,1758,1.0,0.9978195542663996,1.0,True
rs-secondary-majority,68500.0,1757,1757,1.0,0.9978183159689094,1.0,True
rs-secondary-majority,69000.0,1758,1758,1.0,0.9978195542663996,1.0,True
rs-secondary-majority,69500.0,1755,1755,1.0,0.9978158351496802,0.9999999999999998,True
rs-secondary-majority,70000.0,1757,1757,1.0,0.9978183159689094,1.0,True
rs-secondary-majority,70500.0,1759,1759,1.0,0.9978207911590014,0.9999999999999998,True
rs-secondary-majority,71000.0,1754,1754,1.0,0.997814592623135,0.9999999999999998,True
rs-secondary-majority,71500.0,1755,1755,1.0,0.9978158351496802,0.9999999999999998,True
rs-secondary-majority,72000.0,1760,1760,1.0,0.9978220266491049,1.0,True
rs-secondary-majority,72500.0,1767,1767,1.0,0.9978306360094543,0.9999999999999999,True
rs-secondary-majority,73000.0,1758,1758,1.0,0.9978195542663996,1.0,True
rs-secondary-majority,73500.0,1760,1760,1.0,0.9978220266491049,1.0,True
rs-secondary-majority,74000.0,1759,1759,1.0,0.9978207911590014,0.9999999999999998,True
rs-secondary-majority,74500.0,1760,1760,1.0,0.9978220266491049,1.0,True
rs-secondary-majority,75000.0,1762,1762,1.0,0.9978244934313475,1.0,True
rs-secondary-majority,75500.0,1758,1758,1.0,0.9978195542663996,1.0,True
rs-secondary-majority,76000.0,1764,1764,1.0,0.9978269546321344,0.9999999999999999,True
rs-secondary-majority,76500.0,1758,1758,1.0,0.9978195542663996,1.0,True
rs-secondary-majority,77000.0,1756,1756,1.0,0.9978170762641365,1.0,True
rs-secondary-majority,77500.0,1757,1757,1.0,0.9978183159689094,1.0,True
rs-secondary-majority,78000.0,1754,1754,1.0,0.997814592623135,0.9999999999999998,True
rs-secondary-majority,78500.0,1757,1757,1.0,0.9978183159689094,1.0,True
rs-secondary-majority,79000.0,1755,1755,1.0,0.9978158351496802,0.9999999999999998,True
rs-secondary-majority,79500.0,1755,1755,1.0,0.9978158351496802,0.9999999999999998,True
rs-secondary-majority,80000.0,1752,1752,1.0,0.9978121033241266,0.9999999999999999,True
rs-secondary-majority,80500.0,1753,1753,1.0,0.9978133486820894,0.9999999999999999,True
rs-secondary-majority,81000.0,1752,1752,1.0,0.9978121033241266,0.9999999999999999,True
rs-secondary-majority,81500.0,1750,1750,1.0,0.997809608347755,1.0,True
rs-secondary-majority,82000.0,1752,1752,1.0,0.9978121033241266,0.9999999999999999,True
rs-secondary-majority,82500.0,1750,1750,1.0,0.997809608347755,1.0,True
rs-secondary-majority,83000.0,1753,1753,1.0,0.9978133486820894,0.9999999999999999,True
rs-secondary-majority,83500.0,1753,1753,1.0,0.9978133486820894,0.9999999999999999,True
rs-secondary-majority,84000.0,1751,1751,1.0,0.9978108565468244,1.0,True
rs-secondary-majority,84500.0,1751,1751,1.0,0.9978108565468244,1.0,True
rs-secondary-majority,85000.0,1752,1752,1.0,0.9978121033241266,0.9999999999999999,True
rs-secondary-majority,85500.0,1751,1751,1.0,0.9978108565468244,1.0,True
rs-secondary-majority,86000.0,1751,1751,1.0,0.9978108565468244,1.0,True
rs-secondary-majority,86500.0,1751,1751,1.0,0.9978108565468244,1.0,True
rs-secondary-majority,87000.0,1749,1749,1.0,0.9978083587244848,1.0,True
rs-secondary-majority,87500.0,1751,1751,1.0,0.9978108565468244,1.0,True
rs-secondary-majority,88000.0,1752,1752,1.0,0.9978121033241266,0.9999999999999999,True
rs-secondary-majority,88500.0,1750,1750,1.0,0.997809608347755,1.0,True
rs-secondary-majority,89000.0,1750,1750,1.0,0.997809608347755,1.0,True
rs-secondary-majority,89500.0,1751,1751,1.0,0.9978108565468244,1.0,True
rs-secondary-majority,90000.0,1750,1750,1.0,0.997809608347755,1.0,True
rs-secondary-majority,90500.0,1751,1751,1.0,0.9978108565468244,1.0,True
rs-secondary-majority,91000.0,1752,1752,1.0,0.9978121033241266,0.9999999999999999,True
rs-secondary-majority,91500.0,1750,1750,1.0,0.997809608347755,1.0,True
rs-secondary-majority,92000.0,1752,1752,1.0,0.9978121033241266,0.9999999999999999,True
rs-secondary-majority,92500.0,1751,1751,1.0,0.9978108565468244,1.0,True
rs-secondary-majority,93000.0,1750,1750,1.0,0.997809608347755,1.0,True
rs-secondary-majority,93500.0,1751,1751,1.0,0.9978108565468244,1.0,True
rs-secondary-majority,94000.0,1751,1751,1.0,0.9978108565468244,1.0,True
rs-secondary-majority,94500.0,1739,1739,1.0,0.9977957836214146,1.0,True
rs-secondary-majority,95000.0,1716,1716,1.0,0.997766305920266,0.9999999999999999,True
rs-secondary-majority,95500.0,1469,1469,1.0,0.9973917086535307,1.0,True
rs-secondary-majority,96000.0,1441,1441,1.0,0.9973411618270127,1.0,True
rs-secondary-majority,96500.0,1346,1346,1.0,0.9971540364439798,1.0,True
rs-secondary-majority,97000.0,1318,1318,1.0,0.9970937516265186,1.0,True
rs-secondary-majority,97500.0,1242,1242,1.0,0.996916461932239,0.9999999999999998,True
rs-secondary-majority,98000.0,1201,1201,1.0,0.9968115310759524,1.0,True
rs-secondary-majority,98500.0,1121,1121,1.0,0.9965847635791563,0.9999999999999998,True
rs-secondary-majority,99000.0,1072,1072,1.0,0.9964292141147918,1.0,True
rs-secondary-majority,99500.0,658,658,1.0,0.9941955900021999,1.0,True
rs-secondary-majority,100000.0,625,625,1.0,0.9938909894001924,1.0,True
rs-secondary-majority,100500.0,548,548,1.0,0.9930385820858737,0.9999999999999999,True
rs-secondary-majority,101000.0,502,502,1.0,0.9924055277383274,0.9999999999999999,True
rs-secondary-majority,101500.0,421,421,1.0,0.990957571009995,0.9999999999999999,True
rs-secondary-majority,102000.0,385,385,1.0,0.9901203986404745,0.9999999999999998,True
rs-secondary-majority,102500.0,300,300,1.0,0.9873565700022643,0.9999999999999999,True
rs-secondary-majority,103000.0,218,218,1.0,0.9826831396816468,1.0,True
